year,city,HWF,HWN,HWD,HWA,HWM,T95
2020,"Aracaju, Brazil",28.28525406176975,4.436749129396594,6.446811295510791,3.6692769140795436,18.565556032610463,30.242831972541424
2021,"Aracaju, Brazil",26.988892857830017,4.232299066536062,4.877721647683131,4.97406451455071,21.86204819224299,29.469543488358052
2022,"Aracaju, Brazil",19.772659257029247,2.3143185398354076,4.908293652683764,4.3089967107289215,17.311037044931876,29.582345469243435
2023,"Aracaju, Brazil",26.423051121699658,1.1530310280130691,7.446123542450562,2.7569084779356854,16.081439287841988,31.71913411317927
2024,"Aracaju, Brazil",39.675740277496566,6.124289499760394,4.313542344296208,5.33132053757268,19.282532048264006,30.215025501026503
