date,tmin,tmax,tavg
2003-01-01,24.58507333908542,32.364969801553066,28.475021570319242
2003-01-02,23.86013805004314,28.41156169111303,26.135849870578085
2003-01-03,24.299741156169112,31.83520276100086,28.06747195858499
2003-01-04,24.296376186367556,32.50103537532355,28.398705780845553
2003-01-05,23.517083692838654,32.74564279551337,28.13136324417601
2003-01-06,24.298878343399483,33.611389128559104,28.955133735979295
2003-01-07,24.013546160483177,32.62752372735117,28.320534943917174
2003-01-08,24.63244176013805,30.46272648835203,27.54758412424504
2003-01-09,24.126402070750647,33.25409836065574,28.690250215703195
2003-01-10,24.872648835202764,32.298188093183775,28.585418464193268
2003-01-11,23.99784296807593,33.343572044866264,28.670707506471096
2003-01-12,24.665056082830024,31.31846419327006,27.99176013805004
2003-01-13,24.414236410698877,37.50094909404659,30.957592752372733
2003-01-14,23.927696289905093,32.593442622950825,28.26056945642796
2003-01-15,24.256773080241587,32.02778257118205,28.14227782571182
2003-01-16,23.213805004314064,29.91932700603969,26.566566005176877
2003-01-17,24.40690250215703,29.615875754961177,27.011389128559102
2003-01-18,24.672131147540984,32.00854184641933,28.340336496980157
2003-01-19,24.406988783433995,32.6253666954271,28.516177739430546
2003-01-20,25.02916307161346,31.099396031061257,28.064279551337357
2003-01-21,24.066264020707507,32.01311475409836,28.039689387402934
2003-01-22,24.276013805004315,33.16013805004314,28.718075927523728
2003-01-23,25.711475409836066,32.85107851596204,29.28127696289905
2003-01-24,25.229594477998273,33.3962899050906,29.312942191544437
2003-01-25,25.232010353753235,33.194132873166524,29.21307161345988
2003-01-26,24.016134598792064,33.63416738567731,28.825150992234686
2003-01-27,23.02476272648835,32.65271786022433,27.838740293356338
2003-01-28,24.18153580672994,32.59102674719586,28.3862812769629
2003-01-29,24.791544434857638,32.106988783434,28.449266609145816
2003-01-30,24.53606557377049,31.268507333908538,27.902286453839515
2003-01-31,25.03002588438309,30.892838654012074,27.96143226919758
2003-02-01,24.386971527178602,30.873856773080238,27.63041415012942
2003-02-02,25.20983606557377,31.346591889559964,28.278213977566867
2003-02-03,24.712942191544435,32.15383951682485,28.433390854184644
2003-02-04,25.40025884383089,33.87247627264883,29.63636755823986
2003-02-05,25.029249352890425,33.16108714408973,29.095168248490076
2003-02-06,24.091285591026747,33.11035375323555,28.60081967213115
2003-02-07,24.85237273511648,33.77066436583261,29.311518550474545
2003-02-08,24.486108714408974,33.13321829163072,28.80966350301985
2003-02-09,24.571613459879206,33.538222605694564,29.054918032786887
2003-02-10,23.876358930112165,31.918723037100953,27.89754098360656
2003-02-11,23.574978429680762,32.264538395168245,27.919758412424503
2003-02-12,23.30802415875755,32.26376186367558,27.785893011216565
2003-02-13,24.203364969801555,32.952804141501296,28.578084555651426
2003-02-14,23.154788610871442,34.32528041415013,28.740034512510785
2003-02-15,25.816134598792065,32.98533218291631,29.400733390854185
2003-02-16,24.850388265746332,33.78723037100949,29.318809318377912
2003-02-17,23.599309749784297,32.65746333045729,28.128386540120793
2003-02-18,24.133822260569456,33.344779982743745,28.739301121656602
2003-02-19,24.250992234685075,31.43295944779983,27.84197584124245
2003-02-20,22.874288179465054,31.63546160483175,27.2548748921484
2003-02-21,24.05772217428818,32.60543572044866,28.33157894736842
2003-02-22,23.56695427092321,32.51699741156169,28.041975841242447
2003-02-23,24.8886108714409,31.748231233822256,28.318421052631578
2003-02-24,24.855823986195,32.33218291630716,28.59400345125108
2003-02-25,25.392148403796376,32.23011216566005,28.811130284728215
2003-02-26,24.101984469370148,32.2,28.150992234685077
2003-02-27,24.898360655737704,32.500345125107856,28.69935289042278
2003-02-28,24.515789473684208,32.81708369283865,28.66643658326143
2003-03-01,23.77817083692839,32.087144089732526,27.932657463330457
2003-03-02,24.66988783433995,33.11285591026748,28.891371872303715
2003-03-03,24.96246764452114,34.354357204486625,29.658412424503883
2003-03-04,24.162036238136324,33.305867126833476,28.7339516824849
2003-03-05,24.05893011216566,33.50120793787748,28.780069025021568
2003-03-06,23.697066436583263,34.002243313201035,28.84965487489215
2003-03-07,24.685849870578085,33.3732528041415,29.02955133735979
2003-03-08,24.5344262295082,33.14072476272649,28.837575496117346
2003-03-09,24.41009490940466,30.507247627264885,27.458671268334772
2003-03-10,24.192148403796377,32.40811044003451,28.300129421915443
2003-03-11,24.038740293356344,31.56151855047455,27.800129421915447
2003-03-12,24.287402933563417,32.837100949094044,28.562251941328732
2003-03-13,25.52407247627265,32.10483175150992,28.814452113891285
2003-03-14,25.23520276100086,33.31751509922347,29.276358930112167
2003-03-15,25.404745470232957,32.66824849007765,29.036496980155306
2003-03-16,24.459102674719585,31.780586712683345,28.119844693701467
2003-03-17,23.879551337359793,30.5374460742019,27.208498705780848
2003-03-18,23.57532355478861,30.834943917169973,27.20513373597929
2003-03-19,23.377221742881794,31.272821397756683,27.325021570319237
2003-03-20,24.128731665228646,28.638912855910267,26.383822260569456
2003-03-21,25.536151855047457,33.799568593615184,29.66786022433132
2003-03-22,25.648490077653147,27.733994823123382,26.691242450388266
2003-03-23,23.64469370146678,23.114581535806728,23.379637618636757
2003-03-24,19.08248490077653,27.49197584124245,23.287230371009493
2003-03-25,19.40914581535807,20.625452976704057,20.017299396031063
2003-03-26,19.25780845556514,31.99042277825712,25.62411561691113
2003-03-27,21.082484900776535,24.719930974978432,22.901207937877484
2003-03-28,23.516738567730805,31.38792062122519,27.452329594477998
2003-03-29,22.204659188955997,31.53951682484901,26.8720880069025
2003-03-30,24.42148403796376,32.052372735116485,28.23692838654012
2003-03-31,24.113805004314067,31.074892148403798,27.594348576358932
2003-04-02,22.3427955133736,31.939689387402932,27.141242450388265
2003-04-03,21.376962899050906,32.172044866264024,26.774503882657463
2003-04-04,21.869542709232096,32.79085418464193,27.33019844693701
2003-04-05,22.616479723899914,31.853494391716996,27.234987057808453
2003-04-06,24.38515962036238,33.5381363244176,28.96164797238999
2003-04-07,24.840983606557376,32.59016393442623,28.7155737704918
2003-04-08,24.970491803278687,32.05918895599655,28.51484037963762
2003-04-09,21.09965487489215,34.1,27.599827437446073
2003-04-10,21.27834339948231,31.98757549611734,26.632959447799827
2003-04-11,22.316566005176877,33.893011216566,28.104788610871438
2003-04-12,21.771268334771356,32.39818809318378,27.084728213977566
2003-04-13,23.371527178602243,31.487402933563416,27.42946505608283
2003-04-14,22.99344262295082,31.886108714408973,27.439775668679896
2003-04-15,24.41276962899051,30.401466781708365,27.407118205349438
2003-04-16,20.80034512510785,31.034167385677307,25.91725625539258
2003-04-17,21.340811044003452,30.15064710957722,25.745729076790337
2003-04-18,21.324762726488352,29.281363244176013,25.303062985332183
2003-04-19,21.28774805867127,31.331665228645385,26.309706643658327
2003-04-20,23.103710094909406,28.775668679896462,25.939689387402936
2003-04-21,21.789473684210527,29.544434857635892,25.66695427092321
2003-04-22,18.33623813632442,29.96427955133736,24.15025884383089
2003-04-23,21.61665228645384,30.414408973252808,26.015530629853323
2003-04-24,19.945383951682487,29.333735979292495,24.639559965487493
2003-04-25,21.88662640207075,29.33891285591027,25.61276962899051
2003-04-26,21.126574633304575,30.164624676445214,25.645599654874893
2003-04-27,21.37946505608283,30.306298533218293,25.84288179465056
2003-04-28,19.495081967213114,29.52683347713546,24.51095772217429
2003-04-29,21.12001725625539,30.91061259706644,26.015314926660913
2003-04-30,17.06755823986195,30.391544434857632,23.72955133735979
2003-05-01,21.16039689387403,31.705780845556514,26.43308886971527
2003-05-02,20.72795513373598,29.90500431406385,25.316479723899914
2003-05-03,23.758757549611737,33.720966350301985,28.73986194995686
2003-05-04,22.797238999137186,30.330716134598795,26.56397756686799
2003-05-05,22.015099223468507,30.582571182053492,26.298835202760998
2003-05-06,22.301380500431407,29.16315789473684,25.732269197584124
2003-05-07,21.37687661777394,29.907161345987923,25.64201898188093
2003-05-08,20.055478861087142,27.59257981018119,23.824029335634165
2003-05-09,21.434598792062122,28.336583261432267,24.885591026747193
2003-05-10,16.7,28.20629853321829,22.453149266609145
2003-05-11,19.37523727351165,28.33606557377049,23.85565142364107
2003-05-12,23.54322691975841,27.573339085418464,25.55828300258844
2003-05-13,21.396462467644522,27.11190681622088,24.254184641932703
2003-05-14,15.169197584124245,27.725798101811908,21.447497842968076
2003-05-15,20.5344262295082,28.13986194995686,24.33714408973253
2003-05-16,20.771268334771356,28.014236410698878,24.392752372735117
2003-05-17,20.261691113028473,27.71242450388266,23.987057808455567
2003-05-18,18.68955996548749,28.357635893011217,23.523597929249355
2003-05-19,17.518981880931836,29.154012079378774,23.336496980155303
2003-05-20,15.411561691113029,28.498101811906817,21.95483175150992
2003-05-21,19.126056945642794,28.771095772217425,23.94857635893011
2003-05-22,20.385504745470232,29.66695427092321,25.02622950819672
2003-05-23,20.753753235547883,30.391113028472823,25.572433132010353
2003-05-24,21.849007765314926,35.074633304572906,28.461820534943918
2003-05-25,23.827868852459016,32.878602243313196,28.353235547886108
2003-05-26,20.972562553925798,31.09344262295082,26.033002588438308
2003-05-27,20.786453839516824,30.278429680759274,25.53244176013805
2003-05-28,22.67704918032787,29.183433994823123,25.930241587575495
2003-05-29,22.26867989646247,28.181622088006904,25.22515099223469
2003-05-30,21.723123382226056,28.4548748921484,25.08899913718723
2003-05-31,20.08869715271786,27.92985332182916,24.00927523727351
2003-06-01,20.075668679896463,27.84469370146678,23.960181190681624
2003-06-02,19.93062985332183,28.513546160483173,24.222088006902503
2003-06-03,19.820966350301983,29.811647972389988,24.816307161345986
2003-06-04,20.288869715271787,31.19318377911993,25.74102674719586
2003-06-05,20.65150992234685,31.00862812769629,25.830069025021572
2003-06-06,21.29939603106126,30.864969801553062,26.08218291630716
2003-06-07,19.47290767903365,30.02312338222606,24.748015530629857
2003-06-08,20.418981880931838,28.26704055220017,24.343011216566005
2003-06-09,21.178170836928388,27.682916307161346,24.43054357204487
2003-06-10,20.05685936151855,28.676186367558238,24.366522864538396
2003-06-11,19.901121656600516,28.4190681622088,24.160094909404656
2003-06-12,20.068852459016394,27.52735116479724,23.798101811906818
2003-06-13,20.02191544434858,30.47299396031061,25.247454702329595
2003-06-14,20.200086281276963,30.32044866264021,25.260267471958585
2003-06-15,19.196031061259706,28.119240724762726,23.657635893011218
2003-06-16,19.421915444348578,30.243054357204485,24.83248490077653
2003-06-17,19.12312338222606,29.19283865401208,24.157981018119067
2003-06-18,18.590422778257118,29.65366695427092,24.12204486626402
2003-06-19,17.27808455565142,32.71777394305436,24.997929249352893
2003-06-20,19.10474547023296,29.17083692838654,24.13779119930975
2003-06-21,18.605780845556517,29.917083692838656,24.261432269197584
2003-06-22,19.92890422778257,29.04322691975841,24.48606557377049
2003-06-23,20.425452976704054,28.35427092320966,24.38986194995686
2003-06-24,21.6969801553063,28.519327006039692,25.108153580672997
2003-06-25,19.44141501294219,29.077135461604833,24.259275237273513
2003-06-26,19.098446937014668,29.776704055220016,24.43757549611734
2003-06-27,21.01164797238999,31.076617773943056,26.044132873166525
2003-06-28,19.446246764452116,30.92105263157895,25.183649698015532
2003-06-29,19.893701466781707,28.950560828300258,24.42213114754098
2003-06-30,19.41932700603969,29.02864538395168,24.223986194995685
2003-07-02,22.437618636755825,29.081708369283863,25.759663503019844
2003-07-03,22.63451251078516,28.82528041415013,25.729896462467643
2003-07-04,20.686108714408974,28.51156169111303,24.598835202761002
2003-07-05,19.448058671268335,29.50578084555651,24.47691975841242
2003-07-06,20.95685936151855,30.233563416738566,25.595211389128558
2003-07-07,17.104572907679035,31.425798101811907,24.26518550474547
2003-07-08,21.312165660051768,30.257981018119068,25.785073339085418
2003-07-09,20.736410698878345,31.56427955133736,26.150345125107854
2003-07-10,21.812165660051768,30.132614322691975,25.97238999137187
2003-07-11,19.7,33.98955996548749,26.844779982743745
2003-07-12,21.753666954270923,29.32148403796376,25.53757549611734
2003-07-13,19.947799827437446,29.742018981880932,24.84490940465919
2003-07-14,22.165056082830024,28.248835202761,25.20694564279551
2003-07-15,20.439516824849008,28.15772217428818,24.298619499568595
2003-07-16,18.444521138912858,29.587057808455565,24.01578947368421
2003-07-17,20.320276100086282,29.690422778257116,25.0053494391717
2003-07-18,23.960310612597066,29.238912855910268,26.599611734253667
2003-07-19,18.086022433132012,29.561087144089736,23.823554788610874
2003-07-20,18.2886108714409,28.869456427955132,23.579033649698015
2003-07-21,19.040552200172563,29.935461604831747,24.488006902502157
2003-07-22,20.918205349439173,30.587920621225194,25.753062985332186
2003-07-23,21.211820534943918,29.83839516824849,25.525107851596204
2003-07-24,20.406557377049182,29.53649698015531,24.971527178602244
2003-07-25,22.055306298533218,29.80146678170837,25.928386540120794
2003-07-26,19.080931837791198,30.770923209663504,24.925927523727353
2003-07-27,22.942622950819672,29.280586712683345,26.111604831751507
2003-07-28,20.51009490940466,28.762726488352026,24.636410698878343
2003-07-29,19.839689387402935,28.680069025021567,24.25987920621225
2003-07-30,20.22355478861087,29.823727351164795,25.02364106988783
2003-07-31,21.204314063848145,29.872303710094908,25.538308886971528
2003-08-01,22.29223468507334,28.827523727351164,25.55987920621225
2003-08-02,21.058239861949957,28.469887834339946,24.76406384814495
2003-08-03,21.820103537532354,28.76859361518551,25.29434857635893
2003-08-04,16.32122519413287,28.101294219154443,22.21125970664366
2003-08-05,18.95409836065574,30.585245901639347,24.769672131147544
2003-08-06,19.659706643658325,30.796893874029333,25.22830025884383
2003-08-07,17.148662640207075,30.9053494391717,24.02700603968939
2003-08-08,17.8351164797239,30.431320103537534,24.13321829163072
2003-08-09,22.83330457290768,29.243226919758413,26.038265746333046
2003-08-10,19.83520276100086,32.54245038826574,26.188826574633303
2003-08-11,22.549525452976706,29.74081104400345,26.14516824849008
2003-08-12,20.96427955133736,29.82717860224331,25.395729076790335
2003-08-13,22.63037100949094,28.49620362381363,25.563287316652286
2003-08-14,19.719240724762724,29.48006902502157,24.599654874892146
2003-08-15,21.51164797238999,29.71207937877481,25.6118636755824
2003-08-16,21.862899050905952,30.468938740293357,26.165918895599653
2003-08-17,23.154961173425367,31.390595340811043,27.272778257118205
2003-08-18,20.855220017256254,30.060224331320107,25.45772217428818
2003-08-19,20.80172562553926,28.14469370146678,24.47320966350302
2003-08-20,18.90215703192407,27.96427955133736,23.433218291630716
2003-08-21,17.462899050905953,28.49223468507334,22.977566867989644
2003-08-22,19.77463330457291,29.910094909404663,24.842364106988786
2003-08-23,18.660742018981882,30.379723899913717,24.5202329594478
2003-08-24,20.386885245901638,31.40319240724763,25.895038826574634
2003-08-25,21.24797238999137,30.1648835202761,25.706427955133734
2003-08-26,20.6572044866264,34.3130284728214,27.4851164797239
2003-08-27,21.925194132873166,31.573080241587572,26.749137187230367
2003-08-28,20.83364969801553,31.262640207075066,26.0481449525453
2003-08-29,22.197238999137188,30.43364969801553,26.315444348576357
2003-08-30,23.901639344262296,31.162899050905956,27.532269197584128
2003-08-31,20.87679033649698,32.52812769628991,26.702459016393444
2003-09-01,23.45409836065574,34.30707506471096,28.880586712683346
2003-09-02,25.11760138050043,32.56220880069025,28.83990509059534
2003-09-03,23.898964624676445,30.570491803278685,27.234728213977565
2003-09-04,22.07773943054357,29.623037100949094,25.850388265746332
2003-09-05,21.94141501294219,28.049611734253666,24.99551337359793
2003-09-06,18.991458153580673,27.484383088869716,23.237920621225193
2003-09-07,20.74081104400345,27.774201898188092,24.257506471095773
2003-09-08,21.903192407247627,28.195168248490077,25.049180327868854
2003-09-09,20.829767040552202,28.607333908541847,24.718550474547023
2003-09-10,22.07981018119068,30.656169111302848,26.367989646246762
2003-09-11,21.88006902502157,31.769111302847282,26.824590163934424
2003-09-12,23.05263157894737,33.01044003451251,28.03153580672994
2003-09-13,22.785073339085418,30.314150129421915,26.549611734253666
2003-09-14,21.840120793787747,38.98981880931837,30.41496980155306
2003-09-15,22.51164797238999,26.335030198446937,24.423339085418462
2003-09-16,21.435375323554787,27.693528904227783,24.564452113891285
2003-09-17,20.464969801553064,29.94641932700604,25.205694564279554
2003-09-18,21.99611734253667,26.915703192407246,24.455910267471957
2003-09-19,21.948490077653148,30.41656600517688,26.18252804141501
2003-09-20,22.931751509922346,28.303364969801553,25.61755823986195
2003-09-21,20.770060396893875,30.671527178602247,25.72079378774806
2003-09-22,22.729249352890424,30.19939603106126,26.46432269197584
2003-09-23,23.13037100949094,32.253062985332186,27.69171699741156
2003-09-24,21.774719585849873,31.57886108714409,26.676790336496982
2003-09-25,23.043313201035375,40.78248490077653,31.912899050905953
2003-09-26,23.08835202761001,36.85616911130285,29.97226056945643
2003-09-27,23.178429680759276,36.437100949094045,29.807765314926662
2003-09-28,22.801639344262295,34.895772217428814,28.848705780845556
2003-09-29,24.290250215703193,33.38438308886972,28.837316652286454
2003-10-01,22.99913718723037,32.709404659188955,27.85427092320966
2003-10-02,22.839257981018118,31.352459016393443,27.09585849870578
2003-10-03,22.99050905953408,30.54314063848145,26.766824849007765
2003-10-04,23.19974115616911,31.66807592752373,27.43390854184642
2003-10-05,22.985936151855046,31.783433994823124,27.384685073339085
2003-10-06,22.894736842105264,30.99784296807593,26.946289905090595
2003-10-07,23.516479723899913,32.814322691975846,28.16540120793788
2003-10-08,23.444176013805002,31.793356341673856,27.61876617773943
2003-10-09,22.838050043140637,32.16238136324417,27.500215703192403
2003-10-10,22.69991371872304,32.12459016393443,27.412251941328734
2003-10-11,22.33477135461605,28.911044003451252,25.622907679033652
2003-10-12,22.735375323554788,32.76755823986195,27.751466781708366
2003-10-13,23.452804141501293,28.870146678170837,26.161475409836065
2003-10-14,21.829335634167386,30.69775668679896,26.263546160483173
2003-10-15,22.03753235547886,28.750819672131144,25.394176013805
2003-10-16,19.30974978429681,31.257722174288176,25.283735979292494
2003-10-17,20.151682484900775,31.911389128559104,26.03153580672994
2003-10-18,20.428559102674722,30.448317515099223,25.438438308886973
2003-10-19,21.767385677308024,31.84270923209663,26.805047454702326
2003-10-20,22.97946505608283,32.676358930112166,27.827911993097498
2003-10-21,23.94909404659189,31.747282139775667,27.84818809318378
2003-10-22,23.066867989646248,32.09447799827437,27.58067299396031
2003-10-23,23.689128559102674,33.04262295081968,28.365875754961174
2003-10-24,23.530974978429683,29.98757549611734,26.759275237273513
2003-10-25,22.218550474547023,31.429335634167384,26.8239430543572
2003-10-26,23.22088006902502,29.495685936151855,26.358283002588436
2003-10-27,24.79137187230371,32.088869715271784,28.44012079378775
2003-10-28,21.635116479723898,33.94158757549612,27.78835202761001
2003-10-29,20.14521138912856,30.254788610871444,25.200000000000003
2003-10-30,23.611820534943917,33.65245901639344,28.63213977566868
2003-10-31,22.016997411561693,30.877825711820535,26.447411561691112
2003-11-01,20.74227782571182,34.84762726488352,27.79495254529767
2003-11-02,19.741846419327004,33.36384814495254,26.552847282139773
2003-11-03,22.905694564279553,35.83727351164797,29.37148403796376
2003-11-04,22.46764452113891,31.203796376186364,26.835720448662638
2003-11-05,21.79223468507334,30.17195858498706,25.9820966350302
2003-11-06,22.582312338222607,30.131924072476274,26.35711820534944
2003-11-07,20.92113891285591,29.38990509059534,25.155522001725625
2003-11-08,22.323986194995687,32.038999137187226,27.181492666091458
2003-11-09,22.529594477998273,30.665314926660912,26.597454702329593
2003-11-10,23.111475409836068,30.445729076790336,26.778602243313202
2003-11-11,23.4244176013805,31.794132873166525,27.609275237273515
2003-11-12,23.169197584124245,32.02761000862813,27.59840379637619
2003-11-13,23.571009490940465,32.25332182916307,27.91216566005177
2003-11-14,23.63321829163072,34.534685073339084,29.0839516824849
2003-11-15,24.285936151855047,32.00051768766178,28.143226919758412
2003-11-16,23.037100949094047,32.55168248490078,27.794391716997414
2003-11-17,22.82415875754961,31.55677308024159,27.1904659188956
2003-11-18,23.391371872303708,32.14538395168248,27.768377911993095
2003-11-19,21.961259706643656,36.936755823986196,29.449007765314924
2003-11-20,23.867471958584986,35.103796376186374,29.48563416738568
2003-11-21,22.484469370146677,35.19206212251941,28.838265746333043
2003-11-22,23.051164797239,31.502243313201035,27.276704055220016
2003-11-23,22.172389991371872,36.13899913718723,29.15569456427955
2003-11-24,23.051509922346852,32.67765314926661,27.86458153580673
2003-11-25,22.764452113891284,34.46807592752373,28.616264020707504
2003-11-26,22.993874029335636,37.272993960310615,30.133433994823125
2003-11-27,24.25565142364107,37.33917169974116,30.797411561691113
2003-11-28,22.205090595340813,33.53615185504746,27.870621225194135
2003-11-29,22.79870578084556,34.316393442622946,28.557549611734252
2003-11-30,23.129939603106127,32.97825711820535,28.054098360655736
2003-12-01,23.96609145815358,30.75340811044003,27.359749784296806
2003-12-02,23.260828300258844,30.890250215703194,27.07553925798102
2003-12-03,23.169197584124245,31.376790336496978,27.27299396031061
2003-12-04,21.348921484037966,30.469715271786022,25.909318377911994
2003-12-05,24.530198446937014,33.596548748921485,29.06337359792925
2003-12-06,24.686712683347714,34.22105263157894,29.45388265746333
2003-12-07,25.054529767040552,36.882571182053496,30.968550474547023
2003-12-08,23.514495254529766,33.68274374460742,28.598619499568592
2003-12-09,25.359879206212252,33.34003451251078,29.34995685936152
2003-12-10,25.289646246764452,33.477825711820536,29.383735979292496
2003-12-11,23.922088006902502,32.74943917169974,28.335763589301123
2003-12-12,24.433822260569457,33.507333908541845,28.97057808455565
2003-12-13,24.225194132873167,32.4578947368421,28.34154443485763
2003-12-14,24.82346850733391,32.04831751509922,28.435893011216564
2003-12-15,24.640293356341672,32.468421052631584,28.554357204486628
2003-12-16,24.119585849870578,33.821311475409836,28.97044866264021
2003-12-17,22.68964624676445,33.88757549611734,28.288610871440895
2003-12-18,24.55685936151855,33.616738567730806,29.086798964624677
2003-12-19,23.74495254529767,32.33494391716997,28.039948231233822
2003-12-20,21.731061259706642,31.897670405522003,26.81436583261432
2003-12-21,23.748748921484037,31.96764452113891,27.858196721311472
2003-12-22,23.363244176013804,33.94012079378775,28.651682484900775
2003-12-23,25.0006902502157,33.34659188955996,29.17364106988783
2003-12-24,24.41078515962036,32.699396031061255,28.555090595340808
2003-12-25,23.039430543572045,31.95030198446937,27.494866264020708
2003-12-26,25.393701466781707,31.35133735979292,28.372519413287314
2003-12-27,23.50120793787748,30.970923209663507,27.236065573770496
2003-12-28,23.533304572907678,33.138826574633306,28.33606557377049
2003-12-29,23.77730802415876,31.377221742881794,27.57726488352028
2003-12-31,22.341242450388265,31.658757549611735,27.0
2004-01-01,24.206735751295337,36.373834196891195,30.290284974093268
2004-01-02,23.994300518134715,34.409844559585494,29.202072538860104
2004-01-03,24.245077720207252,31.974265975820376,28.109671848013814
2004-01-04,22.74620034542314,31.006390328151987,26.876295336787564
2004-01-05,23.864939550949913,30.598100172711572,27.23151986183074
2004-01-06,24.316753022452502,31.174784110535406,27.745768566493954
2004-01-07,23.615544041450775,30.724870466321246,27.170207253886012
2004-01-08,24.055699481865286,31.390500863557858,27.723100172711572
2004-01-09,24.940932642487045,31.505613126079446,28.223272884283247
2004-01-10,22.914507772020727,31.942314335060445,27.428411053540586
2004-01-11,24.497668393782384,30.3059585492228,27.401813471502592
2004-01-12,24.27461139896373,32.097409326424874,28.186010362694304
2004-01-13,24.489896373056993,31.947927461139894,28.218911917098445
2004-01-14,24.919689119170986,30.871934369602762,27.895811744386876
2004-01-15,25.16986183074266,31.989550949913646,28.579706390328155
2004-01-16,25.49887737478411,32.94749568221071,29.223186528497408
2004-01-17,24.053454231433506,33.26977547495682,28.661614853195164
2004-01-18,24.015198618307426,31.788082901554404,27.901640759930913
2004-01-19,23.281088082901555,31.61364421416235,27.447366148531952
2004-01-20,22.523834196891194,30.78100172711572,26.652417962003454
2004-01-21,23.20587219343696,32.446545768566494,27.826208981001727
2004-01-22,24.21174438687392,34.218998272884285,29.215371329879105
2004-01-23,22.36139896373057,34.045854922279794,28.203626943005183
2004-01-24,22.08972366148532,32.03955094991365,27.064637305699485
2004-01-25,22.970725388601036,30.119257340241795,26.544991364421413
2004-01-26,24.010189982728843,33.49162348877375,28.750906735751293
2004-01-27,22.546718480138168,32.071416234887735,27.30906735751295
2004-01-28,24.237564766839377,32.67970639032815,28.458635578583763
2004-01-29,24.030224525043177,28.90587219343696,26.46804835924007
2004-01-30,22.276597582037997,29.51269430051813,25.894645941278064
2004-01-31,24.771934369602764,30.712003454231432,27.7419689119171
2004-02-01,24.80630397236615,31.546200345423145,28.17625215889465
2004-02-02,24.66839378238342,32.82357512953368,28.74598445595855
2004-02-03,22.92176165803109,31.18937823834197,27.05556994818653
2004-02-04,22.84853195164076,32.84430051813471,27.846416234887734
2004-02-05,23.60328151986183,32.57780656303972,28.090544041450777
2004-02-06,24.186873920552678,33.93756476683937,29.062219343696025
2004-02-07,22.984628670120898,36.27322970639033,29.628929188255615
2004-02-08,23.80880829015544,31.66580310880829,27.737305699481865
2004-02-09,23.001208981001728,31.219343696027632,27.11027633851468
2004-02-10,22.624093264248707,30.277029360967187,26.450561312607945
2004-02-11,22.67210708117444,29.731260794473233,26.201683937823837
2004-02-12,23.95146804835924,29.07348877374784,26.51247841105354
2004-02-13,23.30362694300518,30.160967184801383,26.73229706390328
2004-02-14,22.834024179620034,31.487046632124354,27.160535405872196
2004-02-15,25.146200345423143,33.02841105354059,29.087305699481867
2004-02-16,24.90371329879102,31.433419689119173,28.168566493955097
2004-02-17,24.803886010362696,30.294645941278063,27.54926597582038
2004-02-18,23.01062176165803,31.841018998272887,27.425820379965458
2004-02-19,24.681001727115717,31.068911917098447,27.87495682210708
2004-02-20,24.068739205526768,28.771934369602764,26.420336787564764
2004-02-21,24.60474956822107,30.978842832469777,27.791796200345424
2004-02-22,23.65112262521589,32.85889464594128,28.255008635578584
2004-02-23,24.69050086355786,32.222711571675305,28.45660621761658
2004-02-24,23.253454231433505,33.80682210708117,28.530138169257334
2004-02-25,24.220811744386875,33.269602763385144,28.745207253886008
2004-02-26,23.238341968911918,32.33056994818652,27.78445595854922
2004-02-27,24.422193436960278,33.35889464594128,28.890544041450777
2004-02-28,23.88756476683938,35.20604490500864,29.546804835924007
2004-02-29,25.216062176165803,34.008981001727115,29.612521588946457
2004-03-01,23.52901554404145,33.26502590673575,28.3970207253886
2004-03-02,23.851727115716752,33.207167530224524,28.52944732297064
2004-03-03,23.839896373056995,31.762953367875646,27.80142487046632
2004-03-04,24.25405872193437,31.914075993091537,28.084067357512954
2004-03-05,24.37487046632124,29.405267702936094,26.890069084628667
2004-03-06,24.22348877374784,29.452849740932646,26.83816925734024
2004-03-07,23.352245250431782,30.1346286701209,26.74343696027634
2004-03-08,23.55043177892919,30.01830742659758,26.784369602763384
2004-03-09,23.994386873920554,31.289464594127804,27.641925734024177
2004-03-10,23.851727115716752,32.00440414507772,27.928065630397235
2004-03-11,24.5066493955095,32.300172711571676,28.403411053540587
2004-03-12,22.89412780656304,31.599136442141624,27.24663212435233
2004-03-13,23.00587219343696,32.194041450777206,27.59995682210708
2004-03-14,22.69300518134715,32.361485319516405,27.527245250431776
2004-03-15,22.75518134715026,32.71554404145078,27.73536269430052
2004-03-16,22.244905008635577,32.13177892918826,27.188341968911917
2004-03-17,22.939896373056996,32.37037996545769,27.65513816925734
2004-03-18,21.81839378238342,31.65,26.734196891191708
2004-03-19,23.08972366148532,32.11839378238342,27.604058721934372
2004-03-20,23.397927461139897,30.74050086355786,27.069214162348878
2004-03-21,24.67167530224525,33.026511226252154,28.8490932642487
2004-03-22,23.502072538860105,30.894041450777205,27.198056994818657
2004-03-23,22.58445595854922,32.635319516407606,27.609887737478413
2004-03-24,23.349050086355785,28.220293609671845,25.784671848013815
2004-03-25,23.084369602763385,28.872970639032815,25.9786701208981
2004-03-26,22.939896373056996,30.587305699481863,26.763601036269428
2004-03-27,22.708981001727114,31.002763385146803,26.85587219343696
2004-03-28,22.121848013816926,30.71027633851468,26.416062176165802
2004-03-29,22.104231433506044,30.72461139896373,26.414421416234887
2004-03-31,22.09412780656304,31.053540587219345,26.57383419689119
2004-04-01,22.162694300518137,31.66580310880829,26.914248704663216
2004-04-02,19.04568221070812,29.855440414507772,24.450561312607945
2004-04-03,20.97426597582038,28.349222797927464,24.66174438687392
2004-04-04,22.965284974093265,36.4,29.682642487046632
2004-04-05,23.970466321243524,31.208894645941278,27.589680483592403
2004-04-06,23.56770293609672,32.3013816925734,27.93454231433506
2004-04-07,24.25371329879102,30.994732297063905,27.624222797927462
2004-04-08,24.771588946459413,32.53048359240069,28.65103626943005
2004-04-09,23.789550949913643,31.972711571675305,27.881131260794476
2004-04-10,23.15777202072539,31.85267702936097,27.50522452504318
2004-04-11,24.42651122625216,32.00466321243523,28.215587219343696
2004-04-12,24.561658031088083,30.045768566493955,27.303713298791017
2004-04-13,23.633765112262523,31.60043177892919,27.617098445595857
2004-04-14,24.262607944732295,31.609240069084628,27.93592400690846
2004-04-15,24.10500863557858,31.142832469775477,27.623920552677028
2004-04-16,21.982815198618304,32.27400690846287,27.12841105354059
2004-04-17,24.29205526770294,32.883160621761654,28.587607944732298
2004-04-18,24.017875647668394,33.244300518134715,28.631088082901556
2004-04-19,23.307599309153716,30.90768566493955,27.107642487046633
2004-04-20,22.564507772020725,32.49654576856649,27.53052677029361
2004-04-21,23.660535405872196,31.055699481865286,27.358117443868743
2004-04-22,21.53385146804836,31.52599309153713,26.529922279792746
2004-04-23,23.177115716753022,32.33151986183074,27.754317789291882
2004-04-24,23.25328151986183,31.333333333333332,27.29330742659758
2004-04-25,23.510362694300518,32.14594127806563,27.828151986183073
2004-04-26,24.157512953367878,31.700604490500865,27.92905872193437
2004-04-27,21.72020725388601,30.73048359240069,26.225345423143352
2004-04-28,21.039464594127807,30.175561312607947,25.607512953367877
2004-04-29,20.12322970639033,29.287392055267706,24.705310880829018
2004-04-30,20.291450777202073,30.610708117443867,25.451079447322968
2004-05-01,20.679188255613127,30.35284974093264,25.516018998272884
2004-05-02,21.251295336787564,31.57564766839378,26.413471502590674
2004-05-03,23.09041450777202,31.506908462867013,27.298661485319517
2004-05-04,22.34412780656304,31.922625215889465,27.133376511226253
2004-05-05,22.80544041450777,31.97417962003454,27.389810017271156
2004-05-06,22.80880829015544,31.730829015544042,27.269818652849743
2004-05-07,23.914939550949914,32.10725388601037,28.01109671848014
2004-05-08,22.88713298791019,32.09974093264249,27.49343696027634
2004-05-09,23.370811744386874,31.772193436960272,27.571502590673575
2004-05-10,22.87530224525043,30.863471502590674,26.869386873920554
2004-05-11,23.554145077720207,31.259585492227977,27.406865284974092
2004-05-12,23.266407599309154,29.99585492227979,26.631131260794472
2004-05-13,23.065630397236614,30.822193436960276,26.943911917098447
2004-05-14,22.949740932642488,31.501899827288426,27.225820379965455
2004-05-15,22.35120898100173,31.90906735751295,27.13013816925734
2004-05-16,24.80837651122625,31.646113989637303,28.22724525043178
2004-05-17,22.480397236614852,30.628842832469772,26.55462003454231
2004-05-18,21.258290155440413,31.599827288428322,26.429058721934368
2004-05-19,21.571157167530227,31.30164075993092,26.436398963730575
2004-05-20,22.437392055267704,31.553108808290155,26.995250431778928
2004-05-21,22.470811744386875,31.432383419689117,26.951597582037998
2004-05-22,22.18972366148532,29.30336787564767,25.746545768566495
2004-05-23,21.737564766839377,30.321761658031086,26.02966321243523
2004-05-24,19.24291882556131,32.66640759930916,25.954663212435236
2004-05-25,19.471502590673577,31.4353195164076,25.453411053540588
2004-05-26,21.91174438687392,31.477892918825564,26.69481865284974
2004-05-27,21.5426597582038,30.60103626943005,26.071848013816926
2004-05-28,21.428411053540586,30.94447322970639,26.186442141623488
2004-05-29,23.87892918825561,29.550777202072542,26.714853195164075
2004-05-30,21.89525043177893,29.982901554404144,25.939075993091535
2004-05-31,23.823661485319516,29.75319516407599,26.788428324697755
2004-06-01,22.992487046632125,30.10742659758204,26.549956822107085
2004-06-02,22.594041450777205,30.046977547495683,26.320509499136442
2004-06-03,22.212780656303973,31.921934369602763,27.067357512953368
2004-06-04,20.764075993091538,30.395854922279796,25.579965457685667
2004-06-05,22.081001727115716,29.53100172711572,25.806001727115717
2004-06-06,24.274093264248705,29.89749568221071,27.085794473229708
2004-06-07,21.007858376511226,27.567443868739204,24.287651122625213
2004-06-08,19.923834196891193,29.615630397236615,24.769732297063904
2004-06-09,19.585405872193437,28.878583765112264,24.23199481865285
2004-06-10,19.477115716753023,28.545768566493955,24.01144214162349
2004-06-11,21.510103626943007,30.40846286701209,25.95928324697755
2004-06-12,23.669257340241796,28.716321243523318,26.192789291882555
2004-06-13,20.899050086355786,30.650172711571678,25.77461139896373
2004-06-14,21.211917098445596,28.61873920552677,24.91532815198618
2004-06-15,19.96502590673575,28.127892918825562,24.046459412780656
2004-06-16,22.445941278065632,28.251986183074266,25.34896373056995
2004-06-17,23.235146804835924,27.999568221070813,25.61735751295337
2004-06-18,22.44455958549223,27.95431778929188,25.199438687392053
2004-06-19,22.37841105354059,27.689982728842832,25.034196891191712
2004-06-20,20.25034542314335,26.925993091537133,23.58816925734024
2004-06-21,22.579533678756476,27.539982728842833,25.059758203799653
2004-06-22,21.60742659758204,27.764507772020725,24.685967184801385
2004-06-23,20.365544041450775,29.90690846286701,25.13622625215889
2004-06-24,20.942400690846284,27.34956822107081,24.145984455958548
2004-06-25,22.025647668393784,28.017098445595856,25.02137305699482
2004-06-26,21.31295336787565,28.474870466321246,24.89391191709845
2004-06-27,21.889637305699484,29.739982728842833,25.814810017271157
2004-06-28,20.5087219343696,31.080569948186533,25.794645941278066
2004-06-30,21.57547495682211,28.81830742659758,25.196891191709845
2004-07-01,20.945854922279793,29.258290155440413,25.102072538860103
2004-07-02,20.703195164075993,31.639032815198618,26.171113989637306
2004-07-03,19.75846286701209,28.036701208981,23.897582037996543
2004-07-04,19.59550949913644,27.52927461139896,23.5623920552677
2004-07-05,21.705699481865285,29.636873920552677,25.67128670120898
2004-07-06,21.998704663212436,29.76727115716753,25.882987910189982
2004-07-07,22.17910189982729,29.740241796200344,25.95967184801382
2004-07-08,23.717962003454232,29.91165803108808,26.814810017271157
2004-07-09,22.857685664939552,29.840414507772017,26.349050086355785
2004-07-10,21.235233160621764,30.963557858376515,26.09939550949914
2004-07-11,21.320034542314335,31.350949913644214,26.335492227979273
2004-07-12,19.838082901554404,28.51649395509499,24.177288428324697
2004-07-13,20.603108808290155,30.35034542314335,25.476727115716752
2004-07-14,20.692918825561314,30.656563039723665,25.67474093264249
2004-07-15,21.37538860103627,30.45077720207254,25.913082901554404
2004-07-16,21.594991364421418,33.05544041450777,27.325215889464594
2004-07-17,21.056044905008637,29.26727115716753,25.161658031088084
2004-07-18,22.59965457685665,32.41269430051813,27.506174438687392
2004-07-19,20.936960276338514,28.15336787564767,24.545164075993092
2004-07-20,19.8146804835924,27.26321243523316,23.53894645941278
2004-07-21,18.958290155440416,26.367184801381693,22.662737478411053
2004-07-22,17.43022452504318,26.963989637305698,22.197107081174437
2004-07-23,19.86588946459413,25.471070811744386,22.668480138169258
2004-07-24,18.683419689119173,25.14887737478411,21.91614853195164
2004-07-25,21.217098445595855,25.261830742659757,23.239464594127806
2004-07-26,15.829101899827288,24.265544041450777,20.047322970639033
2004-07-27,18.434628670120897,25.181001727115717,21.807815198618307
2004-07-28,11.286096718480138,27.052417962003457,19.1692573402418
2004-07-29,19.3066493955095,28.628238341968913,23.967443868739206
2004-07-30,19.347063903281523,28.619602763385146,23.983333333333334
2004-07-31,19.842573402417962,28.486787564766836,24.1646804835924
2004-08-01,17.729274611398964,29.03678756476684,23.3830310880829
2004-08-02,21.429879101899825,29.336096718480135,25.382987910189982
2004-08-03,21.23160621761658,27.500949913644213,24.366278065630397
2004-08-04,19.263644214162348,28.982210708117446,24.122927461139895
2004-08-05,19.543005181347148,28.426597582037996,23.98480138169257
2004-08-06,20.78791018998273,28.53816925734024,24.663039723661484
2004-08-07,18.924870466321245,28.014507772020725,23.469689119170987
2004-08-08,21.287219343696027,28.605094991364417,24.946157167530224
2004-08-09,24.5073402417962,28.337564766839378,26.42245250431779
2004-08-10,24.494905008635577,27.62314335060449,26.05902417962003
2004-08-11,17.84956822107081,29.0486183074266,23.449093264248706
2004-08-12,20.663816925734025,27.620293609671847,24.142055267702936
2004-08-13,17.12245250431779,25.38454231433506,21.253497409326425
2004-08-14,16.36804835924007,24.02357512953368,20.195811744386873
2004-08-15,18.54594127806563,29.85561312607945,24.20077720207254
2004-08-16,17.037046632124355,28.33834196891192,22.68769430051814
2004-08-17,17.484024179620036,28.73367875647668,23.108851468048357
2004-08-18,19.346545768566493,29.32832469775475,24.33743523316062
2004-08-19,19.121761658031087,30.831519861830746,24.976640759930916
2004-08-20,19.15284974093264,29.431778929188255,24.292314335060446
2004-08-21,20.09006908462867,31.006044905008636,25.54805699481865
2004-08-22,22.00146804835924,31.220034542314338,26.61075129533679
2004-08-23,20.789464594127807,29.98013816925734,25.384801381692576
2004-08-24,22.5006908462867,28.868825561312608,25.684758203799653
2004-08-25,22.005699481865285,30.989723661485318,26.497711571675303
2004-08-26,22.16934369602763,29.682728842832468,25.92603626943005
2004-08-27,21.86986183074266,34.660189982728845,28.26502590673575
2004-08-28,21.65259067357513,33.57426597582038,27.613428324697757
2004-08-29,21.884024179620035,34.674870466321245,28.27944732297064
2004-08-30,20.627892918825562,31.055872193436958,25.84188255613126
2004-08-31,20.36208981001727,31.106908462867015,25.734499136442142
2004-09-01,21.84749568221071,29.0653713298791,25.456433506044903
2004-09-02,20.938255613126078,30.17452504317789,25.556390328151984
2004-09-03,21.938514680483593,27.385837651122625,24.66217616580311
2004-09-04,21.407512953367878,29.588255613126076,25.497884283246975
2004-09-05,20.70846286701209,28.740328151986187,24.72439550949914
2004-09-06,20.425906735751298,29.40509499136442,24.91550086355786
2004-09-07,20.00328151986183,28.752331606217613,24.37780656303972
2004-09-08,12.520466321243523,29.219257340241796,20.86986183074266
2004-09-09,20.32314335060449,30.15414507772021,25.23864421416235
2004-09-10,22.396459412780654,28.91683937823834,25.656649395509497
2004-09-11,22.364421416234887,27.804663212435234,25.08454231433506
2004-09-12,22.028842832469778,29.6227115716753,25.825777202072537
2004-09-13,27.126165803108808,27.764075993091538,27.44512089810017
2004-09-14,22.83488773747841,29.298100172711568,26.06649395509499
2004-09-15,21.22720207253886,29.607512953367877,25.417357512953366
2004-09-16,21.23747841105354,32.62962003454231,26.93354922279793
2004-09-17,21.987564766839377,31.27366148531952,26.630613126079446
2004-09-18,21.279188255613125,31.467271157167527,26.373229706390326
2004-09-19,22.63782383419689,30.198100172711573,26.41796200345423
2004-09-20,21.300863557858378,29.4506908462867,25.37577720207254
2004-09-21,21.576770293609673,29.347236614853195,25.462003454231436
2004-09-22,21.244905008635577,31.216753022452504,26.23082901554404
2004-09-23,22.214853195164075,30.88523316062176,26.550043177892917
2004-09-24,23.021588946459413,30.53514680483592,26.778367875647668
2004-09-25,22.87841105354059,29.833246977547496,26.355829015544042
2004-09-26,22.96476683937824,29.499309153713295,26.232037996545767
2004-09-27,20.57564766839378,29.594386873920556,25.08501727115717
2004-09-29,23.082210708117444,35.51381692573403,29.298013816925735
2004-09-30,21.43022452504318,30.903454231433503,26.166839378238343
2004-10-01,21.13635578583765,33.98791018998273,27.56213298791019
2004-10-02,21.188601036269432,31.29386873920553,26.24123488773748
2004-10-03,21.82763385146805,38.35284974093264,30.090241796200345
2004-10-04,21.906131260794474,38.36744386873921,30.13678756476684
2004-10-05,22.436183074265976,35.314335060449054,28.875259067357515
2004-10-06,22.064162348877375,37.07452504317789,29.569343696027634
2004-10-07,22.120293609671847,38.73730569948186,30.428799654576853
2004-10-08,21.479620034542314,31.107253886010366,26.29343696027634
2004-10-09,20.84559585492228,32.0,26.42279792746114
2004-10-10,20.911830742659756,32.03272884283247,26.472279792746114
2004-10-11,23.827374784110535,32.81753022452504,28.322452504317788
2004-10-12,22.238514680483593,31.76951640759931,27.00401554404145
2004-10-13,21.487564766839377,32.12210708117444,26.80483592400691
2004-10-14,22.40181347150259,31.004317789291882,26.703065630397234
2004-10-15,24.16183074265976,33.59905008635578,28.88044041450777
2004-10-16,21.45811744386874,30.509240069084626,25.983678756476685
2004-10-17,21.16062176165803,30.34214162348877,25.751381692573403
2004-10-18,21.015284974093266,33.72564766839378,27.370466321243526
2004-10-19,21.77599309153713,31.395595854922277,26.585794473229704
2004-10-20,23.597063903281523,34.700604490500865,29.148834196891194
2004-10-21,22.466493955094993,31.965889464594127,27.21619170984456
2004-10-22,20.79706390328152,32.744386873920554,26.770725388601036
2004-10-23,21.85993091537133,28.8206390328152,25.340284974093265
2004-10-24,19.870120898100172,34.55362694300518,27.211873920552677
2004-10-25,22.080224525043178,33.3993091537133,27.739766839378238
2004-10-26,20.249568221070813,39.68773747841105,29.968652849740934
2004-10-27,25.93903281519862,34.37918825561312,30.159110535405873
2004-10-28,26.90224525043178,33.083333333333336,29.99278929188256
2004-10-29,22.53238341968912,31.39015544041451,26.961269430051814
2004-10-30,23.55535405872193,32.0933506044905,27.824352331606217
2004-10-31,22.482124352331606,31.387910189982726,26.935017271157164
2004-11-01,24.680915371329878,32.24032815198618,28.460621761658032
2004-11-02,22.713816925734022,31.161917098445596,26.93786701208981
2004-11-03,22.782469775474954,31.61183074265976,27.197150259067357
2004-11-04,23.064853195164076,31.69620034542314,27.380526770293606
2004-11-05,23.17176165803109,34.850345423143345,29.01105354058722
2004-11-06,24.40846286701209,34.2832469775475,29.345854922279795
2004-11-07,24.41934369602763,33.561226252158896,28.990284974093264
2004-11-08,22.953022452504317,30.279965457685662,26.616493955094988
2004-11-09,23.50362694300518,31.27348877374784,27.388557858376508
2004-11-10,22.300949913644214,30.55621761658031,26.42858376511226
2004-11-11,23.263471502590672,32.84222797927461,28.052849740932643
2004-11-12,22.436614853195163,33.95483592400691,28.195725388601034
2004-11-13,24.93385146804836,33.23566493955095,29.084758203799655
2004-11-14,22.604663212435234,34.7433506044905,28.674006908462868
2004-11-15,21.01951640759931,33.711139896373055,27.365328151986184
2004-11-16,21.920293609671848,30.85449050086356,26.387392055267703
2004-11-17,22.476511226252157,32.104231433506044,27.2903713298791
2004-11-18,22.468911917098445,33.20233160621762,27.835621761658032
2004-11-19,23.308031088082902,37.34499136442142,30.32651122625216
2004-11-20,23.392832469775474,32.51804835924007,27.95544041450777
2004-11-21,24.97538860103627,32.751899827288426,28.86364421416235
2004-11-22,24.616234887737477,31.270379965457686,27.94330742659758
2004-11-23,22.953022452504317,31.461226252158895,27.207124352331604
2004-11-24,21.949395509499137,31.05362694300518,26.50151122625216
2004-11-25,20.075820379965457,32.26563039723661,26.170725388601035
2004-11-26,22.93937823834197,31.307685664939555,27.123531951640764
2004-11-27,20.52020725388601,31.92167530224525,26.22094127806563
2004-11-28,24.126597582038,31.810017271157168,27.968307426597583
2004-11-29,23.37651122625216,32.712089810017275,28.04430051813472
2004-11-30,23.445682210708117,31.365889464594126,27.405785837651123
2004-12-01,23.13635578583765,30.974265975820376,27.055310880829012
2004-12-02,21.447754749568222,29.4559585492228,25.45185664939551
2004-12-03,23.781433506044905,30.385578583765113,27.083506044905008
2004-12-04,22.84550949913644,31.594559585492227,27.220034542314334
2004-12-05,25.458290155440416,32.33816925734024,28.898229706390328
2004-12-06,23.22823834196891,32.65474956822107,27.94149395509499
2004-12-07,23.880397236614854,32.86053540587219,28.370466321243523
2004-12-08,21.74887737478411,32.71174438687392,27.230310880829016
2004-12-09,25.348100172711572,33.01122625215889,29.17966321243523
2004-12-10,24.428756476683937,34.69827288428325,29.563514680483593
2004-12-11,23.745336787564767,34.026943005181344,28.886139896373056
2004-12-12,22.97582037996546,31.934455958549222,27.45513816925734
2004-12-13,23.99818652849741,32.892055267702936,28.44512089810017
2004-12-14,22.860794473229706,31.481433506044905,27.171113989637306
2004-12-15,23.599050086355785,32.93082901554404,28.26493955094991
2004-12-16,23.71208981001727,32.16027633851468,27.936183074265976
2004-12-17,23.035751295336787,32.52167530224525,27.77871329879102
2004-12-18,22.67754749568221,33.35984455958549,28.01869602763385
2004-12-19,24.393955094991366,32.11692573402418,28.255440414507774
2004-12-20,23.951036269430052,31.504576856649397,27.727806563039724
2004-12-21,24.4853195164076,31.98229706390328,28.23380829015544
2004-12-22,24.80552677029361,34.29715025906736,29.551338514680484
2004-12-23,23.29637305699482,31.023920552677026,27.160146804835925
2004-12-24,22.198618307426596,30.91381692573402,26.55621761658031
2004-12-25,24.049740932642486,30.324179620034542,27.186960276338514
2004-12-26,23.967271157167527,30.43402417962003,27.200647668393778
2004-12-27,23.931433506044904,34.35552677029361,29.143480138169256
2004-12-29,24.213385146804836,33.68583765112263,28.949611398963732
2004-12-30,25.108635578583765,32.49162348877375,28.800129533678756
2005-01-01,25.472711571675305,32.27089810017271,28.871804835924006
2005-01-02,24.401381692573402,31.67279792746114,28.03708981001727
2005-01-03,24.004922279792748,33.447236614853196,28.726079447322974
2005-01-04,24.64671848013817,31.047927461139896,27.847322970639034
2005-01-05,24.618911917098448,34.546373056994824,29.582642487046634
2005-01-06,24.246891191709846,32.277461139896374,28.262176165803112
2005-01-07,23.690414507772022,33.513471502590676,28.601943005181347
2005-01-08,23.76286701208981,32.12746113989637,27.94516407599309
2005-01-09,24.46502590673575,32.95949913644214,28.712262521588947
2005-01-10,23.886873920552677,34.008981001727115,28.947927461139898
2005-01-11,23.574870466321244,36.79343696027634,30.18415371329879
2005-01-12,24.729965457685665,37.45854922279793,31.094257340241796
2005-01-13,23.737046632124354,32.84913644214163,28.29309153713299
2005-01-14,24.193523316062176,33.78039723661485,28.986960276338515
2005-01-15,23.958290155440416,29.865889464594126,26.91208981001727
2005-01-16,26.206994818652852,31.986269430051813,29.096632124352332
2005-01-17,25.683160621761658,33.01424870466321,29.348704663212434
2005-01-18,25.020811744386872,32.47374784110535,28.747279792746113
2005-01-19,22.91208981001727,31.11770293609672,27.014896373056995
2005-01-20,23.646977547495684,33.44006908462867,28.543523316062178
2005-01-21,25.15250431778929,33.72012089810018,29.436312607944735
2005-01-22,24.986355785837652,34.334887737478404,29.660621761658028
2005-01-23,22.835405872193434,32.62599309153713,27.730699481865283
2005-01-24,23.495768566493954,35.3506908462867,29.42322970639033
2005-01-25,25.36364421416235,33.70077720207254,29.532210708117443
2005-01-26,25.669257340241796,35.1433506044905,30.406303972366146
2005-01-27,26.895682210708117,35.12314335060449,31.0094127806563
2005-01-28,24.473056994818652,32.750863557858374,28.611960276338515
2005-01-29,25.180569948186527,31.643264248704664,28.411917098445596
2005-01-30,24.361226252158893,31.03177892918826,27.696502590673575
2005-01-31,24.307081174438686,31.727288428324695,28.01718480138169
2005-02-01,24.465112262521586,32.65397236614854,28.55954231433506
2005-02-02,25.002072538860105,30.02737478411053,27.51472366148532
2005-02-03,25.195250431778927,31.27538860103627,28.2353195164076
2005-02-04,25.66105354058722,32.32288428324698,28.9919689119171
2005-02-05,24.40440414507772,33.986787564766836,29.195595854922278
2005-02-06,24.137305699481864,33.39922279792746,28.76826424870466
2005-02-07,24.21165803108808,33.31139896373057,28.761528497409323
2005-02-08,23.812003454231434,30.853540587219346,27.33277202072539
2005-02-09,23.43307426597582,30.80621761658031,27.119645941278065
2005-02-10,22.310017271157168,29.387219343696028,25.848618307426598
2005-02-11,21.82167530224525,30.021761658031085,25.921718480138168
2005-02-12,21.480742659758203,31.239205526770295,26.35997409326425
2005-02-13,23.38575129533679,33.06208981001727,28.22392055267703
2005-02-14,25.293091537132987,33.787996545768564,29.540544041450776
2005-02-15,24.104231433506044,34.34516407599309,29.224697754749567
2005-02-16,24.53860103626943,32.717702936096714,28.62815198618307
2005-02-17,23.408290155440415,31.74300518134715,27.575647668393785
2005-02-18,23.946200345423144,30.000949913644213,26.97357512953368
2005-02-19,24.27366148531952,28.489982728842833,26.381822107081177
2005-02-20,25.39369602763385,31.20103626943005,28.29736614853195
2005-02-21,24.58713298791019,31.067357512953368,27.82724525043178
2005-02-22,24.149050086355786,32.707944732297065,28.428497409326425
2005-02-23,24.43592400690846,31.60880829015544,28.02236614853195
2005-02-24,24.335319516407598,33.130310880829015,28.732815198618304
2005-02-25,23.408117443868736,32.63911917098446,28.023618307426595
2005-02-26,24.727461139896374,34.14568221070812,29.436571675302247
2005-02-27,23.92858376511226,33.394991364421415,28.66178756476684
2005-02-28,23.74153713298791,33.84162348877375,28.791580310880832
2005-03-01,23.25483592400691,32.457512953367875,27.85617443868739
2005-03-02,23.60630397236615,32.11796200345423,27.86213298791019
2005-03-03,24.40967184801382,31.684369602763386,28.047020725388602
2005-03-04,22.441278065630396,31.476597582037996,26.958937823834198
2005-03-05,21.882901554404146,29.761917098445597,25.82240932642487
2005-03-06,25.199395509499137,32.08834196891192,28.64386873920553
2005-03-07,24.198618307426596,33.157340241796206,28.677979274611403
2005-03-08,23.30181347150259,33.42789291882556,28.364853195164077
2005-03-09,23.756476683937823,31.26632124352332,27.51139896373057
2005-03-10,26.085405872193437,32.37892918825562,29.23216753022453
2005-03-11,24.10483592400691,31.074352331606217,27.589594127806564
2005-03-12,23.125906735751293,31.85345423143351,27.4896804835924
2005-03-13,23.400086355785838,31.42901554404145,27.414550949913647
2005-03-14,24.34490500863558,32.70181347150259,28.523359240069084
2005-03-15,23.55544041450777,32.586442141623486,28.07094127806563
2005-03-16,23.800518134715027,34.137996545768566,28.969257340241796
2005-03-17,24.939896373056996,32.43013816925734,28.685017271157168
2005-03-18,24.43151986183074,32.91856649395509,28.675043177892917
2005-03-19,23.612262521588946,32.27642487046632,27.944343696027634
2005-03-20,24.744300518134715,32.3681347150259,28.55621761658031
2005-03-21,24.727720207253885,32.08082901554404,28.40427461139896
2005-03-22,23.894732297063904,32.16407599309154,28.02940414507772
2005-03-23,24.949827288428327,31.999136442141623,28.474481865284975
2005-03-24,23.910449050086356,32.38307426597582,28.14676165803109
2005-03-25,24.03376511226252,34.35189982728843,29.192832469775475
2005-03-26,24.27910189982729,32.60587219343696,28.442487046632124
2005-03-27,23.71070811744387,30.740587219343695,27.225647668393783
2005-03-28,23.705267702936098,38.534801381692574,31.120034542314336
2005-03-30,23.448791018998275,31.510276338514682,27.47953367875648
2005-03-31,22.44956822107081,32.26493955094992,27.357253886010362
2005-04-01,24.386614853195166,30.918221070811747,27.652417962003454
2005-04-02,23.49481865284974,31.890673575129536,27.69274611398964
2005-04-03,22.218566493955095,31.03376511226252,26.626165803108808
2005-04-04,22.263126079447325,31.59611398963731,26.929620034542317
2005-04-05,24.023229706390328,32.24257340241796,28.132901554404143
2005-04-06,25.550949913644214,32.62607944732297,29.08851468048359
2005-04-07,24.62901554404145,32.34050086355786,28.484758203799654
2005-04-08,23.921934369602763,31.181606217616583,27.55177029360967
2005-04-09,24.21286701208981,32.95621761658031,28.58454231433506
2005-04-10,21.894214162348877,30.57305699481865,26.233635578583765
2005-04-11,23.95794473229706,30.88963730569948,27.423791018998273
2005-04-12,19.433419689119173,31.01727115716753,25.225345423143352
2005-04-13,22.051295336787565,31.45751295336788,26.75440414507772
2005-04-15,22.240932642487046,32.05759930915371,27.149265975820377
2005-04-16,22.04853195164076,31.1272884283247,26.58791018998273
2005-04-17,23.503022452504318,32.58367875647669,28.043350604490502
2005-04-18,23.394732297063904,30.873056994818654,27.13389464594128
2005-04-19,22.31580310880829,30.131606217616582,26.223704663212438
2005-04-20,22.996977547495682,31.4426597582038,27.21981865284974
2005-04-21,22.586960276338516,32.398704663212435,27.492832469775475
2005-04-22,22.159758203799655,32.34464594127807,27.25220207253886
2005-04-24,22.960880829015544,32.76079447322971,27.860837651122626
2005-04-25,23.58825561312608,32.957772020725386,28.273013816925733
2005-04-26,22.511226252158895,35.18316062176166,28.847193436960275
2005-04-27,22.196113989637304,30.27417962003454,26.23514680483592
2005-04-28,23.15984455958549,33.92236614853195,28.541105354058722
2005-04-29,22.955699481865285,30.33264248704663,26.644170984455958
2005-04-30,22.893523316062176,31.611053540587218,27.252288428324697
2005-05-01,23.11183074265976,30.005440414507774,26.558635578583768
2005-05-02,22.41511226252159,30.79447322970639,26.60479274611399
2005-05-03,22.447495682210707,29.466321243523318,25.956908462867013
2005-05-04,21.53497409326425,27.03307426597582,24.284024179620033
2005-05-05,22.297236614853198,26.07607944732297,24.186658031088086
2005-05-06,20.8860103626943,28.466753022452504,24.6763816925734
2005-05-07,21.947322970639032,29.22970639032815,25.58851468048359
2005-05-08,22.235233160621764,28.831865284974096,25.53354922279793
2005-05-09,22.675993091537133,30.532037996545768,26.604015544041452
2005-05-10,22.260276338514682,30.389723661485323,26.325000000000003
2005-05-11,21.786701208981,28.94101899827288,25.36386010362694
2005-05-12,21.611485319516408,29.82504317789292,25.718264248704664
2005-05-13,21.368307426597582,29.1433506044905,25.25582901554404
2005-05-14,22.9153713298791,30.762607944732295,26.838989637305698
2005-05-15,21.000863557858377,28.72176165803109,24.861312607944733
2005-05-16,22.390328151986182,32.52590673575129,27.458117443868737
2005-05-17,21.429188255613127,33.034283246977544,27.231735751295336
2005-05-18,21.751208981001728,32.931433506044904,27.341321243523318
2005-05-19,20.998791018998272,30.031433506044905,25.51511226252159
2005-05-20,22.87832469775475,30.912694300518137,26.895509499136445
2005-05-21,21.590673575129532,31.031692573402417,26.311183074265976
2005-05-22,22.772193436960276,31.14913644214162,26.96066493955095
2005-05-23,24.11778929188256,30.563471502590673,27.340630397236616
2005-05-24,19.65984455958549,31.12685664939551,25.3933506044905
2005-05-25,22.903799654576854,30.892055267702936,26.897927461139894
2005-05-26,25.009326424870466,30.718307426597583,27.863816925734024
2005-05-27,21.535664939550948,29.76217616580311,25.648920552677026
2005-05-28,22.924093264248704,30.435060449050088,26.679576856649398
2005-05-29,21.649395509499136,28.913385146804835,25.281390328151986
2005-05-30,22.647927461139897,28.842746113989637,25.745336787564767
2005-05-31,21.922279792746114,28.583506044905008,25.25289291882556
2005-06-01,22.39525043177893,28.85267702936097,25.623963730569947
2005-06-02,23.042227979274614,28.37331606217617,25.707772020725393
2005-06-03,20.24343696027634,27.09162348877375,23.667530224525045
2005-06-04,20.65958549222798,27.803108808290155,24.23134715025907
2005-06-05,21.344386873920552,30.039032815198617,25.691709844559583
2005-06-06,20.36286701208981,29.1933506044905,24.778108808290156
2005-06-07,20.359671848013818,29.668048359240068,25.013860103626943
2005-06-08,20.62098445595855,29.616321243523313,25.118652849740933
2005-06-09,21.098791018998273,28.397841105354058,24.748316062176166
2005-06-10,20.479188255613128,28.71303972366148,24.596113989637303
2005-06-11,20.31986183074266,27.23195164075993,23.775906735751295
2005-06-12,20.41761658031088,29.574352331606217,24.99598445595855
2005-06-13,19.34041450777202,29.093264248704664,24.21683937823834
2005-06-14,20.761917098445597,28.197582037996543,24.47974956822107
2005-06-15,19.89663212435233,28.84550949913644,24.371070811744385
2005-06-16,20.13488773747841,29.157081174438687,24.645984455958548
2005-06-17,21.992487046632125,28.88186528497409,25.43717616580311
2005-06-18,21.828842832469775,26.489896373056993,24.159369602763384
2005-06-19,23.467702936096718,30.236701208981,26.85220207253886
2005-06-20,21.52055267702936,28.620466321243523,25.070509499136442
2005-06-21,23.50621761658031,30.88782383419689,27.1970207253886
2005-06-22,21.890328151986182,29.75155440414508,25.820941278065632
2005-06-23,17.08713298791019,27.96848013816926,22.527806563039725
2005-06-24,18.161571675302245,28.248791018998272,23.20518134715026
2005-06-25,14.017098445595854,29.3520725388601,21.684585492227978
2005-06-26,17.164162348877372,28.364594127806562,22.76437823834197
2005-06-27,16.50155440414508,28.50319516407599,22.502374784110536
2005-06-29,21.99645941278066,29.15647668393782,25.57646804835924
2005-06-30,21.131174438687392,28.646891191709845,24.889032815198618
2005-07-01,20.04067357512953,28.495509499136446,24.26809153713299
2005-07-02,18.542487046632125,29.04231433506045,23.792400690846286
2005-07-03,19.445854922279793,29.92789291882556,24.686873920552678
2005-07-04,19.982556131260793,32.62875647668394,26.305656303972366
2005-07-05,22.059671848013817,28.9066493955095,25.48316062176166
2005-07-06,20.61796200345423,30.28160621761658,25.449784110535404
2005-07-07,21.489464594127806,28.736960276338515,25.11321243523316
2005-07-08,20.862262521588946,28.52184801381693,24.692055267702937
2005-07-09,16.000949913644213,27.806390328151984,21.9036701208981
2005-07-10,21.27910189982729,27.245077720207252,24.262089810017272
2005-07-11,18.801295336787565,29.859671848013818,24.33048359240069
2005-07-12,21.637305699481864,24.515544041450777,23.07642487046632
2005-07-13,17.11355785837651,30.551381692573404,23.832469775474955
2005-07-14,19.421848013816927,27.126338514680484,23.274093264248705
2005-07-15,18.156908462867012,28.203540587219344,23.18022452504318
2005-07-16,19.09015544041451,30.127720207253887,24.608937823834196
2005-07-17,20.584024179620034,29.51252158894646,25.048272884283246
2005-07-18,20.156994818652848,31.080742659758204,25.618868739205524
2005-07-19,20.71839378238342,30.24300518134715,25.480699481865287
2005-07-20,20.61735751295337,30.08298791018998,25.350172711571673
2005-07-21,20.02504317789292,29.916062176165806,24.97055267702936
2005-07-22,19.236614853195164,29.413903281519865,24.325259067357514
2005-07-23,17.899568221070812,29.901208981001727,23.90038860103627
2005-07-24,19.48644214162349,29.34309153713299,24.414766839378238
2005-07-25,19.774525043177896,30.797236614853194,25.285880829015547
2005-07-26,19.440414507772022,30.20017271157168,24.82029360967185
2005-07-27,19.67314335060449,29.45518134715026,24.564162348877375
2005-07-28,19.74343696027634,33.475820379965455,26.609628670120898
2005-07-29,20.24671848013817,28.415716753022455,24.33121761658031
2005-07-30,22.173661485319514,27.203281519861832,24.688471502590673
2005-07-31,16.356044905008634,26.205613126079445,21.28082901554404
2005-08-01,19.31804835924007,25.936528497409327,22.627288428324697
2005-08-02,17.25379965457686,25.433333333333334,21.343566493955095
2005-08-03,14.638860103626943,27.134715025906736,20.88678756476684
2005-08-04,18.77357512953368,26.388082901554405,22.58082901554404
2005-08-05,17.90146804835924,27.33937823834197,22.620423143350607
2005-08-06,18.44447322970639,28.584024179620037,23.514248704663213
2005-08-07,15.507512953367875,29.7412780656304,22.624395509499138
2005-08-08,19.362953367875647,31.13031088082902,25.24663212435233
2005-08-09,19.905699481865284,28.588601036269427,24.247150259067354
2005-08-10,18.03100172711572,30.1360103626943,24.083506044905008
2005-08-11,22.48747841105354,36.16036269430052,29.32392055267703
2005-08-12,20.463039723661485,30.05518134715026,25.259110535405874
2005-08-13,20.004576856649393,27.815284974093263,23.909930915371326
2005-08-14,19.4580310880829,29.577720207253886,24.517875647668394
2005-08-15,21.415284974093264,27.57547495682211,24.495379965457687
2005-08-16,19.332901554404145,27.336269430051814,23.33458549222798
2005-08-17,19.47314335060449,30.343264248704664,24.90820379965458
2005-08-18,20.585319516407598,30.946286701208983,25.765803108808292
2005-08-19,19.702763385146802,31.43963730569948,25.571200345423144
2005-08-20,22.467271157167527,27.021848013816925,24.744559585492226
2005-08-21,20.333937823834198,28.300863557858378,24.317400690846288
2005-08-22,20.881347150259067,27.635578583765113,24.258462867012092
2005-08-23,17.228151986183075,34.733678756476685,25.98091537132988
2005-08-24,20.922020725388602,29.749827288428328,25.335924006908463
2005-08-25,20.161658031088084,30.868566493955097,25.51511226252159
2005-08-26,19.245682210708118,30.439723661485317,24.842702936096718
2005-08-27,20.58825561312608,30.623056994818654,25.605656303972367
2005-08-28,22.195682210708117,28.678756476683937,25.43721934369603
2005-08-29,19.706822107081173,30.55164075993092,25.129231433506046
2005-08-30,21.201727115716754,31.383678756476687,26.29270293609672
2005-08-31,23.773488773747843,32.722107081174435,28.24779792746114
2005-09-01,27.33281519861831,31.73687392055268,29.534844559585494
2005-09-02,23.746804835924006,30.290587219343696,27.01869602763385
2005-09-03,18.383419689119172,28.738601036269433,23.561010362694304
2005-09-04,22.57305699481865,30.40431778929188,26.488687392055265
2005-09-05,22.262694300518135,33.09231433506045,27.677504317789293
2005-09-06,22.95034542314335,31.417702936096717,27.18402417962003
2005-09-07,21.007858376511226,33.862348877374785,27.435103626943004
2005-09-08,20.60854922279793,29.354576856649395,24.98156303972366
2005-09-09,22.61355785837651,28.265975820379964,25.439766839378237
2005-09-10,20.601640759930916,29.3573402417962,24.97949050086356
2005-09-11,20.359585492227982,29.84550949913644,25.10254749568221
2005-09-12,20.797582037996545,31.811571675302247,26.304576856649398
2005-09-13,22.472279792746114,32.81649395509499,27.644386873920553
2005-09-14,22.085146804835922,30.550518134715027,26.317832469775475
2005-09-15,20.44844559585492,29.70518134715026,25.07681347150259
2005-09-16,21.106131260794474,29.14412780656304,25.12512953367876
2005-09-17,18.68937823834197,30.904576856649395,24.796977547495683
2005-09-18,20.344645941278063,30.587910189982733,25.466278065630398
2005-09-19,19.701727115716754,30.933419689119173,25.317573402417963
2005-09-20,20.52167530224525,30.646891191709845,25.58428324697755
2005-09-21,21.112348877374785,32.914162348877376,27.01325561312608
2005-09-22,20.702417962003455,32.33048359240069,26.516450777202074
2005-09-23,20.798791018998273,31.722279792746114,26.260535405872194
2005-09-24,19.452590673575127,31.4139896373057,25.433290155440414
2005-09-25,21.787996545768568,31.906217616580314,26.847107081174443
2005-09-26,20.44326424870466,30.291709844559588,25.367487046632125
2005-09-28,22.50811744386874,28.21096718480138,25.35954231433506
2005-09-29,20.881088082901552,30.042573402417965,25.461830742659757
2005-09-30,20.1213298791019,30.14412780656304,25.13272884283247
2005-10-01,19.296113989637306,29.02046632124352,24.15829015544041
2005-10-02,21.31278065630397,31.32720207253886,26.319991364421416
2005-10-03,20.212262521588947,27.341796200345424,23.777029360967184
2005-10-04,18.881692573402418,29.806476683937824,24.34408462867012
2005-10-05,21.690932642487045,32.19576856649395,26.943350604490497
2005-10-06,22.39119170984456,34.08929188255613,28.240241796200344
2005-10-07,22.276683937823837,29.8646804835924,26.07068221070812
2005-10-08,22.396977547495684,30.910880829015547,26.653929188255617
2005-10-09,21.881088082901552,29.702849740932646,25.7919689119171
2005-10-10,22.226252158894646,30.970034542314338,26.59814335060449
2005-10-11,24.05215889464594,30.94378238341969,27.497970639032815
2005-10-12,22.33678756476684,30.70431778929188,26.52055267702936
2005-10-13,20.75621761658031,31.031260794473226,25.89373920552677
2005-10-14,21.841882556131264,30.856908462867015,26.34939550949914
2005-10-15,21.75025906735751,31.727720207253885,26.7389896373057
2005-10-16,21.68704663212435,32.25768566493955,26.97236614853195
2005-10-17,23.32564766839378,34.696545768566494,29.01109671848014
2005-10-18,21.86649395509499,32.54870466321243,27.207599309153714
2005-10-19,22.465975820379963,35.280829015544036,28.873402417961998
2005-10-20,22.07564766839378,31.640241796200346,26.857944732297064
2005-10-21,23.175215889464596,33.236614853195164,28.20591537132988
2005-10-22,22.835492227979273,30.91753022452504,26.876511226252155
2005-10-23,23.248272884283246,37.86873920552677,30.55850604490501
2005-10-24,21.02789291882556,37.18039723661485,29.104145077720204
2005-10-25,21.618480138169257,35.94974093264249,28.784110535405873
2005-10-26,23.244905008635577,36.928324697754746,30.08661485319516
2005-10-27,24.09481865284974,38.91062176165803,31.502720207253883
2005-10-28,23.36761658031088,35.46692573402418,29.41727115716753
2005-10-29,22.41839378238342,33.168307426597586,27.793350604490502
2005-10-30,22.765198618307426,33.45561312607945,28.11040587219344
2005-10-31,25.197668393782386,32.5146804835924,28.856174438687393
2005-11-01,22.47832469775475,32.42461139896373,27.45146804835924
2005-11-02,23.921848013816927,30.662694300518137,27.292271157167534
2005-11-03,22.389550949913644,33.47435233160622,27.931951640759934
2005-11-04,21.93592400690846,30.119084628670123,26.027504317789294
2005-11-05,22.716062176165803,30.541018998272886,26.628540587219344
2005-11-06,22.61873920552677,31.981865284974095,27.300302245250432
2005-11-07,21.903799654576854,31.549050086355788,26.72642487046632
2005-11-08,22.131692573402418,30.63445595854922,26.38307426597582
2005-11-09,21.901727115716753,31.250172711571672,26.575949913644212
2005-11-10,22.45431778929188,31.77461139896373,27.114464594127806
2005-11-11,20.38929188255613,26.391796200345425,23.390544041450777
2005-11-12,21.877029360967185,28.365630397236615,25.1213298791019
2005-11-13,21.35362694300518,28.08713298791019,24.72037996545769
2005-11-14,21.202590673575127,38.4373920552677,29.819991364421412
2005-11-15,20.83894645941278,31.53177892918826,26.185362694300522
2005-11-16,21.70362694300518,31.93929188255613,26.821459412780655
2005-11-17,22.99835924006908,32.96761658031088,27.982987910189983
2005-11-18,25.182469775474956,30.726856649395508,27.954663212435232
2005-11-19,21.945250431778927,30.38203799654577,26.163644214162346
2005-11-20,22.574525043177893,31.548100172711568,27.06131260794473
2005-11-21,22.691450777202075,31.256217616580308,26.97383419689119
2005-11-22,22.486355785837652,29.321934369602765,25.90414507772021
2005-11-23,23.68721934369603,29.923661485319514,26.80544041450777
2005-11-24,23.42426597582038,29.96390328151986,26.69408462867012
2005-11-25,23.21839378238342,31.55379965457686,27.38609671848014
2005-11-26,25.297150259067354,32.109067357512956,28.703108808290153
2005-11-27,23.793177892918827,30.647236614853195,27.22020725388601
2005-11-28,22.859499136442142,29.425388601036268,26.142443868739207
2005-11-29,22.792832469775473,28.878497409326428,25.835664939550952
2005-11-30,22.752849740932643,29.83419689119171,26.293523316062178
2005-12-01,23.28307426597582,31.44438687392055,27.363730569948185
2005-12-02,21.88246977547496,30.725906735751295,26.304188255613127
2005-12-03,22.026165803108807,37.19438687392055,29.61027633851468
2005-12-04,23.1080310880829,35.53989637305699,29.323963730569943
2005-12-05,22.395423143350605,33.270552677029364,27.832987910189985
2005-12-06,23.56796200345423,32.47409326424871,28.021027633851467
2005-12-07,23.00949913644214,31.39015544041451,27.199827288428324
2005-12-08,24.032210708117443,29.25397236614853,26.64309153713299
2005-12-09,20.50397236614853,31.71433506044905,26.109153713298788
2005-12-10,22.21908462867012,32.81675302245251,27.517918825561317
2005-12-11,22.226597582037996,35.491018998272885,28.85880829015544
2005-12-12,23.497754749568223,30.05043177892919,26.774093264248705
2005-12-13,22.674870466321245,30.800259067357512,26.737564766839377
2005-12-14,22.65250431778929,31.768739205526767,27.21062176165803
2005-12-15,23.223316062176163,29.77184801381693,26.497582037996544
2005-12-16,22.05673575129534,31.21683937823834,26.63678756476684
2005-12-17,22.76804835924007,32.98203799654576,27.875043177892916
2005-12-18,23.678238341968914,33.95250431778929,28.815371329879103
2005-12-19,23.517012089810017,29.915544041450776,26.716278065630398
2005-12-20,22.406131260794474,33.43195164075993,27.9190414507772
2005-12-21,22.80362694300518,37.44464594127807,30.124136442141626
2005-12-22,23.889205526770294,33.58436960276339,28.736787564766843
2005-12-23,22.907340241796202,33.74240069084628,28.324870466321244
2005-12-24,23.03860103626943,30.68229706390328,26.860449050086356
2005-12-25,22.46476683937824,32.76571675302245,27.615241796200344
2005-12-26,23.19896373056995,32.3853195164076,27.792141623488774
2005-12-28,22.487305699481865,30.806908462867014,26.64710708117444
2005-12-29,22.412262521588943,29.629620034542313,26.020941278065628
2005-12-30,22.118221070811746,29.59991364421416,25.859067357512952
2005-12-31,23.404576856649395,29.842746113989637,26.623661485319516
2006-01-01,21.61009490940466,32.63727351164797,27.123684210526314
2006-01-02,22.020707506471094,30.183002588438306,26.1018550474547
2006-01-03,23.657808455565142,30.75211389128559,27.204961173425367
2006-01-04,22.44676445211389,31.24365832614323,26.845211389128558
2006-01-05,22.42113891285591,31.039775668679894,26.7304572907679
2006-01-06,23.403364969801554,32.04477998274375,27.724072476272653
2006-01-07,21.890077653149266,31.9588438308887,26.924460742018983
2006-01-08,23.11406384814495,31.678947368421053,27.396505608283
2006-01-09,21.89965487489215,29.576272648835204,25.737963761863675
2006-01-10,22.074115616911133,30.16574633304573,26.11993097497843
2006-01-11,21.990595340811044,30.170491803278686,26.080543572044867
2006-01-12,22.919068162208802,29.48869715271786,26.203882657463332
2006-01-13,23.552286453839514,32.41216566005177,27.982226056945642
2006-01-14,22.54849007765315,33.28144952545298,27.914969801553063
2006-01-15,24.282830025884383,30.867989646246766,27.575409836065575
2006-01-16,22.92389991371872,30.492752372735115,26.70832614322692
2006-01-17,21.01811906816221,31.915875754961174,26.466997411561692
2006-01-18,24.272735116479723,32.355823986195,28.31427955133736
2006-01-19,23.045038826574633,29.738567730802416,26.391803278688524
2006-01-20,23.11725625539258,29.57894736842105,26.348101811906815
2006-01-21,23.295254529767043,31.886798964624678,27.591026747195862
2006-01-22,23.545815358067298,30.220276100086284,26.88304572907679
2006-01-23,23.85427092320966,35.84132873166523,29.847799827437445
2006-01-24,23.651768766177742,33.475668679896465,28.563718723037105
2006-01-25,23.605004314063848,33.48265746333046,28.543830888697155
2006-01-26,23.18817946505608,33.84736842105263,28.517773943054355
2006-01-27,23.54167385677308,35.01613459879206,29.27890422778257
2006-01-28,23.495340811044002,38.46074201898188,30.978041415012942
2006-01-29,23.261518550474545,32.69188955996549,27.97670405522002
2006-01-31,24.07592752372735,31.47584124245039,27.775884383088872
2006-02-01,23.218895599654875,31.287661777394305,27.25327868852459
2006-02-02,24.946591889559965,31.838567730802417,28.39257981018119
2006-02-03,23.872821397756685,28.68067299396031,26.276747195858498
2006-02-04,23.779896462467647,31.75323554788611,27.766566005176877
2006-02-05,23.49879206212252,30.38757549611734,26.943183779119927
2006-02-06,23.495168248490078,33.467040552200174,28.481104400345124
2006-02-07,22.85867126833477,34.29594477998275,28.57730802415876
2006-02-08,23.493701466781708,33.23606557377049,28.3648835202761
2006-02-09,24.43183779119931,33.178084555651424,28.80496117342537
2006-02-10,23.851164797239,33.99551337359793,28.923339085418466
2006-02-11,22.668334771354615,32.849266609145815,27.758800690250215
2006-02-12,21.957981018119067,32.965314926660916,27.46164797238999
2006-02-13,23.96626402070751,33.85677308024159,28.911518550474547
2006-02-14,22.87920621225194,32.23321829163072,27.556212251941332
2006-02-15,23.46402070750647,33.19991371872304,28.331967213114755
2006-02-16,23.195168248490077,31.93468507333909,27.564926660914583
2006-02-17,23.461691113028472,33.33218291630716,28.396937014667817
2006-02-18,22.975409836065573,33.69620362381363,28.335806729939602
2006-02-19,23.438912855910267,34.09956859361519,28.769240724762728
2006-02-20,22.395427092320965,33.115530629853325,27.755478861087145
2006-02-21,22.884296807592754,32.76100086281277,27.822648835202763
2006-02-22,23.748058671268335,32.991889559965486,28.369974115616913
2006-02-23,24.218895599654875,33.652890422778256,28.935893011216564
2006-02-24,25.104314063848147,33.698878343399485,29.401596203623818
2006-02-25,24.20923209663503,32.85263157894737,28.5309318377912
2006-02-26,24.550215703192407,33.04124245038827,28.795729076790337
2006-02-27,24.536238136324418,31.665487489214843,28.10086281276963
2006-02-28,24.00181190681622,32.41509922346851,28.208455565142366
2006-03-01,23.525452976704056,31.25737704918033,27.391415012942193
2006-03-02,23.11044003451251,32.333218291630715,27.72182916307161
2006-03-03,23.32053494391717,31.621138912855912,27.47083692838654
2006-03-04,22.447454702329594,31.481449525452977,26.964452113891284
2006-03-05,24.6786022433132,32.207075064710956,28.44283865401208
2006-03-06,24.638308886971526,33.639775668679896,29.13904227782571
2006-03-07,23.885591026747196,29.62182916307161,26.7537100949094
2006-03-08,23.479206212251942,32.945901639344264,28.212553925798105
2006-03-09,22.374460742018982,32.6518550474547,27.513157894736842
2006-03-10,24.029076790336497,30.28213977566868,27.155608283002586
2006-03-11,22.148490077653147,31.096893874029337,26.622691975841242
2006-03-12,23.15323554788611,31.163503019844693,27.1583692838654
2006-03-13,23.174460742018983,31.309577221742884,27.242018981880932
2006-03-14,22.734771354616047,31.072562553925795,26.90366695427092
2006-03-15,22.372303710094908,31.137014667817088,26.754659188955998
2006-03-16,23.768593615185505,33.22890422778257,28.498748921484037
2006-03-17,24.035806729939605,33.02916307161346,28.53248490077653
2006-03-18,23.915616911130286,33.632096635030194,28.77385677308024
2006-03-19,24.13692838654012,31.047454702329595,27.592191544434858
2006-03-20,23.77446074201898,32.219585849870576,27.99702329594478
2006-03-21,23.433822260569457,30.99223468507334,27.2130284728214
2006-03-22,21.79784296807593,31.679982743744606,26.738912855910268
2006-03-23,24.29085418464193,29.917860224331324,27.104357204486625
2006-03-24,21.384383088869715,32.671440897325276,27.027911993097497
2006-03-25,21.991630716134598,31.420534943917172,26.706082830025885
2006-03-26,22.52191544434858,34.139948231233824,28.3309318377912
2006-03-27,24.20155306298533,31.70146678170837,27.95150992234685
2006-03-29,22.540897325280415,32.245211389128556,27.393054357204484
2006-03-30,22.77670405522002,32.49352890422778,27.635116479723898
2006-03-31,23.432959447799828,31.95591026747196,27.694434857635894
2006-04-01,23.600690250215703,31.285849870578087,27.443270060396895
2006-04-02,22.016048317515096,30.446505608283,26.23127696289905
2006-04-03,23.094909404659187,31.004227782571185,27.049568593615184
2006-04-04,22.266867989646247,31.09991371872304,26.683390854184644
2006-04-05,21.706212251941327,29.567471958584985,25.636842105263156
2006-04-06,20.172131147540984,29.986108714408974,25.07911993097498
2006-04-07,23.003710094909405,30.06445211389128,26.534081104400343
2006-04-08,22.850474547023296,29.589818809318377,26.220146678170835
2006-04-09,22.856169111302847,29.82234685073339,26.339257981018118
2006-04-10,24.593615185504746,28.87799827437446,26.735806729939604
2006-04-11,23.952200172562552,31.934253666954273,27.943226919758413
2006-04-12,24.062726488352027,32.86798964624676,28.465358067299395
2006-04-13,23.427782571182053,32.77049180327869,28.09913718723037
2006-04-14,22.824072476272647,32.40690250215703,27.61548748921484
2006-04-15,24.21251078515962,31.732528041415012,27.972519413287316
2006-04-16,23.602847282139777,31.070319240724764,27.33658326143227
2006-04-17,24.096376186367557,32.84374460742019,28.470060396893874
2006-04-18,23.477653149266608,29.801639344262295,26.63964624676445
2006-04-19,21.763071613459882,30.086108714408976,25.92459016393443
2006-04-20,22.20888697152718,29.4618636755824,25.83537532355479
2006-04-21,21.50862812769629,32.15125107851596,26.829939603106126
2006-04-22,22.237532355478862,32.249094046591885,27.243313201035374
2006-04-23,21.662122519413288,29.6869715271786,25.674547023295943
2006-04-24,22.231147540983606,30.403451251078515,26.31729939603106
2006-04-25,22.503364969801556,30.33088869715272,26.417126833477138
2006-04-26,21.759792924935287,29.621311475409836,25.69055220017256
2006-04-27,22.11182053494392,30.497325280414152,26.304572907679038
2006-04-28,22.740379637618634,31.568507333908542,27.154443485763586
2006-04-29,22.863416738567732,31.28964624676445,27.076531492666092
2006-04-30,23.045987920621226,31.32346850733391,27.184728213977568
2006-05-01,22.43718723037101,31.4053494391717,26.921268334771355
2006-05-02,21.90094909404659,31.402933563416738,26.651941328731667
2006-05-03,22.551941328731665,34.4916307161346,28.521786022433133
2006-05-04,21.097152717860226,35.97497842968076,28.536065573770493
2006-05-05,20.113201035375326,35.53451251078516,27.823856773080244
2006-05-06,21.36902502157032,33.533304572907674,27.451164797238995
2006-05-07,20.708110440034513,32.32536669542709,26.516738567730805
2006-05-08,23.77497842968076,31.183433994823123,27.479206212251942
2006-05-09,22.82855910267472,31.36462467644521,27.096591889559967
2006-05-10,28.47886108714409,29.744779982743744,29.111820534943917
2006-05-11,25.850992234685073,32.80457290767903,29.327782571182052
2006-05-12,25.928645383951682,34.871009490940466,30.399827437446074
2006-05-13,19.74762726488352,30.357549611734253,25.052588438308888
2006-05-14,20.450560828300258,31.166264020707505,25.80841242450388
2006-05-15,19.563071613459883,30.157635893011214,24.86035375323555
2006-05-16,21.437359792924937,28.49344262295082,24.96540120793788
2006-05-17,22.118377911993097,28.055996548748922,25.087187230371008
2006-05-18,19.630716134598792,26.740293356341674,23.185504745470233
2006-05-19,19.113028472821398,31.93399482312338,25.52351164797239
2006-05-20,19.944693701466782,30.751941328731665,25.348317515099225
2006-05-21,20.17920621225194,31.512597066436584,25.845901639344262
2006-05-22,24.56643658326143,29.00276100086281,26.78459879206212
2006-05-23,15.325798101811905,29.459447799827437,22.39262295081967
2006-05-24,24.071613459879206,28.26013805004314,26.16587575496117
2006-05-25,25.64676445211389,28.978515962036237,27.312640207075063
2006-05-26,21.293874029335633,28.399827437446074,24.846850733390852
2006-05-27,19.840034512510783,28.770405522001727,24.305220017256254
2006-05-28,20.419672131147543,28.140638481449525,24.280155306298532
2006-05-29,21.159102674719588,30.739516824849005,25.949309749784298
2006-05-30,20.824935289042276,32.93270060396894,26.878817946505606
2006-05-31,20.650388265746333,30.94805867126834,25.799223468507336
2006-06-01,21.875064710957723,29.69551337359793,25.785289042277824
2006-06-02,21.73451251078516,30.667471958584986,26.200992234685074
2006-06-03,18.809232096635032,28.49223468507334,23.650733390854185
2006-06-04,14.621742881794649,28.684987057808456,21.65336496980155
2006-06-05,12.938222605694564,26.16367558239862,19.550949094046594
2006-06-06,19.337100949094047,27.83123382226057,23.58416738567731
2006-06-07,17.263244176013803,27.942709232096632,22.602976704055216
2006-06-08,20.08774805867127,29.08421052631579,24.58597929249353
2006-06-09,20.817256255392582,28.569628990509056,24.69344262295082
2006-06-10,19.582657463330456,29.27748058671268,24.430069025021567
2006-06-11,20.587316652286454,28.27351164797239,24.430414150129423
2006-06-12,22.679637618636757,29.17834339948231,25.92899050905953
2006-06-13,24.517342536669542,27.225884383088868,25.871613459879207
2006-06-14,15.453753235547888,28.420017256255395,21.936885245901642
2006-06-15,17.85634167385677,28.847195858498708,23.35176876617774
2006-06-16,20.2969801553063,29.011130284728214,24.654055220017256
2006-06-17,20.938740293356343,28.469456427955134,24.70409836065574
2006-06-18,21.376013805004312,28.935806729939603,25.15591026747196
2006-06-19,21.36988783433995,27.23218291630716,24.301035375323554
2006-06-20,21.738654012079376,27.59948231233822,24.6690681622088
2006-06-21,21.409318377911994,28.175496117342536,24.792407247627267
2006-06-22,20.832528041415014,30.167299396031062,25.499913718723036
2006-06-23,19.408714408973253,26.179033649698017,22.793874029335633
2006-06-24,17.767385677308024,27.302070750647108,22.534728213977566
2006-06-25,19.95090595340811,27.981018119068164,23.96596203623814
2006-06-26,16.452717860224332,29.185936151855046,22.81932700603969
2006-06-28,19.707333908541845,28.78602243313201,24.24667817083693
2006-06-29,18.796203623813632,30.24788610871441,24.52204486626402
2006-06-30,19.788783433994823,28.810267471958582,24.299525452976702
2006-07-01,17.8267471958585,27.089042277825712,22.457894736842107
2006-07-02,19.142709232096635,28.650043140638484,23.89637618636756
2006-07-03,20.901035375323556,26.02320966350302,23.46212251941329
2006-07-04,19.836496980155307,26.74736842105263,23.29193270060397
2006-07-05,17.743572044866262,25.912683347713546,21.828127696289904
2006-07-06,19.45409836065574,27.05202761000863,23.253062985332186
2006-07-07,16.77920621225194,27.63002588438309,22.204616048317515
2006-07-08,20.17618636755824,29.649180327868855,24.912683347713546
2006-07-09,21.33218291630716,28.53658326143227,24.934383088869716
2006-07-10,20.340552200172564,28.391113028472823,24.36583261432269
2006-07-11,18.6053494391717,28.222174288179467,23.41376186367558
2006-07-12,20.81190681622088,30.545556514236413,25.678731665228646
2006-07-13,20.02346850733391,29.68731665228645,24.85539257981018
2006-07-14,18.505867126833476,29.01345987920621,23.759663503019844
2006-07-15,18.75556514236411,28.999654874892148,23.877610008628128
2006-07-16,14.021656600517687,28.90707506471096,21.464365832614323
2006-07-17,18.960742018981882,28.400862812769628,23.680802415875753
2006-07-18,19.18179465056083,27.957549611734255,23.56967213114754
2006-07-19,20.357031924072476,28.25056082830026,24.30379637618637
2006-07-20,20.431147540983606,30.28783433994823,25.359490940465918
2006-07-21,17.5541846419327,27.896807592752374,22.725496117342537
2006-07-22,18.828213977566868,28.867213114754097,23.847713546160485
2006-07-23,16.603192407247626,28.93753235547886,22.770362381363242
2006-07-24,15.724590163934426,29.249352890422777,22.486971527178603
2006-07-25,21.122174288179465,27.22709232096635,24.174633304572907
2006-07-26,16.63002588438309,30.982571182053498,23.806298533218296
2006-07-27,19.075150992234683,28.604831751509924,23.8399913718723
2006-07-28,19.716738567730804,31.2474547023296,25.482096635030203
2006-07-29,18.66937014667817,31.470923209663507,25.070146678170836
2006-07-30,20.85297670405522,30.13623813632442,25.49460742018982
2006-07-31,21.404918032786885,33.18705780845557,27.29598792062123
2006-08-01,21.461345987920623,36.241673856773076,28.85150992234685
2006-08-02,21.370664365832614,31.183865401207935,26.277264883520274
2006-08-03,21.031147540983607,30.484814495254533,25.757981018119068
2006-08-04,21.19551337359793,28.81777394305436,25.006643658326144
2006-08-05,18.228127696289906,28.960742018981882,23.594434857635896
2006-08-06,16.93097497842968,28.186971527178603,22.558973252804144
2006-08-07,18.92088006902502,27.913373597929247,23.417126833477134
2006-08-08,17.362036238136323,27.503192407247628,22.432614322691975
2006-08-09,17.972562553925798,30.034167385677307,24.003364969801552
2006-08-10,20.038136324417604,28.891803278688524,24.464969801553064
2006-08-11,19.635202761000862,30.66773080241588,25.151466781708372
2006-08-12,18.517773943054355,26.565056082830026,22.54141501294219
2006-08-13,19.16695427092321,25.216307161345988,22.191630716134597
2006-08-14,17.665056082830024,27.2595340811044,22.462295081967213
2006-08-15,19.55694564279551,31.46626402070751,25.511604831751512
2006-08-16,19.938912855910267,32.973339085418466,26.456125970664367
2006-08-17,20.889818809318378,31.230284728213977,26.06005176876618
2006-08-18,20.778429680759277,30.680931837791196,25.729680759275237
2006-08-19,18.91276962899051,30.051423641069885,24.482096635030196
2006-08-20,21.007075064710957,31.154270923209666,26.080672993960313
2006-08-21,20.468334771354616,31.102502157031928,25.78541846419327
2006-08-22,21.238826574633304,30.458153580672995,25.84849007765315
2006-08-23,20.583088869715272,29.984900776531493,25.283994823123383
2006-08-24,18.291458153580674,33.60647109577222,25.94896462467645
2006-08-25,21.20440034512511,30.16971527178602,25.687057808455563
2006-08-26,21.03295944779983,31.88334771354616,26.458153580672995
2006-08-27,18.565573770491802,28.995081967213117,23.78032786885246
2006-08-28,19.73572044866264,32.23986194995686,25.98779119930975
2006-08-29,18.701639344262297,28.634857635893013,23.668248490077655
2006-08-30,18.574115616911133,30.630112165660055,24.602113891285594
2006-08-31,19.184124245038827,29.6274374460742,24.405780845556514
2006-09-01,18.80008628127696,28.006212251941328,23.403149266609145
2006-09-02,20.142277825711822,29.75452976704055,24.948403796376187
2006-09-03,18.42329594477998,28.419844693701467,23.421570319240722
2006-09-04,21.5030198446937,30.715012942191542,26.109016393442623
2006-09-05,20.3244176013805,27.87713546160483,24.100776531492663
2006-09-06,20.56755823986195,32.89646246764452,26.732010353753232
2006-09-07,17.085849870578084,24.35323554788611,20.719542709232098
2006-09-08,20.22830025884383,25.44521138912856,22.836755823986195
2006-09-09,19.351164797239,29.607075064710955,24.479119930974978
2006-09-10,17.561087144089733,30.09042277825712,23.825754961173427
2006-09-11,21.580327868852457,29.648403796376186,25.61436583261432
2006-09-12,20.26574633304573,28.235634167385676,24.250690250215705
2006-09-13,19.158584987057807,29.006212251941328,24.082398619499568
2006-09-14,18.95176876617774,37.19076790336497,28.071268334771354
2006-09-15,19.440379637618637,31.373770491803278,25.40707506471096
2006-09-16,21.184124245038827,38.096548748921485,29.640336496980154
2006-09-17,21.90690250215703,47.888610871440896,34.897756686798964
2006-09-18,23.825107851596204,29.454270923209663,26.63968938740293
2006-09-19,25.933822260569457,36.96738567730802,31.45060396893874
2006-09-20,22.653925798101813,30.606125970664365,26.630025884383087
2006-09-21,20.709922346850732,29.043572044866263,24.8767471958585
2006-09-22,25.539171699741157,30.790509059534077,28.164840379637617
2006-09-23,20.781967213114754,31.699050905953406,26.24050905953408
2006-09-24,21.253408110440034,30.06816220880069,25.66078515962036
2006-09-25,21.65979292493529,33.816997411561694,27.73839516824849
2006-09-27,20.807333908541846,30.14995685936152,25.478645383951683
2006-09-28,18.81432269197584,29.691630716134597,24.252976704055218
2006-09-29,18.805176876617775,28.43934426229508,23.62226056945643
2006-09-30,21.872217428817947,29.319499568593617,25.59585849870578
2006-10-01,20.408110440034513,28.29861949956859,24.353364969801554
2006-10-02,22.229853321829165,27.609404659188954,24.91962899050906
2006-10-03,23.158153580672995,28.928645383951686,26.04339948231234
2006-10-04,22.58852459016393,30.1113891285591,26.349956859361516
2006-10-05,22.958843830888696,31.01276962899051,26.985806729939604
2006-10-06,22.24762726488352,29.673166522864538,25.960396893874027
2006-10-07,22.372044866264023,32.21285591026747,27.29245038826575
2006-10-08,22.259361518550474,29.432355478861087,25.84585849870578
2006-10-09,21.437359792924934,30.69482312338223,26.06609145815358
2006-10-10,20.514495254529766,26.65323554788611,23.583865401207937
2006-10-11,20.872389991371872,28.693615185504747,24.783002588438308
2006-10-12,21.21164797238999,33.61363244176014,27.412640207075064
2006-10-13,20.438136324417602,31.71216566005177,26.075150992234686
2006-10-14,22.04314063848145,32.09283865401208,27.067989646246765
2006-10-15,21.151164797238998,31.74486626402071,26.448015530629853
2006-10-16,20.507851596203622,30.854874892148406,25.681363244176012
2006-10-17,21.880327868852458,32.054270923209664,26.96729939603106
2006-10-18,21.218464193270062,28.29654874892148,24.757506471095773
2006-10-19,20.932959447799828,29.9434857635893,25.438222605694563
2006-10-20,21.53606557377049,30.071527178602246,25.80379637618637
2006-10-21,22.232614322691976,30.733477135461605,26.483045729076792
2006-10-22,21.40215703192407,27.27670405522002,24.339430543572043
2006-10-23,20.825711820534945,28.176876617773942,24.501294219154445
2006-10-24,22.05237273511648,25.86013805004314,23.956255392579813
2006-10-25,20.696893874029335,27.79111302847282,24.24400345125108
2006-10-26,21.493356341673856,24.914236410698877,23.203796376186368
2006-10-27,20.41285591026747,29.326315789473682,24.869585849870575
2006-10-28,20.793183779119932,31.61630716134599,26.20474547023296
2006-10-29,21.825711820534945,31.630025884383087,26.727868852459018
2006-10-30,21.671095772217427,31.507851596203622,26.589473684210525
2006-10-31,21.234685073339087,30.50414150129422,25.869413287316654
2006-11-01,20.350647109577224,30.881535806729936,25.61609145815358
2006-11-02,20.55573770491803,30.57351164797239,25.56462467644521
2006-11-03,20.713546160483176,28.96436583261432,24.838955996548748
2006-11-04,19.76194995685936,30.288438308886974,25.025194132873168
2006-11-05,20.91078515962036,30.267471958584988,25.589128559102676
2006-11-06,22.74193270060397,32.07497842968076,27.40845556514237
2006-11-07,22.894305435720447,31.126143226919755,27.010224331320103
2006-11-08,22.905349439171697,33.6220880069025,28.2637187230371
2006-11-09,22.497152717860224,29.28308886971527,25.890120793787748
2006-11-10,20.94969801553063,29.567903364969798,25.25880069025021
2006-11-11,23.45565142364107,26.70181190681622,25.078731665228645
2006-11-12,22.02355478861087,30.100172562553926,26.061863675582398
2006-11-13,21.88955996548749,21.626229508196722,21.757894736842104
2006-11-14,22.97722174288179,27.705953408110442,25.341587575496117
2006-11-15,23.13899913718723,30.517687661777394,26.828343399482314
2006-11-16,21.75685936151855,30.11259706643658,25.934728213977564
2006-11-17,22.333390854184643,31.393874029335635,26.86363244176014
2006-11-18,23.706471095772216,30.379551337359793,27.043011216566004
2006-11-19,22.227782571182054,33.11889559965488,27.673339085418466
2006-11-20,22.341846419327005,30.71337359792925,26.52761000862813
2006-11-21,22.027868852459015,31.02200172562554,26.524935289042276
2006-11-22,21.222088006902503,29.99257981018119,25.607333908541847
2006-11-23,22.316997411561694,29.526056945642793,25.921527178602243
2006-11-24,20.915185504745466,30.02709232096635,25.471138912855906
2006-11-25,23.234081104400346,29.300690250215702,26.267385677308024
2006-11-26,20.161432269197586,30.024503882657463,25.092968075927523
2006-11-27,24.643917169974117,30.61967213114754,27.631794650560828
2006-11-28,21.793787748058673,30.004400345125106,25.89909404659189
2006-11-29,20.128817946505606,29.50120793787748,24.815012942191544
2006-11-30,21.762036238136325,31.506471095772216,26.634253666954272
2006-12-01,21.994909404659186,28.126833477135463,25.060871440897323
2006-12-02,20.944521138912858,29.581967213114755,25.263244176013806
2006-12-03,21.38490077653149,29.335547886108717,25.360224331320104
2006-12-04,21.019844693701465,29.202070750647106,25.110957722174284
2006-12-05,21.731061259706642,30.56358930112166,26.14732528041415
2006-12-06,20.171095772217427,29.615962036238138,24.893528904227782
2006-12-07,21.679637618636757,29.761000862812768,25.720319240724763
2006-12-08,20.428127696289906,29.954357204486627,25.191242450388266
2006-12-09,21.172131147540984,29.49413287316652,25.33313201035375
2006-12-10,21.250474547023295,29.69680759275237,25.473641069887833
2006-12-11,22.714150129421917,29.718550474547026,26.21635030198447
2006-12-12,21.230112165660053,29.191544434857637,25.210828300258846
2006-12-13,22.55660051768766,28.876790336496978,25.71669542709232
2006-12-14,22.63183779119931,27.151596203623814,24.891716997411564
2006-12-15,24.561691113028473,26.904227782571184,25.73295944779983
2006-12-16,21.552200172562554,27.065660051768766,24.308930112165662
2006-12-17,22.06514236410699,29.4404659188956,25.752804141501294
2006-12-18,22.563330457290768,33.27402933563417,27.918679896462468
2006-12-19,23.023727351164798,30.219068162208803,26.6213977566868
2006-12-20,21.447799827437446,30.328990509059537,25.888395168248493
2006-12-21,21.062295081967214,31.755737704918033,26.409016393442624
2006-12-22,22.00871440897325,31.54909404659189,26.77890422778257
2006-12-23,21.97670405522002,33.82476272648835,27.900733390854185
2006-12-24,20.81268334771355,35.71061259706644,28.261647972389994
2006-12-25,22.87049180327869,32.71855047454702,27.794521138912856
2006-12-27,23.74460742018982,31.701207937877477,27.722907679033646
2006-12-28,22.876704055220017,31.501466781708366,27.18908541846419
2006-12-29,22.312251941328732,31.33960310612597,26.82592752372735
2006-12-30,23.09007765314927,30.369283865401208,26.72968075927524
2006-12-31,22.9427955133736,28.62459016393443,25.783692838654012
2007-01-01,22.12205882352941,27.491176470588236,24.80661764705882
2007-01-02,21.63468858131488,28.25735294117647,24.946020761245677
2007-01-03,20.426211072664362,29.714965397923876,25.070588235294117
2007-01-04,21.636937716262974,28.792474048442905,25.214705882352938
2007-01-05,21.383564013840832,28.030709342560552,24.70713667820069
2007-01-06,20.166782006920414,29.178373702422142,24.672577854671278
2007-01-07,22.176470588235293,30.000865051903116,26.088667820069205
2007-01-08,23.344117647058823,29.909429065743947,26.626773356401387
2007-01-09,22.84818339100346,31.500865051903116,27.17452422145329
2007-01-10,23.609083044982697,31.21522491349481,27.412153979238752
2007-01-11,21.42733564013841,34.07050173010381,27.748918685121108
2007-01-12,23.669982698961938,31.114965397923875,27.392474048442907
2007-01-13,23.807871972318342,30.167647058823533,26.987759515570936
2007-01-14,22.091695501730104,27.285121107266434,24.688408304498267
2007-01-15,24.56098615916955,33.885121107266436,29.223053633217994
2007-01-16,22.64515570934256,30.510121107266432,26.577638408304495
2007-01-17,21.519290657439445,31.953460207612455,26.73637543252595
2007-01-18,22.183131487889273,31.91522491349481,27.04917820069204
2007-01-19,20.570847750865052,31.30363321799308,25.93724048442907
2007-01-20,21.785034602076124,31.646020761245676,26.7155276816609
2007-01-21,21.015916955017303,31.893685121107264,26.454801038062286
2007-01-22,23.16479238754325,31.8348615916955,27.499826989619375
2007-01-23,21.163494809688583,31.04022491349481,26.1018598615917
2007-01-24,21.401643598615916,30.253806228373705,25.827724913494812
2007-01-25,20.64576124567474,29.94065743944637,25.293209342560555
2007-01-26,19.536851211072666,30.086764705882356,24.81180795847751
2007-01-27,20.46712802768166,31.589705882352945,26.028416955017303
2007-01-28,22.15493079584775,30.235034602076123,26.194982698961937
2007-01-29,22.012629757785465,29.650778546712804,25.831704152249134
2007-01-30,20.9659169550173,29.113408304498268,25.039662629757785
2007-01-31,22.334948096885814,28.077768166089967,25.20635813148789
2007-02-01,21.338148788927338,27.758823529411764,24.54848615916955
2007-02-02,22.550259515570936,28.39022491349481,25.470242214532874
2007-02-03,23.23295847750865,31.75493079584775,27.4939446366782
2007-02-04,21.64083044982699,30.713494809688584,26.177162629757788
2007-02-05,23.128460207612456,30.625778546712805,26.87711937716263
2007-02-06,21.083131487889275,31.91089965397924,26.49701557093426
2007-02-07,21.8098615916955,31.570501730103807,26.690181660899654
2007-02-08,22.208737024221453,32.101384083044984,27.15506055363322
2007-02-09,22.119982698961937,30.514705882352942,26.317344290657438
2007-02-10,21.82794117647059,32.28546712802768,27.056704152249136
2007-02-11,20.153892733564014,32.30484429065744,26.229368512110728
2007-02-12,20.465051903114187,32.921972318339094,26.69351211072664
2007-02-13,23.067301038062283,33.19325259515571,28.130276816608998
2007-02-14,20.69749134948097,30.72776816608997,25.71262975778547
2007-02-15,23.339273356401385,31.3780276816609,27.358650519031144
2007-02-16,20.965743944636678,31.7030276816609,26.33438581314879
2007-02-17,22.701816608996538,31.04602076124567,26.873918685121104
2007-02-18,22.146107266435987,32.54584775086505,27.34597750865052
2007-02-19,22.036851211072662,31.518858131487892,26.777854671280277
2007-02-20,22.58641868512111,32.3992214532872,27.492820069204154
2007-02-21,21.744463667820067,30.8719723183391,26.308217993079584
2007-02-22,22.069809688581316,29.715570934256053,25.892690311418683
2007-02-23,20.89878892733564,28.76461937716263,24.831704152249138
2007-02-24,21.409342560553632,29.32871972318339,25.36903114186851
2007-02-25,22.788581314878893,28.991176470588236,25.889878892733563
2007-02-26,21.582871972318337,29.18615916955017,25.384515570934255
2007-02-27,22.805276816609,30.64887543252595,26.727076124567475
2007-02-28,22.1,29.259342560553637,25.67967128027682
2007-03-01,23.208910034602077,30.544809688581317,26.876859861591697
2007-03-02,21.80311418685121,28.7886678200692,25.295891003460206
2007-03-03,21.259515570934255,31.653200692041523,26.45635813148789
2007-03-04,23.242128027681662,30.43044982698962,26.83628892733564
2007-03-05,21.81704152249135,28.252076124567477,25.034558823529416
2007-03-06,22.264359861591693,27.93001730103806,25.097188581314875
2007-03-07,20.87508650519031,29.025173010380623,24.95012975778547
2007-03-08,20.009602076124565,30.2060553633218,25.10782871972318
2007-03-09,19.435553633217992,29.73970588235294,24.587629757785464
2007-03-10,18.7439446366782,29.975173010380626,24.35955882352941
2007-03-11,20.21773356401384,29.75423875432526,24.98598615916955
2007-03-12,22.43062283737024,30.968771626297578,26.69969723183391
2007-03-13,19.96271626297578,29.730968858131487,24.846842560553632
2007-03-14,22.18719723183391,30.0,26.093598615916953
2007-03-15,20.786851211072662,30.525951557093425,25.656401384083043
2007-03-16,23.71470588235294,30.59221453287197,27.153460207612454
2007-03-17,21.472145328719723,31.20406574394464,26.33810553633218
2007-03-18,22.791522491349482,32.69792387543253,27.744723183391006
2007-03-19,23.264446366782007,33.043512110726645,28.153979238754324
2007-03-20,22.978460207612457,31.442128027681658,27.21029411764706
2007-03-21,23.091262975778548,32.40259515570934,27.746929065743945
2007-03-22,23.281401384083043,31.360986159169553,27.321193771626298
2007-03-23,20.033391003460206,31.001730103806228,25.517560553633217
2007-03-24,22.257871972318338,30.933996539792386,26.59593425605536
2007-03-25,22.57482698961938,30.744204152249136,26.659515570934257
2007-03-26,23.050951557093427,30.29896193771626,26.674956747404842
2007-03-28,21.444896193771626,30.045415224913494,25.745155709342562
2007-03-29,22.517301038062282,28.38832179930796,25.452811418685123
2007-03-30,21.15510380622837,29.274567474048443,25.214835640138407
2007-03-31,23.316695501730102,29.64126297577855,26.478979238754327
2007-04-01,20.35977508650519,32.05717993079585,26.208477508650518
2007-04-02,20.747404844290656,33.015570934256054,26.881487889273355
2007-04-03,19.914705882352944,31.073183391003457,25.4939446366782
2007-04-04,20.097750865051903,30.761764705882353,25.429757785467128
2007-04-05,20.766262975778545,31.152768166089963,25.959515570934254
2007-04-06,20.733996539792386,33.2038062283737,26.968901384083043
2007-04-07,22.730276816608995,31.142387543252593,26.936332179930794
2007-04-08,20.264705882352942,30.5121107266436,25.38840830449827
2007-04-09,20.096626297577856,31.704584775086506,25.90060553633218
2007-04-10,21.78252595155709,30.869463667820067,26.32599480968858
2007-04-11,21.613754325259517,31.462283737024222,26.53801903114187
2007-04-12,21.676643598615918,30.17517301038062,25.92590830449827
2007-04-13,22.11167820069204,29.731228373702425,25.92145328719723
2007-04-14,22.85553633217993,29.91548442906574,26.385510380622833
2007-04-15,20.21115916955017,29.145934256055366,24.67854671280277
2007-04-16,20.52612456747405,28.577162629757783,24.551643598615918
2007-04-17,21.08036332179931,28.357093425605537,24.718728373702426
2007-04-18,21.05977508650519,28.527335640138407,24.7935553633218
2007-04-19,21.831487889273358,33.21479238754325,27.5231401384083
2007-04-20,21.19870242214533,28.386937716262977,24.792820069204154
2007-04-21,23.24403114186851,21.0621107266436,22.153070934256057
2007-04-22,19.733391003460206,21.695328719723182,20.714359861591696
2007-04-23,18.21340830449827,22.639965397923874,20.426686851211073
2007-04-24,22.591782006920415,-13.65493079584775,4.468425605536332
2007-04-25,21.291176470588233,22.222058823529412,21.756617647058825
2007-04-26,20.94204152249135,29.232179930795848,25.0871107266436
2007-04-27,20.715138408304497,29.813235294117646,25.264186851211072
2007-04-28,21.594723183391004,30.38849480968858,25.991608996539792
2007-04-29,20.554498269896193,28.872231833910035,24.713365051903114
2007-04-30,20.236937716262975,28.770501730103803,24.503719723183387
2007-05-01,19.744723183391006,27.938148788927336,23.84143598615917
2007-05-02,19.462456747404843,27.83114186851211,23.646799307958474
2007-05-03,17.79385813148789,26.910640138408304,22.352249134948096
2007-05-04,19.417128027681663,28.850519031141864,24.133823529411764
2007-05-05,21.244896193771623,26.99567474048443,24.120285467128028
2007-05-06,20.83849480968858,27.33304498269896,24.08576989619377
2007-05-07,22.18762975778547,27.91487889273356,25.051254325259514
2007-05-08,19.97655709342561,29.705276816609,24.840916955017306
2007-05-09,19.876124567474047,29.51946366782007,24.697794117647057
2007-05-10,20.112456747404845,29.691782006920413,24.902119377162627
2007-05-11,20.111159169550174,29.114965397923875,24.613062283737023
2007-05-12,21.166003460207612,28.29506920415225,24.73053633217993
2007-05-13,21.161851211072662,26.795415224913494,23.978633217993078
2007-05-14,20.63468858131488,28.55735294117647,24.596020761245676
2007-05-15,19.146020761245673,27.828892733564015,23.487456747404842
2007-05-16,21.21583044982699,29.283304498269896,25.24956747404844
2007-05-17,18.9060553633218,29.249307958477505,24.077681660899653
2007-05-18,18.799653979238755,28.268252595155708,23.53395328719723
2007-05-19,23.83166089965398,29.183996539792386,26.507828719723182
2007-05-20,21.843685121107267,27.907439446366784,24.875562283737025
2007-05-21,19.042387543252595,28.521020761245676,23.781704152249134
2007-05-22,20.921799307958477,27.90060553633218,24.41120242214533
2007-05-23,20.95250865051903,28.05423875432526,24.503373702422145
2007-05-24,20.275346020761244,29.033217993079585,24.654282006920415
2007-05-25,22.676557093425604,26.261937716262974,24.46924740484429
2007-05-26,19.973961937716265,28.47326989619377,24.22361591695502
2007-05-27,19.529671280276816,27.598961937716265,23.564316608996542
2007-05-28,20.012283737024223,26.66453287197232,23.338408304498273
2007-05-29,19.951557093425606,28.667214532871974,24.30938581314879
2007-05-30,20.506487889273355,28.31038062283737,24.408434256055365
2007-05-31,16.14083044982699,28.311245674740483,22.226038062283735
2007-06-01,19.178806228373702,27.49818339100346,23.338494809688584
2007-06-02,18.736764705882354,28.626643598615917,23.681704152249136
2007-06-03,19.9189446366782,29.612370242214535,24.765657439446368
2007-06-04,19.511937716262974,35.51626297577855,27.51410034602076
2007-06-05,19.350173010380622,28.893771626297575,24.121972318339097
2007-06-06,18.373961937716263,28.435207612456747,23.404584775086505
2007-06-07,18.67750865051903,30.12067474048443,24.39909169550173
2007-06-08,19.251989619377163,29.285034602076124,24.268512110726643
2007-06-09,19.850086505190312,26.41721453287197,23.133650519031143
2007-06-10,20.261851211072663,27.057698961937717,23.659775086505192
2007-06-11,19.212370242214533,28.069723183391005,23.64104671280277
2007-06-12,19.81574394463668,27.72387543252595,23.769809688581315
2007-06-13,16.540570934256056,24.271453287197232,20.406012110726643
2007-06-14,19.378287197231835,25.502768166089965,22.4405276816609
2007-06-15,18.71782006920415,30.943166089965402,24.830493079584777
2007-06-16,19.37257785467128,28.79939446366782,24.08598615916955
2007-06-17,18.71141868512111,29.32153979238754,24.016479238754325
2007-06-18,17.311245674740483,26.55553633217993,21.93339100346021
2007-06-19,16.991695501730106,25.328287197231834,21.15999134948097
2007-06-20,22.70406574394464,26.28555363321799,24.494809688581313
2007-06-21,20.06262975778547,27.085640138408305,23.574134948096887
2007-06-22,20.648010380622836,26.628114186851214,23.638062283737025
2007-06-23,21.555882352941175,26.870069204152248,24.212975778546713
2007-06-24,19.810121107266436,26.102076124567475,22.956098615916957
2007-06-25,17.82205882352941,26.873615916955014,22.34783737024221
2007-06-27,18.699134948096887,26.784688581314878,22.741911764705883
2007-06-28,20.257785467128027,28.64437716262976,24.45108131487889
2007-06-29,20.401384083044984,27.322231833910035,23.86180795847751
2007-06-30,19.966782006920415,27.627249134948094,23.797015570934256
2007-07-01,19.077249134948097,27.120415224913497,23.098832179930795
2007-07-02,20.42456747404844,27.4507785467128,23.93767301038062
2007-07-03,18.65423875432526,29.526124567474046,24.090181660899653
2007-07-04,17.82205882352941,28.481833910034602,23.151946366782006
2007-07-05,20.646539792387543,28.23477508650519,24.44065743944637
2007-07-06,17.856055363321797,27.089273356401385,22.47266435986159
2007-07-07,16.771020761245673,25.808737024221454,21.28987889273356
2007-07-08,17.827681660899653,26.925,22.376340830449827
2007-07-09,17.520501730103806,27.671020761245675,22.59576124567474
2007-07-10,20.236072664359863,27.54256055363322,23.88931660899654
2007-07-11,20.71098615916955,27.715570934256057,24.213278546712804
2007-07-12,17.240484429065745,28.94757785467128,23.094031141868513
2007-07-13,18.82603806228374,28.113408304498268,23.469723183391004
2007-07-14,19.252162629757784,30.4106401384083,24.831401384083044
2007-07-15,18.025951557093425,28.23226643598616,23.12910899653979
2007-07-16,20.394896193771626,29.397145328719724,24.896020761245673
2007-07-17,18.845328719723184,28.209948096885814,23.527638408304497
2007-07-18,19.20493079584775,29.82612456747405,24.5155276816609
2007-07-19,17.919896193771628,29.696020761245673,23.80795847750865
2007-07-20,17.80614186851211,31.280795847750863,24.543468858131487
2007-07-21,18.117906574394464,29.469117647058827,23.793512110726645
2007-07-22,19.02681660899654,28.584515570934254,23.8056660899654
2007-07-23,21.022664359861594,27.31098615916955,24.16682525951557
2007-07-24,19.601038062283738,29.565138408304502,24.58308823529412
2007-07-25,20.108996539792386,28.237370242214535,24.173183391003462
2007-07-26,20.59567474048443,29.916262975778544,25.25596885813149
2007-07-27,19.26946366782007,28.166349480968858,23.717906574394462
2007-07-28,20.68062283737024,27.486159169550174,24.083391003460207
2007-07-29,18.51098615916955,27.992301038062283,23.251643598615917
2007-07-30,16.394290657439445,26.81539792387543,21.60484429065744
2007-07-31,18.050692041522492,26.612629757785466,22.33166089965398
2007-08-01,13.666868512110726,26.034429065743943,19.850648788927334
2007-08-02,16.508477508650518,25.778373702422144,21.14342560553633
2007-08-03,20.66825259515571,25.728460207612457,23.198356401384082
2007-08-04,18.132093425605536,25.858391003460206,21.995242214532873
2007-08-05,18.92448096885813,25.738754325259517,22.331617647058824
2007-08-06,18.719809688581314,27.889273356401382,23.30454152249135
2007-08-07,17.850432525951557,25.25181660899654,21.551124567474048
2007-08-08,19.0651384083045,25.736764705882354,22.40095155709343
2007-08-09,17.83217993079585,29.12811418685121,23.48014705882353
2007-08-10,18.150865051903114,26.87136678200692,22.511115916955017
2007-08-11,18.175259515570932,27.142993079584773,22.659126297577853
2007-08-12,17.78884083044983,27.906141868512112,22.84749134948097
2007-08-13,19.148615916955016,28.06704152249135,23.607828719723184
2007-08-14,21.29861591695502,26.997750865051906,24.148183391003464
2007-08-15,17.884515570934255,30.40493079584775,24.144723183391
2007-08-16,18.56228373702422,26.507525951557096,22.534904844290658
2007-08-17,21.885899653979237,25.82067474048443,23.853287197231836
2007-08-18,16.919117647058822,26.33910034602076,21.62910899653979
2007-08-19,19.48719723183391,25.44342560553633,22.46531141868512
2007-08-20,18.70709342560554,26.880276816608994,22.793685121107266
2007-08-21,19.476384083044984,25.958650519031142,22.717517301038065
2007-08-22,17.795155709342563,27.335294117647056,22.56522491349481
2007-08-23,16.4628892733564,25.58598615916955,21.024437716262973
2007-08-24,19.06392733564014,26.341608996539794,22.702768166089967
2007-08-25,19.286937716262976,30.79325259515571,25.040095155709345
2007-08-26,21.673010380622838,29.72612456747405,25.699567474048443
2007-08-27,23.350259515570936,28.462110726643598,25.906185121107267
2007-08-28,19.19714532871972,25.735121107266437,22.46613321799308
2007-08-29,20.30536332179931,28.038754325259514,24.17205882352941
2007-08-30,19.79705882352941,28.270415224913492,24.033737024221452
2007-08-31,19.22378892733564,26.41479238754325,22.819290657439446
2007-09-01,19.049048442906575,25.936851211072664,22.49294982698962
2007-09-02,21.919896193771628,27.537024221453287,24.728460207612457
2007-09-03,18.72006920415225,27.822231833910035,23.271150519031142
2007-09-04,20.208996539792388,26.23719723183391,23.22309688581315
2007-09-05,22.611851211072665,26.44273356401384,24.527292387543252
2007-09-06,20.980363321799306,26.867214532871973,23.92378892733564
2007-09-07,20.856401384083046,27.288754325259514,24.07257785467128
2007-09-08,20.091782006920415,25.178287197231832,22.635034602076125
2007-09-09,18.47984429065744,25.210553633217994,21.84519896193772
2007-09-10,19.05198961937716,27.185726643598617,23.11885813148789
2007-09-11,19.466176470588238,27.411072664359864,23.43862456747405
2007-09-12,21.119982698961937,28.06825259515571,24.594117647058823
2007-09-13,19.782698961937715,26.861245674740484,23.3219723183391
2007-09-14,17.71955017301038,30.94948096885813,24.334515570934254
2007-09-15,19.68797577854671,30.622491349480967,25.15523356401384
2007-09-16,18.777335640138407,29.78607266435986,24.281704152249134
2007-09-17,19.564186851211073,30.52794117647059,25.046064013840834
2007-09-18,21.39844290657439,31.303979238754327,26.35121107266436
2007-09-19,17.992820069204154,31.24385813148789,24.61833910034602
2007-09-20,17.916435986159172,30.75008650519031,24.33326124567474
2007-09-21,17.282006920415224,36.27569204152249,26.77884948096886
2007-09-22,21.55190311418685,28.984515570934256,25.268209342560553
2007-09-23,19.590570934256057,29.298269896193773,24.444420415224915
2007-09-24,20.401038062283735,30.008304498269894,25.204671280276813
2007-09-26,22.419550173010382,27.702076124567473,25.060813148788927
2007-09-27,19.69809688581315,30.2439446366782,24.971020761245676
2007-09-28,19.954584775086506,28.22249134948097,24.08853806228374
2007-09-29,19.52378892733564,30.129757785467127,24.826773356401382
2007-09-30,21.006574394463666,30.490397923875435,25.748486159169552
2007-10-01,20.007871972318338,29.747577854671277,24.87772491349481
2007-10-02,20.707525951557095,30.5386678200692,25.623096885813148
2007-10-03,18.775346020761244,27.487543252595156,23.1314446366782
2007-10-04,22.190484429065744,29.954757785467127,26.072621107266436
2007-10-05,21.358996539792386,27.497404844290656,24.42820069204152
2007-10-06,21.93494809688581,28.55778546712803,25.246366782006923
2007-10-07,22.258910034602074,28.66825259515571,25.463581314878894
2007-10-08,21.266868512110726,29.04602076124567,25.1564446366782
2007-10-09,18.369982698961937,27.45371972318339,22.911851211072666
2007-10-10,19.82975778546713,24.658217993079585,22.243987889273356
2007-10-11,19.58884083044983,26.588667820069205,23.088754325259515
2007-10-12,19.435121107266436,28.130622837370243,23.78287197231834
2007-10-13,18.685034602076126,29.31825259515571,24.001643598615917
2007-10-14,20.532006920415224,29.742474048442908,25.137240484429064
2007-10-15,21.017993079584773,27.653892733564014,24.335942906574395
2007-10-16,19.827595155709343,28.948269896193768,24.387932525951555
2007-10-17,20.60916955017301,31.54204152249135,26.07560553633218
2007-10-18,19.390570934256054,33.56574394463668,26.478157439446367
2007-10-19,20.546107266435985,37.483564013840834,29.014835640138408
2007-10-20,20.968425605536332,34.299307958477506,27.63386678200692
2007-10-21,23.030363321799307,34.485553633218,28.75795847750865
2007-10-22,21.401643598615916,30.18615916955017,25.793901384083043
2007-10-23,20.536332179930795,28.218252595155707,24.37729238754325
2007-10-24,22.32932525951557,31.291868512110728,26.810596885813148
2007-10-25,20.981487889273357,26.834256055363323,23.90787197231834
2007-10-26,21.494809688581316,28.02439446366782,24.75960207612457
2007-10-27,19.44576124567474,44.4280276816609,31.93689446366782
2007-10-28,21.389359861591693,32.594204152249134,26.991782006920413
2007-10-29,21.410467128027683,32.8992214532872,27.15484429065744
2007-10-30,21.259515570934255,31.878287197231835,26.568901384083045
2007-10-31,21.234861591695502,30.693079584775084,25.96397058823529
2007-11-01,22.876643598615917,32.208737024221456,27.54269031141869
2007-11-02,22.172750865051903,31.750778546712805,26.961764705882352
2007-11-03,21.795761245674743,33.92975778546713,27.862759515570936
2007-11-04,20.47387543252595,33.484775086505195,26.979325259515573
2007-11-05,21.232179930795848,33.57283737024221,27.40250865051903
2007-11-06,21.352854671280276,32.136159169550176,26.744506920415226
2007-11-07,21.37932525951557,29.147750865051904,25.263538062283736
2007-11-08,20.376643598615917,28.37205882352941,24.374351211072664
2007-11-09,19.082612456747405,30.477249134948096,24.77993079584775
2007-11-10,19.0340830449827,31.48953287197232,25.26180795847751
2007-11-11,21.11903114186851,30.030882352941173,25.57495674740484
2007-11-12,20.633823529411764,32.12292387543253,26.378373702422145
2007-11-13,21.765138408304498,28.64420415224913,25.204671280276813
2007-11-14,21.317560553633218,28.157093425605538,24.737326989619376
2007-11-15,21.900000000000002,28.990138408304496,25.445069204152247
2007-11-16,21.614446366782005,30.078460207612455,25.846453287197228
2007-11-17,21.883131487889276,30.974221453287196,26.428676470588236
2007-11-18,21.2931660899654,28.069290657439446,24.681228373702425
2007-11-19,21.5818339100346,28.606574394463664,25.094204152249134
2007-11-20,21.600086505190312,30.877681660899654,26.238884083044983
2007-11-21,23.355968858131487,30.347923875432524,26.851946366782006
2007-11-22,21.49930795847751,31.16963667820069,26.3344723183391
2007-11-23,23.857006920415227,36.030103806228375,29.9435553633218
2007-11-24,22.260899653979237,34.812283737024224,28.53659169550173
2007-11-25,21.820415224913496,31.615570934256056,26.717993079584776
2007-11-26,21.788062283737023,33.450346020761245,27.619204152249132
2007-11-27,22.234429065743946,34.40847750865051,28.32145328719723
2007-11-28,22.259342560553634,30.10968858131488,26.18451557093426
2007-11-29,21.998096885813148,32.0,26.999048442906574
2007-11-30,21.525432525951558,28.93615916955017,25.230795847750862
2007-12-01,21.380622837370243,30.536937716262972,25.958780276816608
2007-12-02,20.09264705882353,31.82128027681661,25.95696366782007
2007-12-03,22.30596885813149,34.575346020761245,28.44065743944637
2007-12-04,20.296712802768166,30.49256055363322,25.39463667820069
2007-12-05,21.11955017301038,35.65882352941176,28.389186851211072
2007-12-06,21.777941176470588,32.02923875432526,26.903589965397927
2007-12-07,22.578892733564015,34.4151384083045,28.49701557093426
2007-12-08,21.535034602076124,34.75449826989619,28.144766435986156
2007-12-09,23.379584775086503,32.95173010380623,28.165657439446363
2007-12-10,23.240657439446366,33.58036332179931,28.41051038062284
2007-12-11,22.998269896193772,32.45674740484429,27.727508650519034
2007-12-12,22.625259515570935,32.646799307958474,27.636029411764703
2007-12-13,20.820588235294117,32.78243944636678,26.80151384083045
2007-12-14,23.02249134948097,29.978200692041526,26.50034602076125
2007-12-15,22.887543252595155,31.555795847750865,27.22166955017301
2007-12-16,22.44074394463668,32.51946366782007,27.480103806228374
2007-12-17,22.066262975778546,35.53970588235294,28.802984429065745
2007-12-18,22.379584775086503,31.711851211072666,27.045717993079585
2007-12-19,21.935034602076122,31.575086505190313,26.755060553633218
2007-12-20,21.728806228373703,30.211764705882356,25.97028546712803
2007-12-21,21.705622837370242,30.93192041522491,26.318771626297575
2007-12-22,21.670328719723184,30.177941176470586,25.924134948096885
2007-12-23,22.261159169550176,30.241349480968857,26.251254325259517
2007-12-24,21.52257785467128,29.064273356401387,25.293425605536335
2007-12-26,22.443079584775088,27.022837370242215,24.732958477508653
2007-12-27,21.998269896193772,28.975173010380626,25.4867214532872
2007-12-28,21.916349480968858,30.055795847750865,25.98607266435986
2007-12-29,21.38538062283737,32.47897923875432,26.932179930795847
2007-12-30,21.586159169550175,30.716435986159166,26.15129757785467
2007-12-31,21.44939446366782,32.40276816608996,26.926081314878893
2008-01-01,22.661658031088084,36.25423143350605,29.457944732297065
2008-01-02,21.747582037996548,34.041191709844554,27.894386873920553
2008-01-03,22.22754749568221,34.031174438687394,28.1293609671848
2008-01-04,22.57055267702936,31.09119170984456,26.83087219343696
2008-01-05,23.198618307426596,30.260103626943003,26.7293609671848
2008-01-06,20.502504317789292,31.126943005181346,25.814723661485317
2008-01-07,21.05215889464594,29.355440414507772,25.203799654576855
2008-01-08,21.66321243523316,30.5860103626943,26.12461139896373
2008-01-09,22.36727115716753,29.98195164075993,26.17461139896373
2008-01-10,21.96873920552677,32.763385146804836,27.366062176165805
2008-01-11,21.513385146804836,30.982901554404144,26.24814335060449
2008-01-12,22.572970639032814,31.141450777202074,26.857210708117442
2008-01-13,22.975734024179623,31.676079447322973,27.325906735751296
2008-01-14,23.242487046632125,31.224870466321246,27.233678756476685
2008-01-15,22.22469775474957,29.708981001727114,25.96683937823834
2008-01-16,23.15397236614853,29.540759930915367,26.347366148531947
2008-01-17,23.447668393782386,30.34533678756477,26.896502590673578
2008-01-18,22.26848013816926,32.45820379965458,27.363341968911918
2008-01-19,23.04801381692573,31.683246977547494,27.365630397236615
2008-01-20,23.88031088082902,36.770552677029364,30.325431778929193
2008-01-21,22.533246977547496,38.26088082901554,30.39706390328152
2008-01-22,23.554663212435234,34.909499136442136,29.232081174438683
2008-01-23,22.883937823834195,32.03635578583765,27.460146804835922
2008-01-24,21.975129533678757,30.61753022452504,26.296329879101897
2008-01-25,22.24188255613126,31.961571675302245,27.101727115716752
2008-01-26,22.804576856649398,28.804145077720204,25.8043609671848
2008-01-27,22.489032815198616,29.121502590673572,25.805267702936092
2008-01-28,21.80673575129534,28.78333333333333,25.295034542314333
2008-01-29,21.734110535405872,28.097582037996546,24.91584628670121
2008-01-30,23.128756476683936,30.829620034542312,26.979188255613124
2008-01-31,22.737996545768564,35.81563039723662,29.276813471502592
2008-02-01,21.109326424870467,34.1660621761658,27.637694300518135
2008-02-02,22.035405872193436,34.563298791019,28.29935233160622
2008-02-03,21.745682210708118,31.886269430051815,26.81597582037997
2008-02-04,22.104404145077723,23.20371329879102,22.65405872193437
2008-02-05,22.129533678756477,29.097754749568217,25.61364421416235
2008-02-06,22.713903281519862,30.124179620034546,26.419041450777204
2008-02-07,21.653626943005182,28.82331606217617,25.238471502590677
2008-02-08,23.056476683937824,29.69455958549223,26.375518134715026
2008-02-09,22.266666666666666,31.039550949913647,26.653108808290156
2008-02-10,22.301295336787565,31.828929188255614,27.065112262521588
2008-02-11,23.830397236614854,31.977892918825564,27.90414507772021
2008-02-12,21.828497409326427,31.110535405872195,26.46951640759931
2008-02-13,23.152158894645943,33.362521588946464,28.257340241796204
2008-02-14,21.64879101899827,30.686614853195163,26.167702936096717
2008-02-15,23.03117443868739,30.695941278065632,26.86355785837651
2008-02-16,23.27599309153713,30.887219343696028,27.08160621761658
2008-02-17,21.828411053540588,31.43212435233161,26.6302677029361
2008-02-18,23.383333333333333,31.562607944732296,27.472970639032816
2008-02-19,22.651295336787566,31.43082901554404,27.041062176165802
2008-02-20,20.675474956822107,32.100518134715024,26.387996545768566
2008-02-21,21.615371329879103,31.501122625215892,26.558246977547498
2008-02-22,22.419948186528497,32.313989637305696,27.3669689119171
2008-02-23,23.720293609671845,31.622193436960277,27.67124352331606
2008-02-24,22.513298791019,22.89550949913644,22.70440414507772
2008-02-25,23.509671848013816,30.709240069084633,27.109455958549226
2008-02-26,24.540241796200345,29.56018998272884,27.050215889464592
2008-02-27,23.379965457685664,33.075215889464594,28.22759067357513
2008-02-28,21.81286701208981,32.62400690846287,27.21843696027634
2008-02-29,22.901640759930913,32.923834196891185,27.91273747841105
2008-03-01,21.5059585492228,31.484455958549223,26.49520725388601
2008-03-02,22.424006908462868,30.530656303972368,26.477331606217618
2008-03-03,22.947927461139898,30.945854922279796,26.946891191709845
2008-03-04,21.798963730569948,32.998531951640764,27.398747841105354
2008-03-05,22.311226252158896,33.302158894645935,27.806692573402415
2008-03-06,22.267616580310882,33.59939550949913,27.93350604490501
2008-03-07,21.469343696027632,32.75958549222798,27.114464594127803
2008-03-08,21.592400690846286,32.94438687392055,27.26839378238342
2008-03-09,22.861312607944733,32.20172711571675,27.53151986183074
2008-03-10,23.52979274611399,32.3160621761658,27.922927461139896
2008-03-11,23.16701208981002,31.51865284974093,27.342832469775473
2008-03-12,22.859585492227982,32.40889464594128,27.634240069084633
2008-03-13,23.76355785837651,33.27521588946459,28.519386873920553
2008-03-14,24.017875647668394,33.8887737478411,28.953324697754745
2008-03-15,22.69162348877375,33.75371329879102,28.222668393782385
2008-03-16,22.03644214162349,33.086701208981005,27.561571675302247
2008-03-17,21.445336787564766,34.620034542314336,28.03268566493955
2008-03-18,23.633937823834195,32.053799654576856,27.843868739205526
2008-03-19,22.73782383419689,30.502504317789292,26.62016407599309
2008-03-20,22.740328151986184,29.969689119170987,26.355008635578585
2008-03-21,22.078065630397237,30.649827288428323,26.36394645941278
2008-03-22,22.330310880829014,31.104922279792746,26.71761658031088
2008-03-23,22.399740932642487,31.431174438687396,26.91545768566494
2008-03-24,22.568911917098443,31.189550949913645,26.879231433506042
2008-03-26,22.582642487046634,30.911398963730573,26.7470207253886
2008-03-27,23.281778929188256,28.48316062176166,25.88246977547496
2008-03-28,22.704749568221068,29.252072538860105,25.978411053540587
2008-03-29,20.631865284974094,29.88350604490501,25.25768566493955
2008-03-30,23.115284974093264,28.731433506044905,25.923359240069082
2008-03-31,21.87979274611399,30.238773747841105,26.059283246977547
2008-04-01,21.21096718480138,30.278065630397236,25.744516407599306
2008-04-02,21.43816925734024,29.620811744386874,25.529490500863556
2008-04-03,21.92979274611399,28.53696027633852,25.233376511226254
2008-04-04,21.308981001727116,30.2,25.754490500863557
2008-04-05,20.956131260794475,31.676770293609668,26.31645077720207
2008-04-06,21.351727115716752,31.1,26.225863557858375
2008-04-07,22.278670120898102,28.907599309153714,25.593134715025908
2008-04-08,21.689982728842832,23.038687392055266,22.36433506044905
2008-04-09,22.01632124352332,29.86364421416235,25.939982728842836
2008-04-10,20.973747841105354,31.386183074265972,26.17996545768566
2008-04-11,22.375647668393782,30.36252158894646,26.369084628670123
2008-04-12,22.338860103626946,32.22037996545769,27.27962003454232
2008-04-13,22.232815198618304,31.339119170984453,26.78596718480138
2008-04-14,22.0146804835924,32.807512953367876,27.411096718480138
2008-04-15,23.539378238341968,32.70120898100173,28.120293609671847
2008-04-16,21.751036269430053,32.25742659758204,27.004231433506046
2008-04-17,21.704749568221068,30.961226252158895,26.33298791018998
2008-04-18,22.79706390328152,32.19922279792746,27.49814335060449
2008-04-19,21.428929188255612,32.37478411053541,26.901856649395512
2008-04-20,22.07711571675302,32.95500863557859,27.516062176165804
2008-04-21,22.548186528497407,32.62806563039724,27.58812607944732
2008-04-22,22.876943005181346,32.62037996545769,27.748661485319516
2008-04-23,21.96364421416235,31.209758203799655,26.586701208981005
2008-04-24,22.513644214162348,32.62314335060449,27.568393782383417
2008-04-25,22.823661485319516,35.33126079447323,29.07746113989637
2008-04-26,22.15112262521589,34.05025906735751,28.1006908462867
2008-04-27,22.504404145077718,32.8419689119171,27.67318652849741
2008-04-28,22.96873920552677,31.95949913644214,27.464119170984453
2008-04-29,23.101727115716752,31.27366148531952,27.187694300518135
2008-04-30,22.129188255613126,31.37495682210708,26.752072538860105
2008-05-01,22.116753022452507,32.300000000000004,27.208376511226255
2008-05-02,22.111917098445595,31.539810017271154,26.825863557858376
2008-05-03,21.838687392055267,31.868566493955097,26.85362694300518
2008-05-04,20.824438687392057,30.96899827288428,25.89671848013817
2008-05-05,21.986873920552675,31.186355785837655,26.586614853195165
2008-05-06,21.447582037996543,30.797322970639037,26.122452504317792
2008-05-07,22.868307426597582,30.482556131260797,26.675431778929187
2008-05-08,21.13264248704663,34.182987910189986,27.65781519861831
2008-05-09,20.892659758203802,32.416839378238336,26.65474956822107
2008-05-10,19.561226252158896,28.881606217616582,24.22141623488774
2008-05-11,20.269602763385148,27.016925734024177,23.64326424870466
2008-05-12,19.175647668393783,25.931174438687393,22.553411053540586
2008-05-13,18.92668393782383,28.726252158894646,23.82646804835924
2008-05-14,18.521243523316063,30.902590673575126,24.711917098445596
2008-05-15,19.264766839378236,32.38523316062176,25.824999999999996
2008-05-16,18.558981001727116,29.155440414507773,23.857210708117442
2008-05-17,22.545077720207253,27.342659758203798,24.943868739205527
2008-05-18,20.645077720207254,26.750431778929187,23.69775474956822
2008-05-19,20.80371329879102,26.895854922279792,23.849784110535406
2008-05-20,19.91692573402418,26.778929188255614,23.347927461139896
2008-05-21,20.32823834196891,27.502590673575128,23.91541450777202
2008-05-22,20.82564766839378,26.87944732297064,23.85254749568221
2008-05-23,20.837564766839378,29.58834196891192,25.21295336787565
2008-05-24,20.62651122625216,29.127806563039723,24.87715889464594
2008-05-25,20.833592400690847,29.441278065630396,25.137435233160623
2008-05-26,20.83747841105354,29.374265975820382,25.10587219343696
2008-05-27,21.171157167530225,29.011053540587223,25.091105354058726
2008-05-28,21.27012089810017,28.705613126079445,24.987867012089808
2008-05-29,20.593868739205526,28.549136442141624,24.571502590673575
2008-05-30,18.97417962003454,28.034283246977548,23.504231433506042
2008-05-31,19.737046632124354,27.272884283246977,23.504965457685664
2008-06-01,19.124093264248707,26.980310880829016,23.05220207253886
2008-06-02,19.343091537132988,27.139119170984454,23.24110535405872
2008-06-03,18.46692573402418,27.765975820379964,23.116450777202072
2008-06-04,18.749481865284974,26.838601036269427,22.7940414507772
2008-06-05,18.981088082901554,26.278670120898102,22.629879101899828
2008-06-06,19.477892918825564,27.934715025906733,23.70630397236615
2008-06-07,22.094991364421418,27.36804835924007,24.731519861830744
2008-06-08,20.562348877374784,28.649481865284972,24.60591537132988
2008-06-09,19.688773747841104,28.587651122625214,24.138212435233157
2008-06-10,20.068998272884283,27.40328151986183,23.736139896373057
2008-06-11,19.64637305699482,28.253799654576856,23.950086355785835
2008-06-12,20.532987910189984,27.43454231433506,23.983765112262525
2008-06-13,17.631433506044907,28.613298791018995,23.122366148531952
2008-06-14,19.380397236614854,28.261830742659757,23.821113989637304
2008-06-15,18.355613126079447,28.026597582037997,23.19110535405872
2008-06-16,22.66252158894646,29.2720207253886,25.96727115716753
2008-06-17,19.903108808290156,26.173834196891193,23.038471502590674
2008-06-18,17.21623488773748,28.69455958549223,22.955397236614854
2008-06-19,18.355699481865287,27.084801381692575,22.72025043177893
2008-06-20,19.053454231433506,29.273575129533683,24.163514680483594
2008-06-21,20.037219343696027,27.856735751295336,23.94697754749568
2008-06-22,17.90250431778929,29.460449050086353,23.681476683937824
2008-06-23,18.948704663212435,30.870811744386874,24.909758203799655
2008-06-25,17.404835924006907,28.059067357512955,22.73195164075993
2008-06-26,19.44412780656304,25.005354058721935,22.224740932642487
2008-06-27,14.504835924006906,26.356131260794474,20.43048359240069
2008-06-28,18.832556131260795,26.943436960276337,22.887996545768566
2008-06-29,17.75846286701209,26.970811744386875,22.364637305699482
2008-06-30,15.954145077720208,27.688169257340242,21.821157167530224
2008-07-01,18.88419689119171,28.204749568221068,23.54447322970639
2008-07-02,19.132124352331605,27.089982728842834,23.11105354058722
2008-07-03,19.00949913644214,27.718652849740934,23.36407599309154
2008-07-04,19.010967184801384,26.717098445595855,22.86403281519862
2008-07-05,18.3706390328152,26.763644214162348,22.567141623488773
2008-07-06,19.53903281519862,27.514766839378236,23.526899827288428
2008-07-07,19.903454231433507,28.101727115716752,24.002590673575128
2008-07-08,20.232642487046633,26.792487046632125,23.51256476683938
2008-07-09,18.262435233160623,27.046113989637306,22.654274611398964
2008-07-10,18.68747841105354,26.81364421416235,22.750561312607942
2008-07-11,18.33791018998273,27.209758203799655,22.773834196891194
2008-07-12,19.780742659758204,26.028151986183072,22.90444732297064
2008-07-13,18.892314335060448,28.091278065630398,23.491796200345423
2008-07-14,15.042918825561314,28.005613126079446,21.52426597582038
2008-07-15,19.024093264248705,28.886096718480136,23.95509499136442
2008-07-16,19.597582037996546,28.667875647668396,24.13272884283247
2008-07-17,21.181088082901557,25.213730569948186,23.19740932642487
2008-07-18,20.915198618307425,26.43903281519862,23.677115716753022
2008-07-19,21.34490500863558,28.26062176165803,24.802763385146804
2008-07-20,17.195854922279793,27.688514680483593,22.442184801381693
2008-07-21,19.785146804835925,28.4853195164076,24.135233160621762
2008-07-22,18.129706390328153,27.033678756476682,22.581692573402417
2008-07-23,18.164939550949914,28.571588946459414,23.368264248704662
2008-07-24,19.260794473229705,30.431433506044904,24.846113989637303
2008-07-25,17.575215889464594,28.045336787564768,22.810276338514683
2008-07-26,19.51442141623489,30.853886010362697,25.18415371329879
2008-07-27,17.97392055267703,29.064766839378237,23.519343696027633
2008-07-28,19.17348877374784,26.331778929188257,22.752633851468048
2008-07-29,19.39300518134715,27.906390328151986,23.649697754749567
2008-07-30,16.564766839378237,27.71614853195164,22.140457685664938
2008-07-31,19.54205526770294,28.89594127806563,24.218998272884285
2008-08-01,18.047582037996545,27.2573402417962,22.652461139896374
2008-08-02,20.17668393782383,26.721502590673577,23.449093264248702
2008-08-03,20.091278065630398,29.511571675302246,24.80142487046632
2008-08-04,20.257167530224525,28.900604490500864,24.578886010362694
2008-08-05,20.184801381692573,30.360449050086356,25.272625215889462
2008-08-06,20.431347150259068,29.3800518134715,24.905699481865284
2008-08-07,19.74300518134715,27.30371329879102,23.523359240069084
2008-08-08,19.24922279792746,28.408290155440415,23.828756476683935
2008-08-09,19.188773747841104,30.510621761658033,24.84969775474957
2008-08-10,19.165716753022455,31.129792746113992,25.14775474956822
2008-08-11,20.767616580310882,33.3534542314335,27.060535405872194
2008-08-12,19.631692573402418,33.43048359240069,26.531088082901555
2008-08-13,18.68782383419689,28.454404145077717,23.571113989637304
2008-08-14,19.683160621761658,29.01217616580311,24.347668393782385
2008-08-15,20.29050086355786,27.653799654576858,23.97215025906736
2008-08-16,21.278151986183072,27.692487046632127,24.4853195164076
2008-08-17,20.211830742659757,27.902763385146805,24.05729706390328
2008-08-18,18.418048359240068,26.782124352331607,22.600086355785837
2008-08-19,19.0639896373057,25.908894645941277,22.48644214162349
2008-08-20,18.17789291882556,26.631088082901552,22.404490500863556
2008-08-21,17.311139896373057,28.370207253886008,22.840673575129532
2008-08-22,19.85284974093264,27.42901554404145,23.640932642487044
2008-08-23,20.965112262521586,30.637910189982726,25.801511226252156
2008-08-24,19.602417962003454,27.223661485319518,23.413039723661484
2008-08-25,22.015716753022453,27.359671848013818,24.687694300518135
2008-08-26,20.683678756476684,27.79887737478411,24.241278065630397
2008-08-27,20.746804835924006,28.810449050086355,24.77862694300518
2008-08-28,20.264594127806564,30.280915371329883,25.27275474956822
2008-08-29,19.08713298791019,28.996977547495682,24.042055267702935
2008-08-30,19.146977547495684,31.462435233160623,25.304706390328153
2008-08-31,18.15958549222798,27.95742659758204,23.05850604490501
2008-09-01,21.914594127806563,31.250863557858377,26.58272884283247
2008-09-02,21.545250431778932,28.603972366148533,25.074611398963732
2008-09-03,22.049740932642486,31.046977547495683,26.548359240069082
2008-09-04,19.215975820379963,32.12107081174438,25.66852331606217
2008-09-05,18.918480138169254,30.308462867012086,24.61347150259067
2008-09-06,19.653540587219343,27.41208981001727,23.53281519861831
2008-09-07,22.86917098445596,29.72124352331606,26.29520725388601
2008-09-08,20.129965457685664,31.53238341968912,25.83117443868739
2008-09-09,20.983592400690846,30.066580310880827,25.525086355785838
2008-09-10,19.81286701208981,29.89715025906736,24.855008635578585
2008-09-11,21.087392055267703,30.633333333333333,25.86036269430052
2008-09-12,21.88575129533679,31.026338514680482,26.456044905008635
2008-09-13,19.58937823834197,31.74369602763385,25.66653713298791
2008-09-14,20.991709844559587,31.053886010362696,26.02279792746114
2008-09-15,19.641018998272884,31.225043177892918,25.4330310880829
2008-09-16,19.37495682210708,31.596804835924004,25.485880829015542
2008-09-17,19.56036269430052,33.64248704663213,26.601424870466325
2008-09-18,20.979533678756475,29.53911917098446,25.259326424870466
2008-09-19,20.309671848013817,28.77918825561313,24.54443005181347
2008-09-20,20.714939550949914,29.346545768566497,25.030742659758204
2008-09-21,20.529965457685666,27.463298791019,23.99663212435233
2008-09-22,20.679620034542314,29.020552677029364,24.85008635578584
2008-09-24,19.570379965457686,30.56113989637306,25.065759930915373
2008-09-25,21.759758203799652,32.99982728842833,27.379792746113992
2008-09-26,19.454231433506045,28.862089810017274,24.15816062176166
2008-09-27,21.4986183074266,29.65310880829016,25.57586355785838
2008-09-28,21.646977547495684,32.2160621761658,26.931519861830743
2008-09-29,21.999481865284974,33.58868739205526,27.79408462867012
2008-09-30,22.020379965457686,32.54715025906736,27.28376511226252
2008-10-01,20.79067357512953,32.13549222797928,26.463082901554404
2008-10-02,19.72089810017271,32.57288428324698,26.146891191709845
2008-10-03,21.773488773747843,31.581347150259067,26.677417962003453
2008-10-04,22.35958549222798,31.847409326424874,27.103497409326426
2008-10-05,21.90362694300518,32.10259067357513,27.003108808290154
2008-10-06,21.859240069084628,36.73454231433506,29.296891191709843
2008-10-07,20.940328151986183,30.1646804835924,25.552504317789293
2008-10-08,17.871502590673575,33.03281519861831,25.45215889464594
2008-10-09,20.126943005181346,29.894041450777205,25.010492227979277
2008-10-10,20.607081174438687,29.454663212435232,25.03087219343696
2008-10-11,20.426338514680484,29.54818652849741,24.987262521588946
2008-10-12,21.584801381692575,30.71321243523316,26.149006908462866
2008-10-13,21.58747841105354,30.97357512953368,26.28052677029361
2008-10-14,20.992487046632125,31.103108808290155,26.04779792746114
2008-10-15,21.652072538860104,30.209240069084633,25.93065630397237
2008-10-16,22.319343696027634,31.66778929188256,26.993566493955097
2008-10-17,21.63998272884283,34.86424870466322,28.252115716753025
2008-10-18,21.125993091537133,36.239896373057,28.682944732297067
2008-10-19,20.518566493955095,34.38091537132988,27.449740932642484
2008-10-20,21.357512953367877,27.963385146804836,24.660449050086356
2008-10-21,21.99378238341969,29.933333333333337,25.96355785837651
2008-10-22,21.415889464594127,27.197236614853196,24.306563039723663
2008-10-23,21.374784110535405,30.914939550949914,26.14486183074266
2008-10-24,22.83056994818653,30.989982728842833,26.91027633851468
2008-10-25,22.093264248704664,41.269170984455954,31.68121761658031
2008-10-26,22.079188255613126,36.97910189982729,29.52914507772021
2008-10-27,21.569257340241798,35.951468048359246,28.76036269430052
2008-10-28,21.407081174438687,31.14481865284974,26.27594991364421
2008-10-29,22.65449050086356,34.464766839378235,28.559628670120897
2008-10-30,22.012262521588948,32.55785837651123,27.285060449050086
2008-10-31,22.049136442141624,34.43281519861831,28.240975820379965
2008-11-01,19.40993091537133,34.87927461139896,27.144602763385144
2008-11-02,21.44274611398964,31.363816925734028,26.403281519861835
2008-11-03,23.081001727115716,30.50483592400691,26.792918825561312
2008-11-04,24.73341968911917,31.304317789291883,28.018868739205526
2008-11-05,22.67495682210708,36.63566493955095,29.655310880829013
2008-11-06,21.07832469775475,32.18704663212435,26.63268566493955
2008-11-07,21.290932642487046,37.49689119170984,29.393911917098443
2008-11-08,23.02607944732297,32.35552677029361,27.69080310880829
2008-11-09,23.123834196891192,31.791018998272886,27.45742659758204
2008-11-10,22.845682210708116,33.434542314335054,28.140112262521583
2008-11-11,24.436960276338514,30.825734024179617,27.631347150259067
2008-11-12,22.909499136442143,32.454663212435236,27.68208117443869
2008-11-13,22.594991364421418,30.398618307426595,26.496804835924006
2008-11-14,23.684369602763386,29.07305699481865,26.37871329879102
2008-11-15,21.78635578583765,30.754576856649397,26.270466321243525
2008-11-16,24.067789291882555,30.618911917098444,27.3433506044905
2008-11-17,23.657167530224527,34.33411053540588,28.995639032815202
2008-11-18,22.769689119170984,31.816062176165804,27.292875647668396
2008-11-19,23.395595854922277,33.020034542314335,28.207815198618306
2008-11-20,22.389637305699484,33.71303972366148,28.05133851468048
2008-11-21,21.710880829015544,28.033246977547496,24.87206390328152
2008-11-22,22.347236614853195,31.672193436960278,27.009715025906736
2008-11-23,23.398013816925737,27.908981001727113,25.653497409326427
2008-11-24,24.7412780656304,29.433419689119173,27.087348877374787
2008-11-25,23.934369602763386,31.418221070811747,27.676295336787568
2008-11-26,23.75077720207254,32.079533678756476,27.91515544041451
2008-11-27,19.794645941278066,33.99594127806563,26.895293609671846
2008-11-28,20.703886010362694,33.05241796200345,26.878151986183074
2008-11-29,22.14732297063903,32.756044905008636,27.451683937823834
2008-11-30,25.706131260794475,30.753022452504318,28.229576856649395
2008-12-01,22.727029360967187,28.31588946459413,25.521459412780658
2008-12-02,25.05673575129534,30.297927461139896,27.677331606217617
2008-12-03,23.594559585492227,33.26727115716753,28.430915371329878
2008-12-04,21.84766839378238,34.45449050086356,28.15107944732297
2008-12-05,22.74447322970639,31.871934369602762,27.308203799654578
2008-12-06,20.096891191709844,32.97150259067357,26.53419689119171
2008-12-07,22.431001727115717,29.13963730569948,25.785319516407597
2008-12-08,23.002590673575128,29.503886010362695,26.25323834196891
2008-12-09,23.987651122625216,29.78851468048359,26.888082901554405
2008-12-10,21.749827288428325,31.443696027633855,26.59676165803109
2008-12-11,22.989637305699482,29.71321243523316,26.35142487046632
2008-12-12,23.042141623488774,31.199913644214163,27.12102763385147
2008-12-13,22.676338514680484,30.018566493955095,26.34745250431779
2008-12-14,22.900172711571678,28.764594127806564,25.832383419689123
2008-12-15,21.222452504317786,27.18350604490501,24.202979274611398
2008-12-16,20.923316062176166,28.371934369602762,24.647625215889462
2008-12-17,22.34447322970639,29.532728842832473,25.938601036269432
2008-12-18,21.14369602763385,29.236701208981,25.190198618307427
2008-12-19,20.974784110535406,29.52348877374784,25.249136442141623
2008-12-20,22.309930915371332,29.57547495682211,25.942702936096723
2008-12-21,23.70811744386874,30.33419689119171,27.021157167530227
2008-12-22,21.142141623488772,31.779965457685662,26.461053540587216
2008-12-24,23.18747841105354,29.758031088082905,26.472754749568224
2008-12-25,23.1727115716753,26.887219343696028,25.029965457685662
2008-12-26,22.678929188255612,29.435233160621763,26.057081174438686
2008-12-27,22.860449050086356,30.565198618307427,26.71282383419689
2008-12-28,24.88929188255613,31.7440414507772,28.316666666666663
2008-12-29,24.415284974093264,30.84628670120898,27.630785837651125
2008-12-30,23.35319516407599,32.51580310880829,27.93449913644214
2009-01-01,24.36367558239862,31.446505608283,27.90509059534081
2009-01-02,24.121225194132872,32.82260569456428,28.471915444348575
2009-01-03,24.24460742018982,33.185159620362384,28.714883520276103
2009-01-04,23.207333908541845,33.397929249352885,28.302631578947363
2009-01-05,23.60750647109577,31.56531492666091,27.58641069887834
2009-01-06,25.279982743744608,30.988179465056085,28.134081104400344
2009-01-07,23.07385677308024,31.12968075927524,27.10176876617774
2009-01-08,23.547195858498707,32.8481449525453,28.197670405522004
2009-01-09,22.39792924935289,32.38438308886972,27.391156169111305
2009-01-10,23.004055220017257,31.988265746333045,27.496160483175153
2009-01-11,22.927955133735978,31.61130284728214,27.26962899050906
2009-01-12,23.686798964624675,29.987057808455564,26.83692838654012
2009-01-13,21.807075064710958,30.009318377911995,25.908196721311477
2009-01-14,22.43908541846419,29.604055220017255,26.021570319240723
2009-01-15,22.626056945642794,29.65358067299396,26.139818809318378
2009-01-16,24.59257981018119,29.196203623813634,26.89439171699741
2009-01-17,24.39758412424504,30.743054357204485,27.570319240724764
2009-01-18,25.138481449525454,30.44849007765315,27.793485763589302
2009-01-19,24.37411561691113,31.87523727351165,28.124676445211392
2009-01-20,23.449956859361517,33.09637618636756,28.273166522864535
2009-01-21,23.493011216566007,34.23123382226057,28.86212251941329
2009-01-22,25.03244176013805,32.279982743744604,28.656212251941326
2009-01-23,27.513028472821397,33.86246764452114,30.687748058671268
2009-01-24,24.86686798964625,30.610008628127698,27.738438308886973
2009-01-25,26.715962036238135,29.279896462467647,27.997929249352893
2009-01-26,24.810267471958582,30.75711820534944,27.783692838654012
2009-01-27,24.22709232096635,28.992666091458155,26.609879206212252
2009-01-28,24.049870578084555,33.2993097497843,28.674590163934425
2009-01-29,24.05625539257981,33.25996548748922,28.658110440034513
2009-01-30,24.367989646246766,34.597325280414154,29.48265746333046
2009-01-31,22.588179465056083,31.925107851596202,27.25664365832614
2009-02-01,23.27497842968076,34.66125970664366,28.96811906816221
2009-02-02,23.263330457290767,31.428300258843834,27.3458153580673
2009-02-03,22.5595340811044,32.48179465056083,27.520664365832616
2009-02-04,23.132786885245903,30.287230371009493,26.710008628127696
2009-02-05,23.038050043140636,32.009318377911995,27.523684210526316
2009-02-06,23.27739430543572,31.365056082830023,27.32122519413287
2009-02-07,25.536755823986194,31.25427092320966,28.39551337359793
2009-02-08,25.324762726488352,30.61328731665229,27.96902502157032
2009-02-09,25.174892148403796,33.410698878343396,29.292795513373598
2009-02-10,23.851682484900774,34.04598792062123,28.948835202761003
2009-02-11,23.842364106988782,37.19378774805867,30.518075927523725
2009-02-12,21.94305435720449,30.38688524590164,26.164969801553063
2009-02-13,22.05409836065574,34.103364969801554,28.078731665228645
2009-02-14,22.516134598792064,31.15263157894737,26.834383088869718
2009-02-15,22.640811044003453,30.47911993097498,26.559965487489215
2009-02-16,21.6779119930975,29.863071613459883,25.77049180327869
2009-02-17,23.710612597066437,31.847799827437445,27.779206212251943
2009-02-18,23.44590163934426,27.885245901639344,25.665573770491804
2009-02-19,22.54132873166523,28.0244176013805,25.282873166522865
2009-02-20,23.195685936151854,27.054357204486628,25.12502157031924
2009-02-21,25.3732528041415,27.84555651423641,26.609404659188954
2009-02-22,22.51544434857636,28.221570319240723,25.36850733390854
2009-02-23,24.009922346850733,29.422174288179463,26.716048317515096
2009-02-24,21.849956859361516,29.874029335634166,25.86199309749784
2009-02-25,22.07679033649698,28.569197584124243,25.322993960310612
2009-02-26,22.27739430543572,31.408455565142365,26.84292493528904
2009-02-27,21.91285591026747,28.32044866264021,25.116652286453842
2009-02-28,22.463503019844694,29.14383088869715,25.803666954270923
2009-03-01,22.340724762726488,27.226402070750648,24.783563416738566
2009-03-02,22.444003451251078,32.91121656600517,27.677610008628125
2009-03-03,22.851855047454702,31.323899913718723,27.087877480586712
2009-03-04,23.355392579810182,31.699913718723035,27.52765314926661
2009-03-05,23.895944779982745,30.906298533218294,27.40112165660052
2009-03-06,24.47894736842105,30.772303710094906,27.625625539257978
2009-03-07,22.460224331320106,31.18895599654875,26.824590163934428
2009-03-08,23.14969801553063,29.997756686798965,26.5737273511648
2009-03-09,24.437618636755825,29.359447799827436,26.898533218291632
2009-03-10,23.495427092320966,29.632873166522863,26.564150129421915
2009-03-11,23.922174288179466,31.59991371872304,27.761044003451254
2009-03-12,22.161000862812767,31.38127696289905,26.77113891285591
2009-03-13,24.499654874892148,31.119844693701467,27.809749784296805
2009-03-14,24.05573770491803,31.96135685210312,28.008547278510576
2009-03-15,24.95444348576359,33.53244176013805,29.24344262295082
2009-03-16,24.359188955996547,31.568334771354614,27.96376186367558
2009-03-17,24.69982743744607,29.946678170836925,27.323252804141497
2009-03-18,24.382484900776532,27.82200172562554,26.102243313201036
2009-03-19,22.741501294219155,29.153408110440036,25.947454702329594
2009-03-20,22.88239861949957,26.758930112165658,24.820664365832613
2009-03-21,21.36333045729077,35.02096635030199,28.19214840379638
2009-03-22,23.11406384814495,35.678084555651424,29.396074201898188
2009-03-23,23.262467644521138,36.06143226919758,29.66194995685936
2009-03-25,22.88421052631579,36.14892148403796,29.516566005176877
2009-03-26,24.052804141501294,32.39853321829163,28.225668679896465
2009-03-27,25.263157894736842,33.50974978429681,29.386453839516825
2009-03-28,23.25806729939603,31.602329594477997,27.430198446937013
2009-03-29,22.793528904227784,30.229853321829165,26.511691113028476
2009-03-30,24.02346850733391,31.2572044866264,27.640336496980154
2009-03-31,23.538136324417604,28.272131147540986,25.905133735979295
2009-04-01,25.036238136324418,31.916134598792066,28.476186367558242
2009-04-02,23.54167385677308,31.382398619499565,27.46203623813632
2009-04-03,23.07704918032787,31.38300258843831,27.23002588438309
2009-04-04,24.039430543572045,31.33183779119931,27.68563416738568
2009-04-05,23.704572907679033,30.708628127696294,27.20660051768766
2009-04-06,23.657894736842106,30.83718723037101,27.24754098360656
2009-04-07,23.345642795513374,31.066781708369284,27.20621225194133
2009-04-08,24.04314063848145,32.225798101811904,28.134469370146675
2009-04-09,23.53071613459879,30.8732528041415,27.201984469370146
2009-04-10,22.61932700603969,33.55297670405522,28.086151855047454
2009-04-11,22.83753235547886,29.996635030198444,26.417083692838652
2009-04-12,22.76695427092321,32.15314926660915,27.460051768766178
2009-04-13,21.49672131147541,28.772217428817946,25.13446937014668
2009-04-14,22.73037100949094,29.286798964624676,26.00858498705781
2009-04-15,23.409404659188954,28.379378774805865,25.89439171699741
2009-04-16,22.704572907679033,27.60828300258844,25.156427955133736
2009-04-17,22.303968938740294,28.918981880931838,25.611475409836068
2009-04-18,22.539430543572045,30.57584124245039,26.557635893011216
2009-04-19,21.16686798964625,30.28610871440897,25.72648835202761
2009-04-20,21.427955133735978,29.42648835202761,25.427221742881795
2009-04-21,22.54314063848145,29.069542709232095,25.80634167385677
2009-04-22,23.27679033649698,28.68723037100949,25.982010353753235
2009-04-23,24.380414150129422,27.33235547886109,25.856384814495257
2009-04-24,22.721484037963762,28.51337359792925,25.617428817946504
2009-04-25,22.043917169974115,30.39939603106126,26.22165660051769
2009-04-26,21.928300258843834,30.519844693701465,26.22407247627265
2009-04-27,21.885591026747193,29.58067299396031,25.73313201035375
2009-04-28,22.03459879206212,27.75530629853322,24.89495254529767
2009-04-29,21.718550474547023,28.154961173425367,24.936755823986196
2009-04-30,21.43632441760138,29.15565142364107,25.295987920621226
2009-05-01,21.705522001725626,27.896376186367558,24.800949094046594
2009-05-02,22.344779982743745,28.731665228645383,25.538222605694564
2009-05-03,21.426488352027608,27.927868852459014,24.67717860224331
2009-05-04,22.24607420189819,27.59016393442623,24.91811906816221
2009-05-05,20.299913718723037,27.50181190681622,23.900862812769628
2009-05-06,21.534167385677307,28.33416738567731,24.93416738567731
2009-05-07,20.927868852459014,28.729767040552204,24.82881794650561
2009-05-08,22.686367558239862,28.49611734253667,25.591242450388265
2009-05-09,23.461777394305436,29.887144089732526,26.67446074201898
2009-05-10,22.567126833477136,28.500517687661777,25.53382226056946
2009-05-11,22.960310612597066,28.235893011216564,25.598101811906815
2009-05-12,22.45677308024159,27.65513373597929,25.05595340811044
2009-05-13,21.3267471958585,27.95263157894737,24.63968938740293
2009-05-14,21.138826574633306,28.787144089732532,24.962985332182917
2009-05-15,20.90060396893874,28.26281276962899,24.581708369283866
2009-05-16,21.19137187230371,30.961087144089735,26.07622950819672
2009-05-17,21.212683347713547,28.220966350301982,24.716824849007764
2009-05-18,20.98955996548749,27.815012942191544,24.402286453839515
2009-05-19,20.04227782571182,26.95660051768766,23.49943917169974
2009-05-20,21.365660051768767,26.51872303710095,23.94219154443486
2009-05-21,20.495944779982743,25.470664365832615,22.983304572907677
2009-05-22,20.434943917169974,25.558757549611734,22.996850733390854
2009-05-23,21.851509922346853,28.915530629853322,25.383520276100086
2009-05-24,21.846937014667816,31.238308886971524,26.54262295081967
2009-05-25,21.65573770491803,29.065487489214842,25.360612597066435
2009-05-26,22.182657463330457,31.844779982743745,27.0137187230371
2009-05-27,21.244866264020708,30.558153580672997,25.901509922346854
2009-05-28,20.360224331320104,29.25056082830026,24.80539257981018
2009-05-29,18.817342536669543,28.813632441760138,23.81548748921484
2009-05-30,21.544176013805004,28.425452976704054,24.98481449525453
2009-05-31,21.135979292493527,28.358584987057807,24.747282139775667
2009-06-01,21.687920621225192,27.980672993960308,24.83429680759275
2009-06-02,19.961691113028472,28.9969801553063,24.479335634167384
2009-06-03,19.8053494391717,24.660655737704918,22.23300258843831
2009-06-04,18.53572044866264,26.36600517687662,22.45086281276963
2009-06-05,20.99257981018119,27.632182916307162,24.312381363244178
2009-06-06,20.139085418464195,28.729076790336496,24.434081104400345
2009-06-07,21.42415875754961,29.143226919758412,25.283692838654012
2009-06-08,18.745125107851596,26.60560828300259,22.675366695427094
2009-06-09,21.23037100949094,28.068421052631578,24.649396031061258
2009-06-10,20.181708369283864,27.431492666091458,23.806600517687663
2009-06-11,19.72476272648835,27.92916307161346,23.826962899050905
2009-06-12,20.859016393442623,24.936151855047456,22.89758412424504
2009-06-13,21.28981880931838,27.31035375323555,24.300086281276965
2009-06-14,19.946937014667817,24.900172562553927,22.423554788610872
2009-06-15,20.052459016393442,26.982916307161346,23.517687661777394
2009-06-16,20.06522864538395,26.650043140638484,23.357635893011217
2009-06-17,20.351164797239,27.574288179465057,23.96272648835203
2009-06-18,19.128127696289905,28.037273511647975,23.582700603968938
2009-06-19,19.284728213977566,28.359534081104396,23.82213114754098
2009-06-20,21.02200172562554,27.69171699741156,24.356859361518552
2009-06-21,21.020707506471094,27.748576358930112,24.384641932700603
2009-06-22,19.52795513373598,28.934943917169974,24.231449525452977
2009-06-24,19.128731665228646,27.676358930112166,23.402545297670407
2009-06-25,21.03295944779983,29.4053494391717,25.219154443485763
2009-06-26,21.392838654012078,29.73710094909405,25.56496980155306
2009-06-27,20.09792924935289,28.0595340811044,24.078731665228645
2009-06-28,20.2344262295082,27.55711820534944,23.89577221742882
2009-06-29,21.268938740293358,29.255996548748918,25.262467644521138
2009-06-30,18.395685936151853,26.09792924935289,22.246807592752372
2009-07-01,21.172044866264024,27.149611734253668,24.160828300258846
2009-07-02,20.765401207937877,27.591803278688527,24.1786022433132
2009-07-03,20.621570319240725,35.17195858498706,27.896764452113892
2009-07-04,18.655478861087143,26.415099223468506,22.535289042277824
2009-07-05,19.592148403796376,26.799050905953408,23.19559965487489
2009-07-06,20.31182053494392,27.40353753235548,23.8576790336497
2009-07-07,19.239344262295084,27.38662640207075,23.31298533218292
2009-07-08,17.81095772217429,26.466781708369282,22.138869715271788
2009-07-09,18.131061259706645,24.680845556514235,21.40595340811044
2009-07-10,18.050992234685076,27.501639344262298,22.776315789473685
2009-07-11,20.045642795513373,29.12579810181191,24.58572044866264
2009-07-12,21.2106988783434,28.703968938740296,24.957333908541848
2009-07-13,20.53382226056946,28.58947368421053,24.561647972389995
2009-07-14,19.749352890422777,28.93485763589301,24.342105263157894
2009-07-15,19.749525452976705,28.61794650560828,24.183735979292493
2009-07-16,17.519327006039692,26.193874029335635,21.856600517687664
2009-07-17,19.9160483175151,27.4130284728214,23.66453839516825
2009-07-18,16.416134598792063,26.485332182916306,21.450733390854182
2009-07-19,16.504400345125106,29.73002588438309,23.117213114754097
2009-07-20,19.424245038826577,26.46867989646247,22.946462467644523
2009-07-21,20.21967213114754,28.27463330457291,24.247152717860224
2009-07-22,21.332873166522862,27.95625539257981,24.644564279551336
2009-07-23,19.537100949094047,28.33666954270923,23.93688524590164
2009-07-24,20.122174288179465,29.41061259706644,24.766393442622952
2009-07-25,19.071872303710094,29.083261432269197,24.077566867989646
2009-07-26,19.084296807592754,30.21130284728214,24.647799827437446
2009-07-27,20.371699741156167,28.41345987920621,24.39257981018119
2009-07-28,19.926919758412424,31.436410698878348,25.681665228645386
2009-07-29,17.773684210526316,29.88576358930112,23.829723899913716
2009-07-30,19.991026747195857,29.89818809318378,24.94460742018982
2009-07-31,20.822519413287317,32.36246764452114,26.592493528904228
2009-08-01,18.273597929249352,28.184814495254532,23.229206212251942
2009-08-02,21.0344262295082,28.53459879206212,24.78451251078516
2009-08-03,19.194564279551336,27.363589301121657,23.279076790336497
2009-08-04,18.256686798964626,28.860224331320104,23.558455565142367
2009-08-05,21.160483175150993,27.558757549611734,24.359620362381364
2009-08-06,19.73994823123382,28.38490077653149,24.062424503882657
2009-08-07,20.822778257118205,27.97817083692839,24.400474547023297
2009-08-08,20.348317515099225,27.81786022433132,24.083088869715272
2009-08-09,17.78067299396031,29.288265746333046,23.534469370146677
2009-08-10,18.41846419327006,29.49413287316652,23.95629853321829
2009-08-11,19.326919758412426,29.483951682484904,24.405435720448665
2009-08-12,18.441673856773082,28.347109577221744,23.39439171699741
2009-08-13,21.599223468507333,26.573080241587576,24.086151855047454
2009-08-14,20.133735979292492,23.635116479723898,21.884426229508193
2009-08-15,20.604400345125107,26.995599654874894,23.8
2009-08-16,21.100776531492667,26.637446074201897,23.86911130284728
2009-08-17,19.82260569456428,28.372389991371872,24.097497842968075
2009-08-18,18.09016393442623,28.691630716134597,23.390897325280413
2009-08-19,20.3053494391717,28.98757549611734,24.64646246764452
2009-08-20,20.99404659188956,28.451941328731667,24.722993960310614
2009-08-21,20.40267471958585,30.2083692838654,25.305522001725627
2009-08-22,19.841415012942193,31.316566005176877,25.578990509059537
2009-08-23,18.147713546160485,31.039948231233826,24.593830888697156
2009-08-24,21.078429680759278,29.11337359792925,25.095901639344262
2009-08-25,20.02053494391717,29.140379637618633,24.580457290767903
2009-08-26,20.339430543572046,27.172476272648836,23.755953408110443
2009-08-27,20.984037963761864,28.874374460742022,24.92920621225194
2009-08-28,19.87385677308024,27.853925798101812,23.863891285591027
2009-08-29,23.150560828300257,28.56402070750647,25.857290767903365
2009-08-30,17.666436583261433,28.462295081967216,23.064365832614325
2009-08-31,20.865918895599652,28.965660051768765,24.915789473684207
2009-09-01,18.37144089732528,27.89844693701467,23.134943917169974
2009-09-02,21.344176013805004,29.7113891285591,25.52778257118205
2009-09-03,22.461087144089735,31.08067299396031,26.770880069025022
2009-09-04,21.41251078515962,28.638826574633306,25.025668679896462
2009-09-05,22.069456427955135,33.588524590163935,27.828990509059537
2009-09-06,20.695772217428818,30.45012942191544,25.57295081967213
2009-09-07,21.484469370146677,30.0809318377912,25.78270060396894
2009-09-08,21.9404659188956,29.307333908541843,25.623899913718724
2009-09-09,21.85176876617774,28.80319240724763,25.327480586712685
2009-09-10,19.425107851596206,29.34253666954271,24.38382226056946
2009-09-11,20.48567730802416,30.9846419327006,25.73515962036238
2009-09-12,19.485763589301122,29.699050905953406,24.592407247627264
2009-09-13,20.13459879206212,29.435289042277827,24.784943917169976
2009-09-14,22.376704055220017,29.53649698015531,25.95660051768766
2009-09-15,19.936496980155308,29.296807592752373,24.616652286453842
2009-09-16,22.739430543572045,29.115358067299393,25.92739430543572
2009-09-17,22.58006902502157,31.820103537532354,27.20008628127696
2009-09-18,20.50923209663503,30.485332182916306,25.49728213977567
2009-09-19,22.22243313201035,31.235720448662637,26.729076790336492
2009-09-20,22.20923209663503,29.662122519413288,25.93567730802416
2009-09-21,21.350474547023296,31.864020707506473,26.607247627264883
2009-09-23,20.144176013805005,28.226056945642796,24.185116479723902
2009-09-24,18.273339085418463,29.940811044003453,24.10707506471096
2009-09-25,19.784296807592753,28.338136324417604,24.06121656600518
2009-09-26,19.777221742881792,29.701035375323556,24.739128559102674
2009-09-27,21.049611734253666,28.657635893011214,24.85362381363244
2009-09-28,21.28981880931838,30.186367558239862,25.73809318377912
2009-09-29,19.71018119068162,32.43295944779983,26.071570319240728
2009-09-30,19.03123382226057,32.69128559102675,25.861259706643658
2009-10-01,20.980500431406387,28.1434857635893,24.561993097497844
2009-10-02,18.7886108714409,30.24754098360656,24.51807592752373
2009-10-03,19.827610008628128,28.926574633304575,24.37709232096635
2009-10-04,20.925798101811907,29.51035375323555,25.218075927523728
2009-10-05,21.92105263157895,29.96540120793788,25.943226919758416
2009-10-06,20.08938740293356,30.829508196721314,25.459447799827437
2009-10-07,20.201898188093185,33.37756686798964,26.789732528041412
2009-10-08,20.297670405522002,29.3541846419327,24.82592752372735
2009-10-09,20.929853321829164,32.31449525452977,26.622174288179465
2009-10-10,20.758930112165658,34.94529767040552,27.85211389128559
2009-10-11,22.7725625539258,34.158584987057814,28.465573770491808
2009-10-12,25.448835202761,31.509836065573772,28.479335634167384
2009-10-13,21.07290767903365,30.86341673856773,25.968162208800692
2009-10-14,22.533304572907678,31.293183779119932,26.913244176013805
2009-10-15,21.384641932700603,30.108714408973253,25.74667817083693
2009-10-16,22.571872303710094,33.209059534081106,27.8904659188956
2009-10-17,21.30742018981881,29.944866264020707,25.62614322691976
2009-10-18,22.137273511647972,31.07877480586713,26.60802415875755
2009-10-19,20.91276962899051,31.64995685936152,26.281363244176013
2009-10-20,20.817515099223467,29.792924935289044,25.305220017256254
2009-10-21,21.92890422778257,30.416997411561695,26.17295081967213
2009-10-22,21.352890422778255,29.214150129421913,25.283520276100084
2009-10-23,22.82769628990509,31.610785159620363,27.219240724762727
2009-10-24,24.926660914581536,33.59516824849008,29.260914581535808
2009-10-25,24.61061259706644,32.29111302847282,28.45086281276963
2009-10-26,23.229939603106125,32.29085418464193,27.760396893874027
2009-10-27,21.06496980155306,28.523468507333906,24.794219154443482
2009-10-28,22.285504745470234,28.877221742881794,25.581363244176014
2009-10-29,21.295858498705783,27.06635030198447,24.181104400345127
2009-10-30,20.548748921484037,27.93572044866264,24.24223468507334
2009-10-31,20.895772217428817,31.5083692838654,26.20207075064711
2009-11-01,19.618550474547025,30.127868852459013,24.87320966350302
2009-11-02,20.045038826574633,29.611906816220877,24.828472821397753
2009-11-03,22.37135461604832,28.574892148403798,25.473123382226056
2009-11-04,22.308541846419327,28.290595340811045,25.299568593615184
2009-11-05,21.971354616048316,29.30690250215703,25.639128559102673
2009-11-06,21.496289905090595,28.287575496117345,24.89193270060397
2009-11-07,20.295254529767043,30.902933563416738,25.59909404659189
2009-11-08,20.657031924072477,30.646505608283004,25.65176876617774
2009-11-09,21.121052631578948,31.62571182053495,26.373382226056947
2009-11-10,22.004227782571185,29.91958584987058,25.961906816220882
2009-11-11,21.296203623813632,31.293356341673856,26.294779982743744
2009-11-12,22.370923209663506,28.728645383951683,25.549784296807594
2009-11-13,20.96704055220017,33.07178602243314,27.019413287316652
2009-11-14,20.10207075064711,24.22346850733391,22.16276962899051
2009-11-15,21.582657463330456,22.56393442622951,22.073295944779982
2009-11-16,21.624158757549612,32.3434857635893,26.983822260569454
2009-11-17,20.74529767040552,33.777653149266605,27.261475409836063
2009-11-18,21.10448662640207,35.61466781708369,28.35957722174288
2009-11-19,21.1458153580673,30.97687661777394,26.061345987920618
2009-11-20,21.618550474547025,31.06937014667817,26.343960310612598
2009-11-21,19.776962899050908,29.538222605694568,24.657592752372736
2009-11-22,21.274805867126833,29.594132873166522,25.43446937014668
2009-11-23,20.371699741156167,39.48826574633305,29.92998274374461
2009-11-24,22.404400345125108,32.5220880069025,27.463244176013802
2009-11-25,21.06962899050906,30.695254529767045,25.88244176013805
2009-11-26,21.864020707506473,31.114754098360656,26.489387402933566
2009-11-27,21.0344262295082,30.703623813632444,25.869025021570323
2009-11-28,21.443313201035373,31.791285591026746,26.617299396031058
2009-11-29,25.756427955133738,31.212338222605695,28.484383088869716
2009-11-30,21.84322691975841,28.509404659188956,25.176315789473684
2009-12-01,22.491803278688526,27.328041415012944,24.909922346850735
2009-12-02,23.313546160483178,30.559188955996547,26.936367558239862
2009-12-03,22.175237273511648,28.295427092320967,25.23533218291631
2009-12-04,22.839171699741154,28.111475409836068,25.47532355478861
2009-12-05,22.950819672131146,26.160742018981882,24.555780845556512
2009-12-06,23.005608283002587,29.671268334771355,26.33843830888697
2009-12-07,22.020880069025022,28.151768766177742,25.086324417601382
2009-12-08,23.050560828300256,32.42821397756687,27.739387402933563
2009-12-09,22.40112165660052,29.35806729939603,25.879594477998275
2009-12-10,22.479637618636758,30.907247627264884,26.69344262295082
2009-12-11,23.53295944779983,30.28783433994823,26.91039689387403
2009-12-12,23.45746333045729,31.627264883520276,27.542364106988785
2009-12-13,22.540120793787747,31.465746333045733,27.00293356341674
2009-12-14,21.816911130284726,31.372476272648832,26.59469370146678
2009-12-15,21.96402070750647,30.66514236410699,26.31458153580673
2009-12-16,22.433822260569457,30.617773943054356,26.52579810181191
2009-12-17,22.791889559965487,30.823123382226058,26.80750647109577
2009-12-18,22.453666954270922,31.498533218291634,26.976100086281278
2009-12-19,22.68515962036238,31.604918032786884,27.145038826574634
2009-12-20,21.750647109577223,30.908110440034513,26.329378774805868
2009-12-21,24.071699741156166,31.514840379637615,27.793270060396893
2009-12-23,23.959965487489214,30.842364106988786,27.401164797238998
2009-12-24,22.580845556514237,30.64486626402071,26.612855910267474
2009-12-25,19.5297670405522,31.630198446937015,25.57998274374461
2009-12-26,20.871613459879207,31.57377049180328,26.222691975841244
2009-12-27,20.132873166522863,31.59309749784297,25.862985332182916
2009-12-28,20.87566867989646,32.554098360655736,26.714883520276096
2009-12-29,23.561518550474545,32.26704055220017,27.91427955133736
2009-12-30,23.459706643658325,33.532786885245905,28.496246764452117
2009-12-31,23.63718723037101,31.674547023295947,27.655867126833478
2010-01-01,22.822497932175352,29.710743801652892,26.266620866914124
2010-01-02,20.6893300248139,29.2199173553719,24.9546236900929
2010-01-03,21.708519437551693,29.657355371900827,25.68293740472626
2010-01-04,21.95268817204301,28.197603305785123,25.075145738914067
2010-01-05,19.75698924731183,28.255123966942147,24.006056607126986
2010-01-06,20.509842845326716,29.24305785123967,24.876450348283193
2010-01-07,20.812737799834572,29.964545454545455,25.38864162719001
2010-01-08,21.461207609594705,31.40272727272727,26.431967441160985
2010-01-09,21.68494623655914,29.950082644628097,25.81751444059362
2010-01-10,22.774028122415217,29.25371900826446,26.01387356533984
2010-01-11,22.023904052936313,28.803140495867773,25.41352227440204
2010-01-12,21.21439205955335,28.978925619834712,25.09665883969403
2010-01-13,22.064019851116626,30.56090909090909,26.31246447101286
2010-01-14,22.892886683209262,30.9098347107438,26.901360696976532
2010-01-15,21.520926385442515,31.587851239669423,26.55438881255597
2010-01-16,23.162117452440032,30.340991735537187,26.751554593988608
2010-01-17,22.84913151364764,30.012314049586777,26.43072278161721
2010-01-18,22.512076095947062,28.99123966942149,25.751657882684277
2010-01-19,21.59239040529363,29.132396694214872,25.362393549754252
2010-01-20,20.47444168734491,28.378099173553718,24.426270430449314
2010-01-21,22.18411910669975,29.712314049586777,25.948216578143263
2010-01-22,20.788833746898263,29.291404958677685,25.040119352787976
2010-01-23,21.798511166253103,29.00710743801653,25.402809302134816
2010-01-24,21.784698097601325,32.686776859504135,27.23573747855273
2010-01-25,21.35599669148056,28.964710743801657,25.160353717641108
2010-01-26,21.006865177832918,31.448760330578512,26.227812754205715
2010-01-27,23.152522746071135,33.64586776859504,28.399195257333087
2010-01-28,23.58974358974359,33.28231404958677,28.436028819665182
2010-01-29,23.120512820512822,33.6101652892562,28.36533905488451
2010-01-30,22.988006617038874,32.56380165289256,27.775904134965714
2010-01-31,24.95566583953681,32.6307438016529,28.793204820594852
2010-02-01,23.231348221670803,32.99710743801653,28.114227829843664
2010-02-02,24.132754342431763,33.24876033057851,28.690757336505136
2010-02-03,24.368734491315134,28.408264462809917,26.388499477062524
2010-02-04,22.46451612903226,32.82,27.642258064516128
2010-02-05,22.608354011579817,32.93958677685951,27.77397039421966
2010-02-06,21.844747725392885,32.857438016528924,27.351092870960905
2010-02-07,23.15483870967742,32.713057851239675,27.933948280458548
2010-02-08,23.190570719602977,31.30818181818182,27.249376268892398
2010-02-09,22.243507030603805,32.44586776859504,27.344687399599422
2010-02-10,21.819851116625312,32.852892561983474,27.33637183930439
2010-02-11,21.121009098428452,29.295702479338846,25.20835578888365
2010-02-12,24.40901571546733,29.95644628099173,27.18273099822953
2010-02-13,21.985856079404467,31.18685950413223,26.58635779176835
2010-02-14,20.881885856079403,30.433801652892562,25.65784375448598
2010-02-15,21.481058726220017,29.4701652892562,25.475612007738107
2010-02-16,21.997520661157026,31.704214876033056,26.85086776859504
2010-02-17,21.96848635235732,35.297768595041326,28.633127473699325
2010-02-18,23.600909842845326,32.797603305785124,28.199256574315225
2010-02-19,20.00893300248139,30.32198347107438,25.165458236777884
2010-02-20,22.576013234077752,31.935289256198345,27.255651245138047
2010-02-21,22.680562448304382,31.90892561983471,27.294744034069545
2010-02-22,23.54929693961952,31.964462809917354,27.756879874768437
2010-02-23,24.88370554177006,31.73099173553719,28.307348638653625
2010-02-24,24.03978494623656,32.1201652892562,28.07997511774638
2010-02-25,20.730686517783294,33.18057851239669,26.955632515089995
2010-02-26,21.811331679073614,33.17256198347108,27.491946831272344
2010-02-27,21.867328370554176,30.184545454545457,26.025936912549817
2010-02-28,23.307113316790737,30.91190082644628,27.10950707161851
2010-03-01,22.3863523573201,28.735371900826447,25.56086212907327
2010-03-02,22.9575682382134,29.133388429752067,26.045478333982736
2010-03-03,24.479156327543425,26.52090909090909,25.500032709226257
2010-03-04,22.969478908188584,34.410413223140495,28.68994606566454
2010-03-05,23.920760959470638,29.231487603305784,26.57612428138821
2010-03-06,25.65136476426799,33.6492561983471,29.650310481307546
2010-03-07,22.54433416046319,26.85223140495868,24.698282782710933
2010-03-08,22.21430934656741,32.32504132231404,27.269675334440727
2010-03-09,22.33821339950372,31.69206611570248,27.0151397576031
2010-03-10,21.21588089330025,32.475289256198344,26.845585074749295
2010-03-11,21.342845326716294,33.67917355371901,27.511009440217652
2010-03-12,22.039867659222498,33.33462809917356,27.687247879198026
2010-03-13,19.843920595533497,32.34884297520661,26.096381785370053
2010-03-14,22.714640198511166,32.85950413223141,27.787072165371285
2010-03-15,23.292969396195204,32.25272727272728,27.77284833446124
2010-03-16,23.272787427626138,33.207851239669424,28.240319333647783
2010-03-17,22.7752688172043,31.25528925619835,27.015279036701322
2010-03-18,22.50272952853598,31.136694214876034,26.819711871706005
2010-03-19,22.29305210918114,31.328512396694215,26.810782252937678
2010-03-20,23.244747725392887,32.54975206611571,27.8972498957543
2010-03-21,23.099751861042183,31.556611570247934,27.32818171564506
2010-03-22,22.83829611248966,29.053636363636365,25.945966238063015
2010-03-24,22.29933829611249,30.50884297520661,26.40409063565955
2010-03-25,22.901157024793388,31.311900826446283,27.106528925619834
2010-03-26,22.192307692307693,30.45528925619835,26.32379847425302
2010-03-27,21.88296112489661,32.975041322314055,27.429001223605333
2010-03-28,22.176923076923078,30.87214876033058,26.52453591862683
2010-03-29,21.701075268817203,31.770661157024794,26.735868212920998
2010-03-30,21.56799007444169,31.58487603305785,26.576433053749767
2010-03-31,21.384036393713814,33.058677685950414,27.221357039832114
2010-04-01,22.478163771712158,31.211900826446282,26.84503229907922
2010-04-02,23.34987593052109,32.208264462809915,27.7790701966655
2010-04-03,24.965425971877586,31.49264462809917,28.22903529998838
2010-04-04,23.363192721257235,29.26892561983471,26.316059170545973
2010-04-05,23.740529363110006,31.68479338842975,27.712661375769876
2010-04-06,22.368238213399504,32.331735537190085,27.349986875294796
2010-04-07,20.5727047146402,33.11123966942149,26.841972192030845
2010-04-08,23.4822994210091,31.4797520661157,27.481025743562398
2010-04-09,21.188751033912325,31.998264462809917,26.59350774836112
2010-04-10,19.982547559966918,30.250578512396693,25.116563036181805
2010-04-11,21.358974358974358,27.893553719008263,24.62626403899131
2010-04-12,21.360463192721255,26.300826446280993,23.830644819501124
2010-04-13,21.04044665012407,27.42165289256198,24.231049771343024
2010-04-14,20.148304383788254,27.328429752066118,23.738367067927186
2010-04-15,20.63564929693962,32.4797520661157,26.55770068152766
2010-04-16,22.313151364764266,29.09702479338843,25.705088079076347
2010-04-17,24.400578990901572,31.332396694214875,27.86648784255822
2010-04-18,22.10471464019851,29.90123966942149,26.002977154809997
2010-04-19,21.122746071133168,29.986363636363638,25.554554853748403
2010-04-20,20.145657568238214,28.929090909090906,24.53737423866456
2010-04-21,22.436724565756823,30.96223140495868,26.699477985357753
2010-04-22,19.985028949545075,31.054462809917357,25.519745879731218
2010-04-23,20.795698924731184,31.249338842975206,26.022518883853195
2010-04-24,22.77717121588089,32.40669421487603,27.591932715378462
2010-04-25,22.573862696443342,29.31462809917355,25.944245397808444
2010-04-26,23.419437551695616,30.307107438016526,26.86327249485607
2010-04-27,23.66575682382134,28.7202479338843,26.193002378852817
2010-04-28,22.125806451612906,32.56578512396694,27.345795787789925
2010-04-29,21.587438016528925,31.595537190082645,26.591487603305787
2010-04-30,22.0409429280397,28.998925619834708,25.519934273937203
2010-05-01,21.172539288668318,29.08603305785124,25.12928617325978
2010-05-02,20.682795698924732,28.29818181818182,24.490488758553276
2010-05-03,23.061290322580643,27.707685950413225,25.384488136496934
2010-05-04,20.701654259718776,25.06785123966942,22.884752749694098
2010-05-05,21.2944582299421,31.472479338842973,26.383468784392537
2010-05-06,21.21505376344086,30.688512396694215,25.951783080067536
2010-05-07,22.113151364764267,29.746694214876033,25.92992278982015
2010-05-08,20.312158808933003,29.520413223140494,24.91628601603675
2010-05-09,19.187344913151364,29.814214876033056,24.50077989459221
2010-05-10,19.010090984284535,30.084049586776857,24.547070285530694
2010-05-11,21.136311000827128,28.961818181818185,25.049064591322654
2010-05-12,19.43771712158809,26.97090909090909,23.20431310624859
2010-05-13,20.47105045492142,27.289256198347108,23.880153326634264
2010-05-14,25.968982630272954,26.532314049586777,26.250648339929867
2010-05-15,21.270140612076094,29.72859504132231,25.499367826699203
2010-05-16,20.064598842018196,27.811652892561984,23.93812586729009
2010-05-17,19.70901571546733,26.975702479338842,23.342359097403087
2010-05-18,22.791894127378,27.914297520661158,25.35309582401958
2010-05-19,21.699586435070305,28.16785123966942,24.933718837369863
2010-05-20,20.331761786600495,28.180000000000003,24.25588089330025
2010-05-21,19.486517783291976,29.392148760330578,24.43933327181128
2010-05-22,18.17601323407775,29.352231404958676,23.764122319518215
2010-05-23,20.825392886683208,30.048595041322315,25.43699396400276
2010-05-24,19.91712158808933,28.74396694214876,24.330544265119045
2010-05-25,19.601571546732835,29.244380165289254,24.422975856011043
2010-05-26,20.477667493796528,27.99413223140496,24.235899862600746
2010-05-27,19.766253101736975,29.67785123966942,24.722052170703197
2010-05-28,20.672125723738624,29.5602479338843,25.11618682881146
2010-05-29,21.196360628618695,29.475537190082647,25.33594890935067
2010-05-30,22.696277915632752,29.42165289256198,26.058965404097364
2010-05-31,21.035401157981802,29.581404958677687,25.308403058329745
2010-06-01,23.556492969396196,30.679752066115704,27.11812251775595
2010-06-02,21.220347394540944,30.437851239669424,25.829099317105182
2010-06-03,21.947063688999172,30.119421487603304,26.03324258830124
2010-06-04,20.46368899917287,28.09801652892562,24.280852764049243
2010-06-05,20.374276261373037,25.581735537190085,22.978005899281563
2010-06-06,20.179239040529364,29.22371900826446,24.70147902439691
2010-06-07,20.423738626964433,25.927355371900827,23.17554699943263
2010-06-08,19.991894127378,30.553884297520657,25.27288921244933
2010-06-09,20.620926385442516,27.445206611570246,24.03306649850638
2010-06-10,17.15955334987593,25.83809917355372,21.498826261714825
2010-06-11,17.5177005789909,27.140495867768596,22.32909822337975
2010-06-12,17.820016542597187,27.292479338842977,22.556247940720084
2010-06-13,19.164102564102567,26.11785123966942,22.640976901885992
2010-06-14,18.22870140612076,25.925537190082647,22.077119298101703
2010-06-15,16.23010752688172,26.197520661157025,21.213814094019373
2010-06-16,18.86782464846981,27.252809917355375,23.060317282912592
2010-06-17,19.444747725392887,28.701735537190082,24.073241631291484
2010-06-18,20.194292803970225,26.88305785123967,23.53867532760495
2010-06-19,19.72886683209264,29.52140495867769,24.625135895385164
2010-06-20,22.24582299421009,27.753553719008266,24.999688356609177
2010-06-21,17.632671629445824,30.938512396694215,24.28559201307002
2010-06-23,20.348138957816378,29.593801652892562,24.97097030535447
2010-06-24,20.02382133995037,26.367603305785124,23.19571232286775
2010-06-25,21.22051282051282,25.643636363636364,23.432074592074592
2010-06-26,16.315384615384616,24.967190082644628,20.641287349014622
2010-06-27,17.29048800661704,27.155950413223138,22.22321920992009
2010-06-28,18.822911497105046,25.423388429752066,22.123149963428556
2010-06-29,17.11439205955335,27.282644628099174,22.19851834382626
2010-06-30,18.928287841191068,26.10107438016529,22.51468111067818
2010-07-01,15.101736972704714,28.554214876033058,21.827975924368886
2010-07-02,16.303639371381305,27.604132231404957,21.95388580139313
2010-07-03,17.6232423490488,29.20297520661157,23.413108777830185
2010-07-04,17.11728701406121,28.210661157024795,22.663974085543003
2010-07-05,18.281803143093466,24.48206611570248,21.381934629397975
2010-07-06,20.213895781637717,28.24586776859504,24.22988177511638
2010-07-07,18.330438378825477,28.380330578512396,23.355384478668938
2010-07-08,19.57609594706369,28.87776859504132,24.226932271052505
2010-07-09,19.346236559139783,29.057768595041324,24.202002577090553
2010-07-10,20.472125723738625,28.371652892561983,24.421889308150305
2010-07-11,21.26435070306038,28.361818181818183,24.813084442439283
2010-07-12,20.38354011579818,28.2898347107438,24.33668741327099
2010-07-13,19.043010752688172,26.81198347107438,22.927497111881276
2010-07-14,19.13779983457403,28.343801652892562,23.740800743733296
2010-07-15,19.189090909090908,28.639008264462806,23.914049586776855
2010-07-16,19.814640198511167,29.098842975206612,24.45674158685889
2010-07-17,19.877253928866832,27.801983471074383,23.839618699970607
2010-07-18,19.975186104218363,26.830578512396695,23.40288230830753
2010-07-19,17.814309346567413,26.03115702479339,21.9227331856804
2010-07-20,14.87816377171216,25.131818181818183,20.00499097676517
2010-07-21,18.22258064516129,25.772231404958678,21.997406025059984
2010-07-22,15.833829611248964,35.48512396694215,25.659476789095557
2010-07-23,18.765508684863523,33.94694214876033,26.356225416811924
2010-07-24,18.291397849462363,36.10760330578512,27.19950057762374
2010-07-25,19.003143093465674,32.7200826446281,25.861612869046887
2010-07-26,19.408105872622002,29.324628099173555,24.366366985897777
2010-07-27,18.888420181968566,25.595950413223143,22.242185297595853
2010-07-28,17.429859387923905,25.693471074380163,21.561665231152034
2010-07-29,22.03631100082713,25.159421487603307,23.59786624421522
2010-07-30,19.566253101736972,24.347355371900825,21.956804236818897
2010-07-31,19.006451612903223,25.748512396694217,22.377482004798722
2010-08-01,17.597518610421837,24.970661157024793,21.284089883723315
2010-08-02,16.18717948717949,27.842809917355375,22.01499470226743
2010-08-03,16.25409429280397,28.74611570247934,22.500104997641657
2010-08-04,18.46451612903226,28.51925619834711,23.491886163689685
2010-08-05,18.5383788254756,29.379917355371898,23.95914809042375
2010-08-06,20.00339123242349,26.53900826446281,23.271199748443152
2010-08-07,17.398759305210916,28.094049586776862,22.74640444599389
2010-08-08,15.199751861042184,29.75942148760331,22.479586674322746
2010-08-09,19.909842845326715,26.62611570247934,23.267979273903027
2010-08-10,19.11166253101737,29.10214876033058,24.106905645673976
2010-08-11,23.224234904880063,28.135041322314052,25.679638113597058
2010-08-12,16.91033912324235,28.662975206611566,22.786657164926957
2010-08-13,19.86509511993383,28.373057851239672,24.119076485586753
2010-08-14,19.709842845326715,29.447520661157025,24.57868175324187
2010-08-15,18.529280397022333,29.09942148760331,23.81435094231282
2010-08-16,17.513482216708024,28.28504132231405,22.899261769511035
2010-08-17,18.543920595533496,27.88074380165289,23.212332198593195
2010-08-18,17.86923076923077,30.1101652892562,23.989698029243485
2010-08-19,19.24805624483044,28.05818181818182,23.65311903150613
2010-08-20,17.82861869313482,25.977520661157023,21.903069677145922
2010-08-21,19.297520661157026,25.460661157024795,22.379090909090912
2010-08-22,19.735235732009926,28.380165289256198,24.05770051063306
2010-08-23,18.535318444995866,29.074710743801653,23.80501459439876
2010-08-24,17.338130686517783,29.865702479338843,23.60191658292831
2010-08-25,17.95822994210091,29.483057851239668,23.72064389667029
2010-08-26,16.8752688172043,28.674710743801654,22.774989780502978
2010-08-27,21.51381306865178,27.67338842975207,24.593600749201926
2010-08-28,19.106368899917285,27.15677685950413,23.13157287971071
2010-08-29,20.84102564102564,27.924132231404958,24.3825789362153
2010-08-30,21.36484698097601,27.109008264462812,24.236927622719413
2010-08-31,19.242100909842847,27.2101652892562,23.22613309954952
2010-09-01,16.319685690653433,27.86603305785124,22.092859374252335
2010-09-02,17.146319272125726,26.369834710743802,21.758076991434763
2010-09-03,15.900000000000002,26.998264462809917,21.44913223140496
2010-09-04,17.112903225806452,28.716446280991736,22.914674753399094
2010-09-05,16.641273779983457,34.862975206611566,25.75212449329751
2010-09-06,16.84168734491315,31.456363636363633,24.149025490638394
2010-09-07,19.73631100082713,29.562396694214875,24.649353847521002
2010-09-08,17.6712158808933,31.15471074380165,24.412963312347475
2010-09-09,18.729363110008272,32.38528925619835,25.55732618310331
2010-09-10,18.354590570719605,29.140247933884297,23.747419252301952
2010-09-11,20.187427626137303,31.160330578512397,25.67387910232485
2010-09-12,18.171629445822994,32.99909090909091,25.585360177456952
2010-09-13,19.097684036393712,26.87727272727273,22.98747838183322
2010-09-14,18.156658395368073,28.627190082644628,23.39192423900635
2010-09-15,18.073531844499588,28.98099173553719,23.52726179001839
2010-09-16,19.96617038875103,32.36090909090909,26.16353973983006
2010-09-17,19.583126550868485,28.02421487603306,23.80367071345077
2010-09-18,17.311414392059554,34.06760330578513,25.68950884892234
2010-09-19,17.842148760330577,31.943471074380163,24.892809917355372
2010-09-20,20.39379652605459,33.71107438016529,27.052435453109943
2010-09-22,18.268651778329197,29.8499173553719,24.05928456685055
2010-09-23,18.291811414392058,29.215702479338844,23.75375694686545
2010-09-24,19.635318444995868,29.36694214876033,24.5011302968781
2010-09-25,18.929114971050453,34.40462809917355,26.666871535112
2010-09-26,19.706617038875102,34.58743801652893,27.147027527702015
2010-09-27,23.395037220843673,34.40371900826446,28.899378114554068
2010-09-28,21.12655086848635,23.678677685950415,22.402614277218383
2010-09-29,19.137138130686516,31.791652892561984,25.46439551162425
2010-09-30,22.143672456575683,32.32107438016529,27.232373418370486
2010-10-01,21.12415219189413,33.69892561983472,27.411538905864425
2010-10-02,18.514143920595533,33.304545454545455,25.909344687570496
2010-10-03,20.603887510339124,33.12611570247934,26.86500160640923
2010-10-04,20.60818858560794,32.63545454545455,26.621821565531246
2010-10-05,18.656658395368073,29.72809917355372,24.192378784460896
2010-10-06,19.34582299421009,28.789421487603303,24.067622240906694
2010-10-07,20.861538461538462,30.344380165289255,25.60295931341386
2010-10-08,19.48362282878412,30.56173553719008,25.0226791829871
2010-10-09,21.14234904880066,34.98495867768595,28.063653863243307
2010-10-10,22.18428453267163,34.63347107438017,28.408877803525897
2010-10-11,20.932423490488006,33.22190082644628,27.077162158467143
2010-10-12,23.05889164598842,34.1297520661157,28.594321856052062
2010-10-13,19.76095947063689,33.365950413223146,26.56345494193002
2010-10-14,23.00198511166253,30.387272727272727,26.69462891946763
2010-10-15,20.035070306038048,30.211818181818185,25.123444243928116
2010-10-16,20.918114143920594,30.87504132231405,25.896577733117322
2010-10-17,19.00537634408602,34.21090909090909,26.608142717497557
2010-10-18,21.06914805624483,36.90578512396694,28.98746659010589
2010-10-19,21.38908188585608,32.95702479338843,27.173053339622253
2010-10-20,21.89090157154673,34.257685950413226,28.074293760979977
2010-10-21,19.627791563275434,33.51793388429752,26.57286272378648
2010-10-22,22.67535153019024,29.721487603305786,26.198419566748015
2010-10-23,20.498759305210918,32.67677685950413,26.587768082357524
2010-10-24,22.175103391232422,32.912809917355375,27.5439566542939
2010-10-25,25.21042183622829,29.31380165289256,27.262111744560425
2010-10-26,21.1686517783292,29.600495867768593,25.384573823048896
2010-10-27,19.902812241521918,32.14520661157025,26.024009426546087
2010-10-28,22.373035566583955,28.39413223140496,25.38358389899446
2010-10-29,20.478494623655912,31.344049586776862,25.911272105216387
2010-10-30,23.127956989247313,32.81140495867769,27.969680973962504
2010-10-31,21.830934656741107,34.1501652892562,27.990549972998654
2010-11-01,21.389330024813898,34.263140495867766,27.82623526034083
2010-11-02,20.28569065343259,31.68074380165289,25.983217227542738
2010-11-03,20.648717948717948,34.532561983471076,27.590639966094514
2010-11-04,23.317617866004962,32.632314049586775,27.974965957795867
2010-11-05,24.002481389578165,33.55347107438017,28.777976231979167
2010-11-06,23.01710743801653,31.60173553719008,27.309421487603306
2010-11-07,20.574524400330855,30.932396694214873,25.753460547272866
2010-11-08,19.1247311827957,27.187272727272727,23.156001955034213
2010-11-09,22.290818858560794,29.60380165289256,25.947310255726677
2010-11-10,20.24987593052109,31.223305785123966,25.736590857822527
2010-11-11,20.850537634408603,28.36115702479339,24.605847329600998
2010-11-12,22.270140612076094,29.312396694214875,25.791268653145487
2010-11-13,21.800578990901574,28.15239669421488,24.976487842558228
2010-11-14,20.340860215053763,29.82661157024793,25.083735892650846
2010-11-15,19.449710504549216,28.937603305785125,24.19365690516717
2010-11-16,18.218941273779983,29.63570247933884,23.92732187655941
2010-11-17,20.389826302729528,29.6300826446281,25.009954473678814
2010-11-18,22.43424317617866,30.770909090909093,26.602576133543877
2010-11-19,21.43267162944582,33.45256198347107,27.442616806458446
2010-11-20,22.30686517783292,33.92107438016529,28.113969778999103
2010-11-21,22.637468982630274,33.786528925619834,28.211998954125054
2010-11-22,23.10198511166253,28.851487603305788,25.976736357484157
2010-11-23,19.921257237386268,31.46520661157025,25.69323192447826
2010-11-24,22.776757650951197,30.422066115702478,26.599411883326837
2010-11-25,23.273200992555832,32.225867768595045,27.74953438057544
2010-11-26,22.19933829611249,32.37661157024793,27.28797493318021
2010-11-27,23.08610421836228,34.49694214876033,28.791523183561306
2010-11-28,23.55227460711332,34.331157024793384,28.94171581595335
2010-11-29,24.248138957816376,35.508429752066114,29.878284354941243
2010-11-30,23.27816377171216,33.00735537190083,28.142759571806494
2010-12-01,22.17892561983471,34.98570247933884,28.582314049586778
2010-12-02,21.596526054590573,25.98,23.788263027295287
2010-12-03,21.17667493796526,33.6998347107438,27.43825482435453
2010-12-04,19.498759305210918,28.776363636363637,24.137561470787276
2010-12-05,22.17138130686518,32.54512396694215,27.358252636903664
2010-12-06,23.12894954507858,34.205619834710745,28.667284689894664
2010-12-07,20.650289495450785,33.777438016528926,27.213863755989856
2010-12-08,23.819189412737803,34.366198347107435,29.09269387992262
2010-12-09,20.250703060380477,33.68743801652893,26.9690705384547
2010-12-10,21.698924731182796,33.121818181818185,27.410371456500492
2010-12-11,23.20397022332506,31.134545454545457,27.16925783893526
2010-12-12,23.467659222497932,30.788760330578512,27.12820977653822
2010-12-13,21.440198511166255,32.135537190082644,26.78786785062445
2010-12-14,20.399421009098425,34.14892561983471,27.27417331446657
2010-12-15,23.45624483043838,33.42661157024793,28.441428200343154
2010-12-16,23.174937965260547,32.20214876033058,27.688543362795563
2010-12-17,21.40380479735318,32.48826446280992,26.946034630081552
2010-12-18,19.99536807278743,30.23570247933884,25.115535276063135
2010-12-19,20.640777502067824,34.199504132231404,27.420140817149615
2010-12-20,24.550620347394542,29.483553719008263,27.017087033201403
2010-12-22,24.27733664185277,31.93289256198347,28.105114601918118
2010-12-23,20.814971050454922,35.119421487603304,27.967196269029113
2010-12-24,23.624317617866005,31.760413223140496,27.69236542050325
2010-12-25,23.12266335814723,31.609173553719007,27.36591845593312
2010-12-26,22.863358147229114,30.676363636363636,26.769860891796377
2010-12-27,21.313978494623655,29.67504132231405,25.494509908468853
2010-12-28,23.9449958643507,28.158347107438015,26.05167148589436
2010-12-29,24.265508684863523,34.44429752066116,29.354903102762343
2010-12-30,22.029611248966088,27.655619834710745,24.842615541838416
2010-12-31,24.461869313482218,28.857851239669422,26.65986027657582
2011-01-01,22.010258620689655,31.003103448275862,26.50668103448276
2011-01-02,24.34551724137931,34.786034482758616,29.56577586206896
2011-01-03,24.009310344827586,29.618965517241378,26.81413793103448
2011-01-04,24.935344827586206,29.55931034482759,27.2473275862069
2011-01-05,25.84853448275862,27.77603448275862,26.81228448275862
2011-01-06,23.010431034482757,35.78672413793103,29.398577586206894
2011-01-07,21.17594827586207,27.16293103448276,24.169439655172415
2011-01-08,23.337931034482757,34.0126724137931,28.675301724137928
2011-01-09,20.142155172413794,28.819741379310347,24.48094827586207
2011-01-10,21.387758620689656,29.022931034482756,25.205344827586206
2011-01-11,23.43741379310345,31.44758620689655,27.4425
2011-01-12,27.08603448275862,29.029827586206896,28.057931034482756
2011-01-13,22.843793103448274,29.117844827586204,25.980818965517237
2011-01-14,22.65241379310345,27.786379310344827,25.219396551724138
2011-01-15,18.88293103448276,26.033879310344826,22.45840517241379
2011-01-16,22.613275862068967,29.11956896551724,25.866422413793103
2011-01-17,22.151637931034482,30.463706896551724,26.307672413793103
2011-01-18,23.55612068965517,30.974568965517243,27.265344827586205
2011-01-19,24.21206896551724,30.99336206896552,27.60271551724138
2011-01-20,23.81905172413793,31.514051724137932,27.666551724137932
2011-01-21,22.377586206896552,31.323879310344825,26.850732758620687
2011-01-22,20.98801724137931,29.03198275862069,25.009999999999998
2011-01-23,21.087327586206897,28.717327586206896,24.902327586206894
2011-01-24,21.60103448275862,27.057327586206895,24.329181034482758
2011-01-25,21.63439655172414,24.7175,23.17594827586207
2011-01-26,23.228189655172415,27.764310344827585,25.49625
2011-01-27,19.646379310344827,27.95,23.798189655172415
2011-01-28,21.083189655172415,28.811379310344826,24.94728448275862
2011-01-29,22.805775862068966,31.30008620689655,27.05293103448276
2011-01-30,23.651379310344826,31.729224137931034,27.69030172413793
2011-01-31,22.33310344827586,33.32224137931034,27.827672413793103
2011-02-01,23.594224137931032,34.2176724137931,28.905948275862066
2011-02-02,20.17146551724138,34.860344827586204,27.51590517241379
2011-02-03,23.11594827586207,33.68775862068966,28.401853448275865
2011-02-04,23.776206896551724,31.649482758620692,27.71284482758621
2011-02-05,24.75405172413793,32.30310344827586,28.528577586206897
2011-02-06,23.39991379310345,31.561034482758622,27.480474137931036
2011-02-07,24.632844827586204,33.97629310344828,29.30456896551724
2011-02-08,25.201379310344826,31.492155172413796,28.34676724137931
2011-02-09,19.370172413793103,32.11206896551724,25.74112068965517
2011-02-10,20.692413793103448,33.07870689655173,26.88556034482759
2011-02-11,22.09655172413793,29.60310344827586,25.849827586206896
2011-02-12,21.698793103448274,31.465172413793102,26.58198275862069
2011-02-13,21.244568965517242,31.002586206896552,26.1235775862069
2011-02-14,22.028103448275864,30.4975,26.26280172413793
2011-02-15,20.97491379310345,30.40344827586207,25.689181034482758
2011-02-16,20.08706896551724,30.264137931034483,25.17560344827586
2011-02-17,23.83939655172414,29.951724137931034,26.895560344827587
2011-02-18,20.16060344827586,29.748189655172414,24.954396551724138
2011-02-19,18.779051724137933,30.33094827586207,24.555
2011-02-20,24.842068965517242,30.486637931034483,27.66435344827586
2011-02-21,23.466551724137933,29.686206896551724,26.576379310344826
2011-02-22,22.26258620689655,27.648189655172416,24.955387931034483
2011-02-23,22.79043103448276,29.19068965517241,25.990560344827585
2011-02-24,23.034224137931034,32.43836206896552,27.736293103448276
2011-02-25,23.602758620689656,31.60034482758621,27.601551724137934
2011-02-26,21.631551724137932,32.19025862068966,26.9109051724138
2011-02-27,23.83896551724138,31.3026724137931,27.57081896551724
2011-02-28,23.760431034482757,29.520431034482755,26.640431034482756
2011-03-01,23.442931034482758,28.539051724137934,25.990991379310344
2011-03-02,22.172931034482758,30.943534482758622,26.55823275862069
2011-03-03,22.426896551724138,31.067327586206897,26.747112068965517
2011-03-04,20.243965517241378,30.285948275862065,25.264956896551723
2011-03-05,22.208362068965517,27.842672413793103,25.025517241379312
2011-03-06,21.106206896551726,26.524827586206897,23.81551724137931
2011-03-07,23.160775862068967,26.635172413793104,24.897974137931037
2011-03-08,23.372758620689655,25.83241379310345,24.602586206896554
2011-03-09,22.743362068965517,25.67603448275862,24.209698275862067
2011-03-10,23.035344827586208,30.436724137931034,26.73603448275862
2011-03-11,20.755258620689656,28.63137931034483,24.693318965517243
2011-03-12,24.11396551724138,30.994655172413797,27.554310344827588
2011-03-13,22.282758620689656,27.626896551724137,24.954827586206896
2011-03-14,20.569051724137932,29.91293103448276,25.240991379310344
2011-03-15,20.454051724137933,26.564827586206896,23.509439655172415
2011-03-16,23.828793103448277,30.251379310344827,27.040086206896554
2011-03-17,24.460086206896552,27.770775862068966,26.11543103448276
2011-03-18,20.568362068965516,30.689310344827586,25.62883620689655
2011-03-19,22.66215517241379,29.222672413793106,25.942413793103448
2011-03-20,19.594568965517244,32.10706896551724,25.85081896551724
2011-03-21,22.21948275862069,30.489310344827587,26.354396551724136
2011-03-23,21.89094827586207,28.465,25.177974137931034
2011-03-24,24.966465517241378,29.958620689655174,27.462543103448276
2011-03-25,24.39844827586207,30.470258620689656,27.434353448275864
2011-03-26,21.467758620689654,32.99163793103448,27.22969827586207
2011-03-27,19.31818965517241,31.93810344827586,25.628146551724136
2011-03-28,21.672758620689656,33.55336206896552,27.613060344827588
2011-03-29,22.136120689655172,32.201379310344834,27.168750000000003
2011-03-30,23.16172413793103,34.88508620689655,29.023405172413792
2011-03-31,19.959655172413793,30.901637931034482,25.430646551724138
2011-04-01,19.82051724137931,32.160603448275864,25.990560344827585
2011-04-02,20.730172413793102,31.4126724137931,26.0714224137931
2011-04-03,20.93293103448276,31.827155172413793,26.380043103448276
2011-04-04,22.394137931034482,30.78439655172414,26.58926724137931
2011-04-05,22.06137931034483,32.2948275862069,27.178103448275863
2011-04-06,22.30560344827586,26.827155172413793,24.56637931034483
2011-04-07,22.57396551724138,27.403706896551725,24.98883620689655
2011-04-08,21.142672413793104,29.05301724137931,25.097844827586208
2011-04-09,21.20706896551724,25.58456896551724,23.39581896551724
2011-04-10,21.253189655172413,28.04103448275862,24.647112068965516
2011-04-11,22.103189655172415,27.599051724137933,24.851120689655176
2011-04-12,21.43568965517241,28.53206896551724,24.983879310344825
2011-04-13,21.46206896551724,29.45646551724138,25.459267241379308
2011-04-14,22.62594827586207,27.81301724137931,25.21948275862069
2011-04-15,22.967068965517242,23.900172413793104,23.43362068965517
2011-04-16,18.246724137931036,28.529396551724137,23.388060344827586
2011-04-17,21.99043103448276,27.35905172413793,24.674741379310348
2011-04-18,20.239741379310345,28.135,24.187370689655175
2011-04-19,19.710689655172416,24.970258620689656,22.340474137931036
2011-04-20,20.85,27.068362068965516,23.95918103448276
2011-04-21,18.621379310344828,25.149310344827587,21.88534482758621
2011-04-22,19.08206896551724,26.273362068965515,22.677715517241378
2011-04-23,21.40051724137931,25.45508620689655,23.42780172413793
2011-04-24,21.681724137931035,27.944913793103446,24.81331896551724
2011-04-25,19.27344827586207,27.494224137931035,23.383836206896554
2011-04-26,19.787327586206896,27.561034482758622,23.674181034482757
2011-04-27,20.31137931034483,26.385258620689655,23.348318965517244
2011-04-28,20.21405172413793,26.43913793103448,23.326594827586206
2011-04-29,20.963620689655173,24.624224137931037,22.793922413793105
2011-04-30,19.57456896551724,25.9425,22.75853448275862
2011-05-01,23.219137931034485,28.025258620689655,25.62219827586207
2011-05-02,22.88698275862069,29.203189655172412,26.04508620689655
2011-05-03,20.225517241379308,31.679396551724135,25.952456896551723
2011-05-04,21.64344827586207,27.322758620689655,24.483103448275862
2011-05-05,20.938189655172412,28.035,24.486594827586206
2011-05-06,20.857844827586206,28.141810344827586,24.499827586206898
2011-05-07,20.05103448275862,29.79060344827586,24.920818965517242
2011-05-08,19.981810344827586,29.0925,24.537155172413794
2011-05-09,22.55637931034483,29.910775862068967,26.2335775862069
2011-05-10,23.089655172413792,29.351724137931033,26.220689655172414
2011-05-11,20.281293103448274,26.35646551724138,23.318879310344826
2011-05-12,19.87086206896552,25.87163793103448,22.87125
2011-05-13,18.79344827586207,26.237672413793103,22.515560344827584
2011-05-14,20.35905172413793,27.971120689655173,24.165086206896554
2011-05-15,19.673706896551725,28.82853448275862,24.251120689655174
2011-05-16,20.841724137931035,26.28215517241379,23.561939655172413
2011-05-17,19.317155172413795,28.31155172413793,23.814353448275863
2011-05-18,18.864568965517243,29.607241379310345,24.235905172413794
2011-05-19,19.42801724137931,27.2648275862069,23.346422413793107
2011-05-20,21.075344827586207,24.377241379310345,22.726293103448278
2011-05-21,20.10456896551724,25.044396551724137,22.57448275862069
2011-05-22,18.597155172413792,25.81603448275862,22.20659482758621
2011-05-23,20.215172413793102,27.093706896551726,23.654439655172414
2011-05-24,18.98293103448276,27.469913793103448,23.226422413793102
2011-05-25,19.600517241379308,26.637672413793105,23.119094827586206
2011-05-26,17.48301724137931,25.063448275862072,21.273232758620694
2011-05-27,20.108706896551723,26.051896551724138,23.080301724137932
2011-05-28,19.40698275862069,28.09043103448276,23.748706896551724
2011-05-29,19.255862068965516,27.738706896551726,23.497284482758623
2011-05-30,18.18336206896552,28.30318965517241,23.243275862068963
2011-05-31,18.76051724137931,27.361810344827585,23.061163793103447
2011-06-01,19.831206896551723,26.97991379310345,23.405560344827585
2011-06-02,19.880948275862067,26.996896551724138,23.4389224137931
2011-06-03,21.94405172413793,28.493275862068963,25.218663793103445
2011-06-04,19.04362068965517,29.555431034482762,24.29952586206897
2011-06-05,18.328189655172416,29.09387931034483,23.71103448275862
2011-06-06,17.1175,28.469310344827587,22.79340517241379
2011-06-07,18.906637931034485,25.9325,22.419568965517243
2011-06-08,18.307327586206895,23.49318965517241,20.900258620689655
2011-06-09,18.439310344827586,26.90008620689655,22.669698275862068
2011-06-10,18.432068965517242,29.867672413793102,24.149870689655174
2011-06-11,18.288448275862066,25.270258620689656,21.779353448275863
2011-06-12,17.510862068965515,24.373706896551724,20.94228448275862
2011-06-13,18.92043103448276,26.654224137931035,22.7873275862069
2011-06-14,15.741896551724137,27.30844827586207,21.525172413793104
2011-06-15,19.236206896551725,24.15646551724138,21.696336206896554
2011-06-16,18.516724137931035,25.66844827586207,22.092586206896552
2011-06-17,16.55655172413793,25.866465517241377,21.211508620689653
2011-06-18,18.764913793103446,27.895,23.32995689655172
2011-06-19,23.380517241379312,28.60560344827586,25.993060344827587
2011-06-20,20.089137931034482,27.797586206896554,23.94336206896552
2011-06-22,18.76215517241379,28.997672413793104,23.879913793103448
2011-06-23,17.156896551724138,28.586293103448273,22.871594827586208
2011-06-24,15.776724137931035,29.87258620689655,22.82465517241379
2011-06-25,20.33198275862069,27.974827586206896,24.15340517241379
2011-06-26,21.002413793103447,29.301637931034485,25.152025862068967
2011-06-27,20.08896551724138,29.560775862068965,24.82487068965517
2011-06-28,20.373362068965516,29.829396551724138,25.101379310344825
2011-06-29,18.606379310344828,29.693534482758622,24.149956896551725
2011-06-30,18.453706896551722,28.410517241379306,23.432112068965516
2011-07-01,20.074224137931033,25.64043103448276,22.857327586206896
2011-07-02,18.39043103448276,28.91189655172414,23.65116379310345
2011-07-03,17.37043103448276,28.03965517241379,22.705043103448276
2011-07-04,18.595431034482758,30.25284482758621,24.424137931034483
2011-07-05,17.769827586206898,29.90258620689655,23.836206896551722
2011-07-06,19.95706896551724,28.59413793103448,24.27560344827586
2011-07-07,19.10448275862069,29.036034482758623,24.070258620689657
2011-07-08,19.158534482758622,31.206120689655172,25.182327586206895
2011-07-09,18.00344827586207,30.063706896551725,24.033577586206896
2011-07-10,17.221206896551724,26.120603448275862,21.670905172413793
2011-07-11,19.597327586206898,26.652155172413792,23.124741379310343
2011-07-12,17.727241379310342,24.089655172413792,20.908448275862067
2011-07-13,16.36405172413793,23.702758620689657,20.033405172413794
2011-07-14,17.966120689655174,26.572758620689655,22.269439655172413
2011-07-15,14.273620689655173,28.312844827586208,21.29323275862069
2011-07-16,19.725775862068968,26.658706896551724,23.192241379310346
2011-07-17,20.538793103448278,26.70396551724138,23.621379310344828
2011-07-18,21.022931034482756,30.135948275862066,25.57943965517241
2011-07-19,19.1575,30.08189655172414,24.61969827586207
2011-07-20,17.814224137931035,31.572499999999998,24.693362068965516
2011-07-21,16.83991379310345,28.578879310344828,22.70939655172414
2011-07-22,18.138793103448275,28.639396551724136,23.389094827586206
2011-07-23,19.31241379310345,29.586465517241383,24.449439655172416
2011-07-24,19.037068965517243,25.656896551724138,22.34698275862069
2011-07-25,20.7625,28.824396551724142,24.79344827586207
2011-07-26,19.00336206896552,25.260862068965515,22.13211206896552
2011-07-27,16.037241379310345,25.22508620689655,20.631163793103447
2011-07-28,17.28396551724138,33.38922413793104,25.33659482758621
2011-07-29,16.681465517241378,28.38094827586207,22.531206896551723
2011-07-30,19.91336206896552,30.48801724137931,25.200689655172415
2011-07-31,21.143103448275863,29.522758620689658,25.332931034482762
2011-08-01,19.816206896551723,32.64353448275862,26.229870689655172
2011-08-02,18.015,34.34991379310345,26.182456896551724
2011-08-03,17.771551724137932,35.76560344827586,26.768577586206895
2011-08-04,17.199827586206897,40.03508620689655,28.617456896551722
2011-08-05,18.264655172413793,29.281293103448277,23.772974137931037
2011-08-06,19.601293103448278,29.579913793103447,24.590603448275864
2011-08-07,19.03155172413793,29.14008620689655,24.08581896551724
2011-08-08,21.95801724137931,29.71534482758621,25.83668103448276
2011-08-09,19.006637931034483,28.24353448275862,23.62508620689655
2011-08-10,16.383275862068963,30.922672413793105,23.652974137931032
2011-08-11,17.783620689655173,28.759999999999998,23.271810344827585
2011-08-12,23.40534482758621,29.908362068965516,26.65685344827586
2011-08-13,21.916551724137932,29.069741379310347,25.493146551724138
2011-08-14,18.01301724137931,29.66896551724138,23.840991379310346
2011-08-15,19.566810344827587,30.5275,25.047155172413795
2011-08-16,17.592586206896552,26.257672413793106,21.92512931034483
2011-08-17,23.221637931034483,28.51560344827586,25.868620689655174
2011-08-18,17.392241379310345,27.146379310344827,22.269310344827588
2011-08-19,18.478620689655173,32.87413793103448,25.676379310344828
2011-08-20,17.886293103448274,30.719396551724138,24.302844827586206
2011-08-21,18.710172413793103,35.67879310344828,27.19448275862069
2011-08-22,18.45956896551724,26.260603448275862,22.36008620689655
2011-08-23,19.213879310344826,28.32258620689655,23.768232758620687
2011-08-24,19.620689655172413,28.299568965517242,23.960129310344826
2011-08-25,18.24405172413793,26.21060344827586,22.227327586206897
2011-08-26,18.625172413793106,29.383362068965514,24.00426724137931
2011-08-27,21.19155172413793,28.20991379310345,24.70073275862069
2011-08-28,22.616206896551724,27.981810344827586,25.299008620689655
2011-08-29,18.03155172413793,29.87112068965517,23.95133620689655
2011-08-30,20.63439655172414,35.33793103448276,27.98616379310345
2011-08-31,19.073706896551723,29.377758620689654,24.225732758620687
2011-09-01,19.39396551724138,32.62008620689655,26.007025862068964
2011-09-02,18.716120689655174,31.266896551724138,24.991508620689658
2011-09-03,18.830172413793104,38.258189655172416,28.54418103448276
2011-09-04,17.967068965517242,30.37543103448276,24.17125
2011-09-05,19.070258620689657,37.4046551724138,28.237456896551727
2011-09-06,17.72008620689655,32.35663793103448,25.03836206896551
2011-09-07,16.015862068965518,29.257758620689657,22.636810344827587
2011-09-08,21.284827586206898,32.49439655172414,26.88961206896552
2011-09-09,20.331120689655172,38.92413793103448,29.627629310344826
2011-09-10,19.072931034482757,30.05568965517241,24.564310344827582
2011-09-11,18.100258620689655,40.280086206896556,29.190172413793107
2011-09-12,21.212931034482757,40.56612068965518,30.889525862068968
2011-09-13,20.766896551724138,29.66655172413793,25.21672413793103
2011-09-14,19.806293103448276,26.855775862068967,23.33103448275862
2011-09-15,20.84198275862069,28.003793103448277,24.422887931034484
2011-09-16,22.351724137931033,28.548189655172415,25.449956896551726
2011-09-17,21.79655172413793,26.43456896551724,24.115560344827585
2011-09-18,18.156293103448274,26.547327586206897,22.351810344827584
2011-09-19,17.24086206896552,24.01646551724138,20.62866379310345
2011-09-21,15.441293103448277,24.809396551724138,20.125344827586208
2011-09-22,16.52,25.894827586206898,21.20741379310345
2011-09-23,20.01155172413793,33.6075,26.809525862068966
2011-09-24,22.166465517241377,34.24129310344828,28.203879310344828
2011-09-25,21.170689655172414,33.14939655172414,27.160043103448274
2011-09-26,21.519137931034482,31.878103448275862,26.698620689655172
2011-09-27,17.920086206896553,31.039827586206894,24.479956896551723
2011-09-28,20.89801724137931,28.382155172413796,24.640086206896555
2011-09-29,17.892758620689655,30.33456896551724,24.11366379310345
2011-09-30,19.72051724137931,30.873793103448275,25.29715517241379
2011-10-01,21.67198275862069,36.886034482758625,29.27900862068966
2011-10-02,20.846379310344826,35.52741379310345,28.18689655172414
2011-10-03,20.513620689655173,33.86810344827586,27.190862068965515
2011-10-04,20.70293103448276,33.334741379310344,27.01883620689655
2011-10-05,20.473793103448276,31.664827586206894,26.069310344827585
2011-10-06,23.196810344827586,36.86327586206897,30.03004310344828
2011-10-07,21.382672413793106,35.323534482758625,28.353103448275867
2011-10-08,18.054396551724135,37.22112068965517,27.637758620689652
2011-10-09,19.888448275862068,31.322499999999998,25.605474137931033
2011-10-10,20.66103448275862,32.726379310344825,26.693706896551724
2011-10-11,20.46103448275862,31.355689655172412,25.908362068965516
2011-10-12,22.398706896551722,33.37422413793103,27.886465517241376
2011-10-13,22.205258620689655,32.46974137931035,27.337500000000002
2011-10-14,20.79689655172414,31.718706896551723,26.25780172413793
2011-10-15,22.39913793103448,30.928965517241377,26.664051724137927
2011-10-16,20.84094827586207,31.592672413793103,26.216810344827586
2011-10-17,22.19163793103448,30.59034482758621,26.390991379310346
2011-10-18,20.998362068965516,31.36818965517241,26.183275862068964
2011-10-19,21.495689655172413,28.90698275862069,25.20133620689655
2011-10-20,18.86293103448276,30.274482758620692,24.568706896551724
2011-10-21,19.33301724137931,28.501206896551725,23.917112068965515
2011-10-22,19.072241379310345,27.397241379310344,23.234741379310343
2011-10-23,18.916551724137932,29.50922413793103,24.21288793103448
2011-10-24,20.20448275862069,31.393620689655172,25.799051724137932
2011-10-25,18.918706896551726,31.35956896551724,25.139137931034483
2011-10-26,21.379913793103448,31.03206896551724,26.205991379310344
2011-10-27,20.562155172413792,31.361206896551725,25.96168103448276
2011-10-28,20.978706896551724,29.09793103448276,25.03831896551724
2011-10-29,20.759913793103447,30.997672413793104,25.878793103448274
2011-10-30,20.852758620689656,30.779741379310344,25.81625
2011-10-31,22.450862068965517,30.305517241379313,26.378189655172413
2011-11-01,22.920086206896553,28.94956896551724,25.934827586206897
2011-11-02,19.125172413793106,29.351724137931033,24.23844827586207
2011-11-03,21.78051724137931,28.84103448275862,25.310775862068965
2011-11-04,20.274482758620692,28.43551724137931,24.355
2011-11-05,20.362068965517242,26.814913793103447,23.588491379310344
2011-11-06,18.589741379310343,26.3825,22.486120689655174
2011-11-07,20.1875,27.807327586206895,23.997413793103448
2011-11-08,17.625344827586208,26.72655172413793,22.17594827586207
2011-11-09,21.111810344827585,28.951637931034483,25.031724137931036
2011-11-10,20.98155172413793,29.70310344827586,25.342327586206896
2011-11-11,20.977241379310342,27.96241379310345,24.469827586206897
2011-11-12,20.00681034482759,29.48491379310345,24.74586206896552
2011-11-13,19.552500000000002,28.039827586206897,23.79616379310345
2011-11-14,21.375172413793106,29.379913793103444,25.377543103448275
2011-11-15,20.757672413793106,30.763965517241378,25.76081896551724
2011-11-16,20.353275862068966,29.806896551724137,25.080086206896553
2011-11-17,20.073706896551723,29.426551724137934,24.75012931034483
2011-11-18,21.48793103448276,28.921810344827588,25.204870689655174
2011-11-19,20.647931034482756,29.104396551724136,24.876163793103444
2011-11-20,20.47198275862069,26.67836206896552,23.575172413793105
2011-11-21,21.51206896551724,28.18698275862069,24.849525862068965
2011-11-22,20.998793103448275,26.572241379310345,23.78551724137931
2011-11-23,20.719310344827587,29.086034482758624,24.902672413793105
2011-11-24,21.032327586206897,28.69318965517241,24.862758620689654
2011-11-25,20.52413793103448,28.92594827586207,24.725043103448275
2011-11-26,17.893879310344825,28.598965517241382,23.246422413793105
2011-11-27,20.471120689655173,27.883362068965518,24.177241379310345
2011-11-28,21.75637931034483,26.49241379310345,24.12439655172414
2011-11-29,21.632844827586204,29.30965517241379,25.471249999999998
2011-11-30,21.743017241379313,26.78215517241379,24.26258620689655
2011-12-01,21.582327586206898,28.9975,25.289913793103448
2011-12-02,21.565258620689654,27.982155172413794,24.773706896551722
2011-12-03,20.61344827586207,28.43163793103448,24.522543103448275
2011-12-04,21.906810344827587,27.71353448275862,24.810172413793104
2011-12-05,20.696724137931035,28.204741379310345,24.45073275862069
2011-12-06,21.076206896551724,27.879310344827587,24.477758620689656
2011-12-07,21.235689655172415,28.0725,24.654094827586206
2011-12-08,19.548706896551725,30.835603448275865,25.192155172413795
2011-12-09,20.994741379310344,30.547931034482758,25.77133620689655
2011-12-10,19.683879310344828,33.45836206896551,26.57112068965517
2011-12-11,21.5848275862069,31.65344827586207,26.619137931034484
2011-12-12,22.971810344827585,34.417068965517245,28.694439655172417
2011-12-13,21.71543103448276,31.00336206896552,26.35939655172414
2011-12-14,20.765344827586205,29.84387931034483,25.30461206896552
2011-12-15,21.013448275862068,26.7475,23.88047413793103
2011-12-16,22.227241379310342,26.592155172413793,24.40969827586207
2011-12-17,20.513275862068966,24.989568965517243,22.751422413793104
2011-12-18,21.161120689655174,23.994224137931035,22.577672413793103
2011-12-19,20.596724137931034,26.23844827586207,23.41758620689655
2011-12-21,22.704310344827586,26.834310344827585,24.769310344827588
2011-12-22,22.116637931034482,29.06293103448276,25.58978448275862
2011-12-23,22.85008620689655,30.566810344827587,26.708448275862068
2011-12-24,24.180517241379313,29.354137931034487,26.7673275862069
2011-12-25,23.235948275862068,31.575258620689656,27.405603448275862
2011-12-26,23.122844827586206,35.267758620689655,29.19530172413793
2011-12-27,22.44965517241379,30.43181034482759,26.44073275862069
2011-12-28,21.026293103448275,30.891379310344828,25.95883620689655
2011-12-29,21.628189655172413,29.802155172413794,25.715172413793105
2011-12-30,22.21905172413793,30.281724137931036,26.25038793103448
2011-12-31,21.804396551724135,30.04551724137931,25.924956896551723
2012-01-01,22.93862068965517,30.183017241379314,26.560818965517242
2012-01-02,22.262931034482758,28.30965517241379,25.286293103448273
2012-01-03,22.044224137931035,26.734137931034482,24.38918103448276
2012-01-04,24.39008620689655,35.68155172413793,30.035818965517244
2012-01-05,22.19939655172414,30.395086206896554,26.297241379310346
2012-01-06,22.262844827586207,30.510517241379308,26.386681034482756
2012-01-07,20.626724137931035,28.091120689655174,24.358922413793103
2012-01-08,22.980258620689654,25.734655172413795,24.357456896551724
2012-01-09,22.994913793103446,25.371379310344828,24.183146551724136
2012-01-10,21.16508620689655,26.3348275862069,23.749956896551723
2012-01-11,23.998017241379312,29.764051724137932,26.881034482758622
2012-01-12,23.878793103448277,29.495689655172413,26.687241379310343
2012-01-13,22.605689655172412,29.172758620689656,25.889224137931034
2012-01-14,21.42086206896552,29.838879310344826,25.62987068965517
2012-01-15,22.649482758620692,29.295086206896553,25.972284482758624
2012-01-16,21.66293103448276,31.829827586206896,26.746379310344828
2012-01-17,20.97310344827586,32.24448275862069,26.608793103448278
2012-01-18,22.037758620689655,30.93163793103448,26.484698275862065
2012-01-19,21.559827586206897,33.0975,27.328663793103445
2012-01-20,22.34991379310345,32.11189655172414,27.2309051724138
2012-01-21,21.523620689655175,27.924741379310344,24.72418103448276
2012-01-22,24.139741379310344,29.797758620689656,26.96875
2012-01-23,22.0401724137931,30.782413793103448,26.411293103448273
2012-01-24,21.47810344827586,29.04103448275862,25.25956896551724
2012-01-25,21.667327586206895,33.55155172413794,27.609439655172416
2012-01-26,20.44612068965517,34.126120689655174,27.28612068965517
2012-01-27,21.713706896551724,37.06431034482758,29.38900862068965
2012-01-28,20.772499999999997,33.92974137931034,27.35112068965517
2012-01-29,20.219310344827587,29.80594827586207,25.012629310344828
2012-01-30,22.44991379310345,30.57896551724138,26.514439655172414
2012-01-31,22.483706896551723,31.62112068965517,27.052413793103447
2012-02-01,20.866465517241377,30.898620689655175,25.882543103448278
2012-02-02,23.89051724137931,31.893793103448278,27.892155172413794
2012-02-03,20.030172413793103,32.51284482758621,26.271508620689655
2012-02-04,23.747327586206897,28.260517241379308,26.003922413793102
2012-02-05,22.436293103448275,29.719310344827587,26.07780172413793
2012-02-06,21.191120689655172,29.55034482758621,25.37073275862069
2012-02-07,22.83603448275862,28.835775862068967,25.835905172413796
2012-02-08,22.35543103448276,31.023534482758624,26.68948275862069
2012-02-09,21.85379310344828,30.450775862068966,26.152284482758624
2012-02-10,24.459999999999997,33.34715517241379,28.903577586206893
2012-02-11,23.045086206896553,33.16094827586207,28.103017241379312
2012-02-12,23.761637931034482,32.864396551724134,28.313017241379306
2012-02-13,20.474310344827586,32.41922413793104,26.446767241379312
2012-02-14,22.089310344827588,30.987155172413793,26.53823275862069
2012-02-15,22.372844827586206,30.09413793103448,26.233491379310344
2012-02-16,22.486896551724136,30.266379310344828,26.37663793103448
2012-02-17,22.465258620689657,30.049137931034483,26.25719827586207
2012-02-18,20.265,29.29551724137931,24.780258620689658
2012-02-19,21.121206896551723,27.527327586206898,24.32426724137931
2012-02-20,21.063362068965517,29.843793103448277,25.453577586206897
2012-02-21,21.455603448275863,29.436637931034483,25.446120689655174
2012-02-22,21.57094827586207,29.594310344827587,25.582629310344828
2012-02-23,23.239568965517243,31.33043103448276,27.285000000000004
2012-02-24,21.008879310344827,30.367068965517245,25.687974137931036
2012-02-25,22.322758620689655,30.248706896551724,26.28573275862069
2012-02-26,21.598275862068967,31.426120689655175,26.51219827586207
2012-02-27,23.72646551724138,31.78793103448276,27.75719827586207
2012-02-28,22.756982758620687,32.985517241379306,27.871249999999996
2012-02-29,22.921637931034482,31.060172413793104,26.990905172413793
2012-03-01,23.914310344827584,31.758448275862072,27.836379310344828
2012-03-02,23.490344827586206,30.907586206896553,27.19896551724138
2012-03-03,22.650603448275863,32.19991379310345,27.425258620689654
2012-03-04,21.77241379310345,31.589913793103452,26.68116379310345
2012-03-05,22.157413793103448,31.51560344827586,26.836508620689656
2012-03-06,21.792155172413793,29.766379310344828,25.77926724137931
2012-03-07,22.766551724137933,30.973793103448276,26.870172413793107
2012-03-08,23.521724137931034,29.95965517241379,26.74068965517241
2012-03-09,21.957241379310346,31.957758620689656,26.957500000000003
2012-03-10,21.95008620689655,31.501724137931035,26.725905172413793
2012-03-11,22.350172413793103,29.69681034482759,26.023491379310347
2012-03-12,24.129396551724138,32.71103448275862,28.42021551724138
2012-03-13,22.5825,27.973275862068967,25.277887931034485
2012-03-14,22.54129310344828,31.50931034482759,27.025301724137933
2012-03-15,22.453706896551722,30.650948275862067,26.552327586206893
2012-03-16,24.9598275862069,32.016982758620685,28.488405172413792
2012-03-17,21.46896551724138,29.9123275862069,25.69064655172414
2012-03-18,23.605775862068967,29.87456896551724,26.740172413793104
2012-03-19,23.265172413793103,28.957327586206898,26.11125
2012-03-21,20.527155172413792,31.75965517241379,26.143405172413793
2012-03-22,22.19896551724138,32.18405172413793,27.191508620689653
2012-03-23,22.70413793103448,35.22698275862069,28.965560344827587
2012-03-24,23.11905172413793,33.98715517241379,28.553103448275863
2012-03-25,23.42887931034483,33.453879310344824,28.44137931034483
2012-03-26,22.74293103448276,34.188189655172415,28.465560344827587
2012-03-27,19.094913793103448,31.155258620689654,25.12508620689655
2012-03-28,21.846637931034483,32.25491379310345,27.050775862068967
2012-03-29,22.653793103448276,30.92551724137931,26.789655172413795
2012-03-30,23.52646551724138,32.40594827586207,27.966206896551725
2012-03-31,22.591465517241378,33.90637931034483,28.248922413793103
2012-04-01,21.31,33.47198275862069,27.390991379310343
2012-04-02,23.029310344827586,33.45060344827586,28.23995689655172
2012-04-03,22.380258620689656,34.724310344827586,28.552284482758623
2012-04-04,23.181293103448276,33.832672413793105,28.50698275862069
2012-04-05,23.15896551724138,32.169310344827586,27.66413793103448
2012-04-06,23.27689655172414,31.311034482758622,27.293965517241382
2012-04-07,23.961982758620692,27.413706896551727,25.68784482758621
2012-04-08,22.647241379310344,30.100775862068968,26.374008620689658
2012-04-09,23.354655172413793,30.286465517241382,26.820560344827587
2012-04-10,24.433103448275862,30.070775862068963,27.251939655172414
2012-04-11,20.83189655172414,30.002586206896552,25.417241379310347
2012-04-12,23.25051724137931,31.262758620689656,27.256637931034483
2012-04-13,23.074741379310346,31.660603448275864,27.367672413793105
2012-04-14,23.00387931034483,32.3048275862069,27.654353448275863
2012-04-15,23.16862068965517,33.12982758620689,28.149224137931032
2012-04-16,22.769741379310346,31.173706896551725,26.971724137931034
2012-04-17,21.935603448275863,33.77206896551724,27.853836206896553
2012-04-18,20.81551724137931,33.967844827586205,27.391681034482758
2012-04-19,21.45551724137931,31.997672413793104,26.726594827586208
2012-04-20,20.826379310344826,32.843017241379314,26.83469827586207
2012-04-21,22.561465517241377,29.474051724137933,26.017758620689655
2012-04-22,21.644655172413792,30.89387931034483,26.26926724137931
2012-04-23,21.46155172413793,30.991637931034486,26.226594827586208
2012-04-24,22.205344827586206,32.536637931034484,27.370991379310347
2012-04-25,22.679741379310343,32.23715517241379,27.458448275862068
2012-04-26,21.857672413793104,32.63508620689655,27.246379310344828
2012-04-27,18.252844827586205,32.117586206896554,25.18521551724138
2012-04-28,18.595862068965516,32.78637931034483,25.691120689655172
2012-04-29,21.546293103448278,32.54439655172414,27.04534482758621
2012-04-30,20.940258620689654,33.175948275862076,27.058103448275865
2012-05-01,21.73741379310345,32.37439655172413,27.05590517241379
2012-05-02,21.33853448275862,32.54706896551724,26.94280172413793
2012-05-03,23.77491379310345,31.64620689655172,27.710560344827584
2012-05-04,21.891206896551722,32.608275862068965,27.249741379310343
2012-05-05,21.864741379310345,28.93353448275862,25.39913793103448
2012-05-06,22.250603448275864,28.629396551724138,25.44
2012-05-07,22.27577586206897,28.83344827586207,25.55461206896552
2012-05-08,21.263534482758622,28.06896551724138,24.66625
2012-05-09,19.231637931034484,28.87896551724138,24.055301724137934
2012-05-10,18.95801724137931,30.83741379310345,24.89771551724138
2012-05-11,17.49991379310345,29.675603448275858,23.587758620689655
2012-05-12,17.908793103448275,29.01206896551724,23.46043103448276
2012-05-13,19.774224137931032,30.144827586206898,24.959525862068965
2012-05-14,19.371724137931036,28.842672413793103,24.107198275862068
2012-05-15,19.120258620689654,28.315603448275862,23.71793103448276
2012-05-16,19.526206896551724,28.865000000000002,24.19560344827586
2012-05-17,20.965258620689657,27.62112068965517,24.293189655172412
2012-05-18,19.655862068965515,27.427413793103447,23.54163793103448
2012-05-19,16.320344827586204,27.47491379310345,21.897629310344826
2012-05-20,20.29586206896552,28.24991379310345,24.272887931034482
2012-05-21,17.89146551724138,27.49948275862069,22.695474137931036
2012-05-22,20.599137931034484,28.051724137931036,24.32543103448276
2012-05-23,20.164137931034485,29.046637931034482,24.605387931034485
2012-05-24,23.111120689655174,31.8375,27.474310344827586
2012-05-25,21.14706896551724,31.195603448275865,26.17133620689655
2012-05-26,21.568017241379312,29.176293103448277,25.372155172413795
2012-05-27,22.54646551724138,25.694655172413793,24.120560344827588
2012-05-28,22.73905172413793,29.148362068965515,25.943706896551724
2012-05-29,20.768793103448274,29.504913793103444,25.136853448275858
2012-05-30,22.164310344827584,28.929051724137928,25.546681034482756
2012-05-31,18.30956896551724,28.70965517241379,23.509612068965517
2012-06-01,19.41741379310345,28.914396551724135,24.165905172413794
2012-06-02,20.471206896551724,28.857931034482757,24.66456896551724
2012-06-03,20.195689655172412,29.042068965517245,24.61887931034483
2012-06-04,20.220258620689656,29.53094827586207,24.87560344827586
2012-06-05,20.245,30.357155172413794,25.301077586206898
2012-06-06,20.201034482758622,28.429655172413796,24.31534482758621
2012-06-07,20.295,27.01051724137931,23.652758620689657
2012-06-08,20.227068965517244,28.481896551724137,24.35448275862069
2012-06-09,20.66629310344828,26.16,23.41314655172414
2012-06-10,19.59655172413793,28.67396551724138,24.135258620689655
2012-06-11,21.358793103448278,29.301551724137934,25.330172413793107
2012-06-12,18.088706896551724,29.54344827586207,23.816077586206895
2012-06-13,21.095603448275863,26.987758620689654,24.041681034482757
2012-06-14,21.46551724137931,29.277155172413792,25.37133620689655
2012-06-15,20.00706896551724,33.58405172413793,26.795560344827585
2012-06-16,16.90293103448276,26.725,21.813965517241378
2012-06-17,17.280431034482756,30.349310344827582,23.81487068965517
2012-06-18,25.645603448275864,29.336379310344824,27.490991379310344
2012-06-20,21.668189655172412,29.052500000000002,25.360344827586207
2012-06-21,21.264482758620687,28.938620689655174,25.10155172413793
2012-06-22,21.091551724137933,29.223965517241382,25.157758620689656
2012-06-23,20.155862068965515,29.40353448275862,24.779698275862067
2012-06-24,20.11887931034483,29.116293103448278,24.617586206896554
2012-06-25,22.12146551724138,28.158879310344826,25.140172413793103
2012-06-26,19.313103448275864,28.532672413793104,23.922887931034484
2012-06-27,19.80448275862069,28.99939655172414,24.401939655172413
2012-06-28,17.354741379310344,27.619051724137933,22.486896551724136
2012-06-29,18.330603448275863,29.184741379310346,23.757672413793102
2012-06-30,20.611637931034483,27.72793103448276,24.169784482758622
2012-07-01,19.45310344827586,27.158103448275863,23.30560344827586
2012-07-02,19.295689655172414,27.373362068965516,23.334525862068965
2012-07-03,19.986724137931034,26.194913793103446,23.09081896551724
2012-07-04,19.37043103448276,25.422844827586207,22.396637931034483
2012-07-05,16.907413793103448,25.88689655172414,21.397155172413793
2012-07-06,20.03603448275862,27.98051724137931,24.008275862068963
2012-07-07,18.05844827586207,27.75689655172414,22.907672413793104
2012-07-08,17.939137931034484,28.816637931034485,23.377887931034486
2012-07-09,19.063879310344827,27.985775862068966,23.524827586206897
2012-07-10,17.045603448275862,27.33956896551724,22.19258620689655
2012-07-11,17.635862068965515,26.62637931034483,22.131120689655173
2012-07-12,17.745,25.238706896551726,21.49185344827586
2012-07-13,18.122241379310346,29.10043103448276,23.611336206896553
2012-07-14,22.244741379310344,28.75887931034483,25.50181034482759
2012-07-15,18.657068965517244,29.852327586206894,24.25469827586207
2012-07-16,19.234224137931037,27.383965517241382,23.309094827586208
2012-07-17,19.234224137931037,26.760344827586206,22.997284482758623
2012-07-18,19.980344827586208,26.977327586206897,23.478836206896553
2012-07-19,18.383275862068963,28.09508620689655,23.239181034482755
2012-07-20,17.986896551724136,30.43655172413793,24.211724137931036
2012-07-21,20.37551724137931,27.350517241379308,23.86301724137931
2012-07-22,17.87112068965517,28.957241379310346,23.41418103448276
2012-07-23,18.559655172413795,27.815,23.187327586206898
2012-07-24,18.69543103448276,27.27534482758621,22.985387931034484
2012-07-25,19.325775862068966,28.002844827586205,23.664310344827584
2012-07-26,19.04086206896552,27.808793103448277,23.4248275862069
2012-07-27,19.200172413793105,28.68508620689655,23.942629310344827
2012-07-28,18.80637931034483,28.360948275862068,23.583663793103447
2012-07-29,17.540344827586207,27.69051724137931,22.61543103448276
2012-07-30,18.060517241379312,29.28810344827586,23.674310344827585
2012-07-31,18.010172413793104,27.28,22.64508620689655
2012-08-01,18.917327586206895,26.306206896551725,22.61176724137931
2012-08-02,18.733793103448278,24.83939655172414,21.786594827586207
2012-08-03,15.508706896551724,26.41043103448276,20.959568965517242
2012-08-04,18.313362068965517,25.64043103448276,21.97689655172414
2012-08-05,16.62456896551724,27.282241379310346,21.953405172413795
2012-08-06,18.421120689655172,28.03551724137931,23.22831896551724
2012-08-07,16.925689655172413,26.97448275862069,21.95008620689655
2012-08-08,18.649310344827587,27.564137931034484,23.106724137931035
2012-08-09,16.878103448275862,27.27603448275862,22.077068965517242
2012-08-10,19.40344827586207,28.041465517241377,23.722456896551723
2012-08-11,18.666551724137932,27.956206896551723,23.311379310344826
2012-08-12,18.752068965517243,26.98810344827586,22.870086206896552
2012-08-13,20.164224137931033,29.059396551724138,24.611810344827585
2012-08-14,18.443793103448275,26.22353448275862,22.333663793103447
2012-08-15,20.741206896551724,26.4325,23.58685344827586
2012-08-16,21.88344827586207,24.963879310344826,23.423663793103447
2012-08-17,17.510086206896553,25.94887931034483,21.72948275862069
2012-08-18,16.229741379310344,27.72051724137931,21.975129310344826
2012-08-19,17.5575,28.636810344827584,23.097155172413792
2012-08-20,15.066724137931036,23.361293103448276,19.214008620689654
2012-08-21,20.110948275862068,25.611724137931034,22.861336206896553
2012-08-22,18.630086206896554,25.116293103448278,21.873189655172418
2012-08-23,22.88293103448276,27.522241379310344,25.20258620689655
2012-08-24,21.403879310344827,26.543793103448277,23.97383620689655
2012-08-25,18.02413793103448,29.18706896551724,23.60560344827586
2012-08-26,18.619827586206895,28.521293103448272,23.570560344827584
2012-08-27,17.463103448275863,27.59051724137931,22.526810344827588
2012-08-28,18.24887931034483,28.16241379310345,23.20564655172414
2012-08-29,19.11060344827586,28.032672413793104,23.57163793103448
2012-08-30,17.365086206896553,27.213879310344826,22.28948275862069
2012-08-31,18.7325,28.932931034482756,23.83271551724138
2012-09-01,16.17612068965517,27.28137931034483,21.728749999999998
2012-09-02,17.43068965517241,28.041810344827585,22.73625
2012-09-03,17.75913793103448,28.9025,23.33081896551724
2012-09-04,17.59043103448276,29.405258620689654,23.497844827586206
2012-09-05,19.16043103448276,27.847241379310343,23.50383620689655
2012-09-06,19.17043103448276,29.001724137931035,24.086077586206898
2012-09-07,19.02508620689655,27.25793103448276,23.141508620689656
2012-09-08,20.249827586206894,27.975775862068968,24.11280172413793
2012-09-09,19.81155172413793,34.39431034482759,27.102931034482758
2012-09-10,20.349310344827586,29.269999999999996,24.80965517241379
2012-09-11,18.828620689655175,29.904827586206896,24.366724137931037
2012-09-12,19.04543103448276,29.048534482758622,24.046982758620693
2012-09-13,18.20301724137931,27.76706896551724,22.985043103448277
2012-09-14,18.331810344827588,28.879396551724138,23.605603448275865
2012-09-15,19.022758620689658,26.75948275862069,22.891120689655175
2012-09-16,20.13456896551724,30.315775862068968,25.225172413793103
2012-09-17,20.991465517241377,30.835517241379307,25.913491379310344
2012-09-19,19.759310344827586,29.37206896551724,24.565689655172413
2012-09-20,18.525689655172414,30.29655172413793,24.41112068965517
2012-09-21,19.395344827586207,30.220689655172414,24.80801724137931
2012-09-22,18.944655172413793,33.304913793103445,26.12478448275862
2012-09-23,19.80543103448276,33.38336206896552,26.594396551724138
2012-09-24,19.577413793103446,30.23060344827586,24.904008620689652
2012-09-25,18.22991379310345,29.28741379310345,23.75866379310345
2012-09-26,18.72146551724138,29.48551724137931,24.103491379310345
2012-09-27,17.66853448275862,26.837327586206897,22.252931034482756
2012-09-28,16.3026724137931,27.929137931034482,22.11590517241379
2012-09-29,21.89103448275862,25.883103448275865,23.887068965517244
2012-09-30,18.42353448275862,23.606724137931035,21.015129310344825
2012-10-01,20.867844827586207,25.006637931034483,22.937241379310343
2012-10-02,19.86793103448276,26.38112068965517,23.124525862068964
2012-10-03,17.691896551724138,29.348362068965518,23.520129310344828
2012-10-04,21.627068965517243,30.30327586206897,25.965172413793105
2012-10-05,18.012327586206897,30.47586206896552,24.24409482758621
2012-10-06,17.086206896551722,29.367672413793102,23.226939655172412
2012-10-07,17.06931034482759,27.10258620689655,22.08594827586207
2012-10-08,17.873793103448275,28.493017241379313,23.183405172413792
2012-10-09,17.682155172413793,27.66810344827586,22.67512931034483
2012-10-10,18.26543103448276,30.27172413793103,24.268577586206895
2012-10-11,22.03396551724138,26.477241379310342,24.255603448275863
2012-10-12,21.140172413793103,32.33887931034483,26.739525862068966
2012-10-13,19.947241379310345,32.32405172413793,26.135646551724136
2012-10-14,19.938793103448276,29.09103448275862,24.514913793103446
2012-10-15,21.924310344827585,28.202068965517242,25.063189655172415
2012-10-16,18.829913793103447,25.855172413793102,22.342543103448275
2012-10-17,18.376724137931035,27.926896551724138,23.151810344827588
2012-10-18,18.95008620689655,32.71732758620689,25.83370689655172
2012-10-19,20.40353448275862,31.484224137931033,25.943879310344826
2012-10-20,18.932068965517242,29.719741379310346,24.325905172413794
2012-10-21,22.313103448275864,30.699396551724142,26.50625
2012-10-22,20.24043103448276,28.45620689655172,24.34831896551724
2012-10-23,22.29741379310345,33.555086206896554,27.926250000000003
2012-10-24,20.817413793103448,32.48413793103448,26.650775862068965
2012-10-25,21.140258620689657,34.411465517241375,27.775862068965516
2012-10-26,21.967758620689654,31.239396551724134,26.603577586206896
2012-10-27,20.329396551724138,31.49310344827586,25.91125
2012-10-28,21.212241379310345,29.965862068965517,25.58905172413793
2012-10-29,18.47543103448276,32.51577586206897,25.495603448275865
2012-10-30,20.359224137931037,32.747844827586206,26.55353448275862
2012-10-31,21.678103448275863,36.215775862068966,28.946939655172415
2012-11-01,19.208362068965517,32.489741379310345,25.84905172413793
2012-11-02,22.19965517241379,36.899224137931036,29.549439655172414
2012-11-03,21.08948275862069,35.229396551724136,28.159439655172413
2012-11-04,21.705775862068965,30.46801724137931,26.086896551724138
2012-11-05,21.542672413793102,32.76974137931035,27.156206896551723
2012-11-06,22.624137931034483,38.750517241379306,30.687327586206894
2012-11-07,21.11060344827586,30.66543103448276,25.88801724137931
2012-11-08,22.92594827586207,32.43931034482758,27.682629310344826
2012-11-09,22.174310344827585,28.143362068965516,25.158836206896552
2012-11-10,21.77577586206897,26.89448275862069,24.33512931034483
2012-11-11,21.091724137931035,27.229741379310344,24.16073275862069
2012-11-12,20.025172413793104,25.766206896551722,22.89568965517241
2012-11-13,19.81663793103448,28.94724137931035,24.381939655172417
2012-11-14,20.617672413793102,30.414741379310342,25.516206896551722
2012-11-15,22.674224137931038,30.19387931034483,26.434051724137934
2012-11-16,21.56844827586207,32.52758620689655,27.048017241379313
2012-11-17,20.38344827586207,32.37655172413793,26.380000000000003
2012-11-18,21.724741379310345,33.09112068965517,27.407931034482758
2012-11-19,19.940086206896552,29.69043103448276,24.815258620689654
2012-11-20,21.475172413793103,27.115086206896553,24.295129310344826
2012-11-21,21.532931034482758,31.857327586206896,26.695129310344825
2012-11-22,21.518189655172417,32.6873275862069,27.102758620689656
2012-11-23,22.109655172413795,32.3403448275862,27.224999999999998
2012-11-24,21.456120689655172,29.407155172413795,25.431637931034484
2012-11-25,21.53836206896552,32.20362068965517,26.870991379310343
2012-11-26,22.587758620689655,29.08189655172414,25.8348275862069
2012-11-27,22.26215517241379,28.49801724137931,25.38008620689655
2012-11-28,21.51646551724138,32.41034482758621,26.963405172413793
2012-11-29,22.696810344827586,32.5,27.59840517241379
2012-11-30,21.46741379310345,29.772241379310348,25.6198275862069
2012-12-01,22.86741379310345,28.557155172413797,25.712284482758623
2012-12-02,21.41,26.23801724137931,23.824008620689654
2012-12-03,22.347844827586208,27.87594827586207,25.111896551724136
2012-12-04,23.508965517241382,30.139310344827585,26.824137931034485
2012-12-05,21.58801724137931,30.832327586206898,26.210172413793103
2012-12-06,20.53491379310345,30.816206896551726,25.675560344827588
2012-12-07,20.72241379310345,30.454913793103447,25.58866379310345
2012-12-08,22.379655172413795,29.161206896551725,25.770431034482762
2012-12-09,23.95801724137931,34.77991379310345,29.368965517241378
2012-12-10,22.93448275862069,28.714482758620694,25.82448275862069
2012-12-11,21.752327586206896,30.732758620689655,26.242543103448277
2012-12-12,20.273879310344828,27.95146551724138,24.112672413793106
2012-12-13,22.35810344827586,28.969827586206897,25.66396551724138
2012-12-14,22.09508620689655,29.91810344827586,26.006594827586206
2012-12-15,22.51594827586207,27.00862068965517,24.76228448275862
2012-12-16,21.116120689655173,31.128706896551726,26.122413793103448
2012-12-17,23.90655172413793,33.3426724137931,28.62461206896552
2012-12-19,23.643793103448274,36.92474137931035,30.28426724137931
2012-12-20,26.07344827586207,31.729224137931034,28.901336206896552
2012-12-21,23.530086206896552,32.716465517241375,28.123275862068965
2012-12-22,22.283620689655173,30.78103448275862,26.532327586206897
2012-12-23,24.169396551724137,30.17146551724138,27.17043103448276
2012-12-24,22.516206896551722,29.05612068965517,25.786163793103448
2012-12-25,23.298448275862068,30.529310344827586,26.913879310344825
2012-12-26,23.92146551724138,33.46698275862069,28.694224137931034
2012-12-27,22.13715517241379,31.60560344827586,26.871379310344828
2012-12-28,22.964827586206898,31.266379310344828,27.115603448275863
2012-12-29,24.53439655172414,31.05034482758621,27.792370689655172
2012-12-30,23.32689655172414,30.30301724137931,26.814956896551728
2013-01-01,23.005862068965516,31.176810344827587,27.09133620689655
2013-01-02,21.512931034482758,33.64387931034483,27.578405172413795
2013-01-03,21.350775862068968,33.62137931034483,27.486077586206896
2013-01-04,23.266724137931035,33.8826724137931,28.57469827586207
2013-01-05,23.852327586206897,30.41508620689655,27.133706896551722
2013-01-06,22.594396551724138,29.532931034482758,26.063663793103448
2013-01-07,23.24353448275862,28.39913793103448,25.82133620689655
2013-01-08,24.179137931034482,27.784310344827585,25.98172413793103
2013-01-09,22.521293103448276,31.82215517241379,27.171724137931033
2013-01-10,22.95353448275862,29.691637931034485,26.322586206896553
2013-01-11,21.603620689655173,33.61939655172414,27.611508620689655
2013-01-12,22.312327586206894,30.202241379310344,26.25728448275862
2013-01-13,22.226637931034485,34.20025862068966,28.21344827586207
2013-01-14,21.791810344827585,28.70060344827586,25.246206896551723
2013-01-15,22.51948275862069,28.698362068965515,25.608922413793103
2013-01-16,23.061034482758622,26.79086206896552,24.92594827586207
2013-01-17,22.107241379310345,29.257499999999997,25.682370689655173
2013-01-18,24.748620689655173,31.62181034482759,28.18521551724138
2013-01-19,20.78965517241379,28.34112068965517,24.56538793103448
2013-01-20,23.40146551724138,31.970862068965516,27.686163793103447
2013-01-21,23.419396551724137,32.135258620689655,27.777327586206894
2013-01-22,22.698362068965515,31.968793103448277,27.333577586206896
2013-01-23,21.25456896551724,28.175,24.71478448275862
2013-01-24,22.93293103448276,27.977241379310342,25.455086206896553
2013-01-25,21.15077586206897,28.944224137931037,25.047500000000003
2013-01-26,23.210775862068967,29.59991379310345,26.40534482758621
2013-01-27,22.650689655172414,29.02198275862069,25.836336206896554
2013-01-28,21.635862068965515,31.608706896551723,26.62228448275862
2013-01-29,22.621293103448277,30.81310344827586,26.717198275862067
2013-01-30,23.02241379310345,29.53793103448276,26.280172413793103
2013-01-31,22.82112068965517,28.8873275862069,25.854224137931034
2013-02-01,21.64043103448276,28.82137931034483,25.230905172413795
2013-02-02,23.31646551724138,28.953706896551726,26.135086206896553
2013-02-03,22.319224137931034,28.305775862068963,25.3125
2013-02-04,22.718362068965515,30.3026724137931,26.510517241379308
2013-02-05,21.47155172413793,31.051120689655175,26.26133620689655
2013-02-06,22.592931034482756,30.76198275862069,26.677456896551725
2013-02-07,22.29991379310345,29.03715517241379,25.66853448275862
2013-02-08,23.91629310344828,30.226637931034485,27.071465517241382
2013-02-09,22.1825,30.486724137931034,26.33461206896552
2013-02-10,23.14620689655172,29.7876724137931,26.46693965517241
2013-02-11,23.416379310344826,29.514655172413793,26.46551724137931
2013-02-12,23.107413793103447,29.64991379310345,26.37866379310345
2013-02-13,21.84284482758621,30.326379310344826,26.08461206896552
2013-02-14,22.362327586206895,31.016896551724138,26.689612068965516
2013-02-15,23.131293103448275,29.144655172413795,26.137974137931035
2013-02-16,22.21741379310345,33.342844827586205,27.780129310344826
2013-02-17,24.074310344827587,32.92456896551724,28.499439655172413
2013-02-18,25.12896551724138,31.711551724137934,28.42025862068966
2013-02-19,23.06939655172414,32.83887931034483,27.954137931034484
2013-02-20,24.42801724137931,31.905344827586205,28.166681034482757
2013-02-21,24.499137931034483,33.70103448275862,29.100086206896552
2013-02-22,20.083534482758623,33.13939655172414,26.61146551724138
2013-02-23,23.515689655172416,33.78215517241379,28.648922413793102
2013-02-24,23.627586206896552,32.97396551724138,28.300775862068967
2013-02-25,21.999396551724136,32.467844827586205,27.23362068965517
2013-02-26,22.85293103448276,33.91879310344828,28.385862068965523
2013-02-27,22.17551724137931,35.59474137931035,28.88512931034483
2013-02-28,21.260086206896553,33.424396551724136,27.342241379310344
2013-03-01,24.530431034482756,34.133793103448276,29.332112068965515
2013-03-02,22.81094827586207,30.33534482758621,26.57314655172414
2013-03-03,23.998793103448275,32.418362068965514,28.208577586206893
2013-03-04,23.459051724137932,32.54758620689655,28.003318965517238
2013-03-05,23.47646551724138,32.08275862068965,27.779612068965516
2013-03-06,20.569655172413793,33.457499999999996,27.013577586206893
2013-03-07,22.077672413793103,29.833275862068966,25.955474137931034
2013-03-08,21.62206896551724,30.37887931034483,26.000474137931036
2013-03-09,23.030172413793103,29.67439655172414,26.35228448275862
2013-03-10,23.020603448275864,31.523448275862066,27.272025862068965
2013-03-11,23.32956896551724,33.594224137931036,28.461896551724138
2013-03-12,22.802586206896553,33.97620689655172,28.38939655172414
2013-03-13,22.115000000000002,34.33801724137931,28.226508620689657
2013-03-14,22.225517241379308,34.17413793103448,28.199827586206894
2013-03-15,23.58896551724138,33.401896551724136,28.495431034482756
2013-03-16,23.917672413793102,32.99474137931035,28.456206896551727
2013-03-17,24.402327586206898,31.233103448275862,27.817715517241382
2013-03-18,24.209999999999997,33.161206896551725,28.685603448275863
2013-03-20,21.10103448275862,30.735344827586207,25.918189655172412
2013-03-21,23.20896551724138,30.075948275862068,26.642456896551725
2013-03-22,23.59,30.682499999999997,27.136249999999997
2013-03-23,22.136637931034482,30.52284482758621,26.329741379310345
2013-03-24,23.03698275862069,30.482672413793104,26.759827586206896
2013-03-25,21.067672413793105,30.760517241379308,25.914094827586204
2013-03-26,22.13198275862069,30.488534482758617,26.310258620689652
2013-03-27,22.650431034482757,30.981206896551722,26.815818965517238
2013-03-28,22.734827586206897,30.376379310344827,26.55560344827586
2013-03-29,22.768189655172414,30.400862068965516,26.584525862068965
2013-03-30,22.980775862068967,28.766293103448277,25.873534482758622
2013-03-31,20.998965517241377,30.88905172413793,25.94400862068965
2013-04-01,20.99543103448276,30.753793103448277,25.87461206896552
2013-04-02,24.826379310344826,31.13991379310345,27.98314655172414
2013-04-03,22.65241379310345,33.075775862068966,27.864094827586207
2013-04-04,22.86258620689655,31.97422413793103,27.41840517241379
2013-04-05,23.595603448275863,29.691293103448277,26.64344827586207
2013-04-06,23.60836206896552,31.93362068965517,27.770991379310345
2013-04-07,22.97698275862069,33.50491379310345,28.240948275862067
2013-04-08,22.04189655172414,33.98681034482758,28.014353448275862
2013-04-09,23.090344827586208,31.414827586206894,27.252586206896552
2013-04-10,22.186034482758622,29.84344827586207,26.014741379310344
2013-04-11,24.519827586206898,29.160603448275864,26.840215517241383
2013-04-12,22.897758620689658,27.899741379310345,25.39875
2013-04-13,22.81603448275862,28.698793103448274,25.757413793103446
2013-04-14,22.654655172413793,29.018189655172414,25.836422413793102
2013-04-15,22.1925,32.746034482758624,27.469267241379313
2013-04-16,22.507155172413793,32.713189655172414,27.6101724137931
2013-04-17,22.02991379310345,34.6073275862069,28.318620689655177
2013-04-18,21.767413793103447,32.48077586206896,27.124094827586205
2013-04-19,21.439137931034484,29.77577586206897,25.607456896551724
2013-04-20,21.6225,28.882844827586204,25.2526724137931
2013-04-21,19.850948275862066,28.003706896551723,23.927327586206893
2013-04-22,20.218189655172413,27.458879310344827,23.838534482758618
2013-04-23,21.727327586206897,26.852500000000003,24.28991379310345
2013-04-24,21.49646551724138,26.280775862068968,23.888620689655173
2013-04-25,21.249396551724136,27.119051724137933,24.184224137931032
2013-04-26,22.868793103448276,26.285344827586208,24.577068965517242
2013-04-27,23.351206896551727,26.799396551724136,25.07530172413793
2013-04-28,20.08413793103448,28.6525,24.36831896551724
2013-04-29,24.20758620689655,27.971810344827585,26.08969827586207
2013-04-30,22.20594827586207,29.067155172413795,25.63655172413793
2013-05-01,21.855775862068967,30.565172413793103,26.210474137931037
2013-05-02,22.77043103448276,23.748275862068965,23.25935344827586
2013-05-03,22.61301724137931,25.4,24.006508620689655
2013-05-04,20.90051724137931,22.279051724137933,21.58978448275862
2013-05-05,20.22793103448276,23.508965517241382,21.86844827586207
2013-05-06,20.144655172413792,29.695431034482755,24.920043103448272
2013-05-07,22.35948275862069,27.273620689655175,24.81655172413793
2013-05-08,23.740258620689655,23.610258620689656,23.675258620689654
2013-05-09,21.872844827586206,25.589137931034482,23.730991379310346
2013-05-10,20.540689655172415,23.92215517241379,22.231422413793105
2013-05-11,21.496810344827587,30.300775862068967,25.898793103448277
2013-05-12,21.50051724137931,26.937241379310347,24.21887931034483
2013-05-13,20.935603448275863,25.579137931034484,23.257370689655176
2013-05-14,23.51215517241379,26.66896551724138,25.090560344827587
2013-05-15,22.899224137931032,27.20991379310345,25.05456896551724
2013-05-16,23.994396551724137,30.8,27.397198275862067
2013-05-17,22.930775862068966,30.87862068965517,26.904698275862067
2013-05-18,21.89991379310345,23.518103448275863,22.70900862068966
2013-05-19,23.58758620689655,21.803275862068965,22.69543103448276
2013-05-20,22.97879310344828,23.873534482758622,23.42616379310345
2013-05-21,21.84741379310345,30.126379310344827,25.986896551724136
2013-05-22,23.43698275862069,26.341551724137933,24.88926724137931
2013-05-23,21.006982758620687,25.257672413793106,23.132327586206898
2013-05-24,24.62043103448276,24.055689655172415,24.33806034482759
2013-05-25,25.60508620689655,22.536293103448276,24.070689655172416
2013-05-26,22.26241379310345,25.02577586206897,23.64409482758621
2013-05-27,22.385603448275862,22.757327586206898,22.57146551724138
2013-05-28,21.786379310344827,17.603879310344826,19.695129310344825
2013-05-29,22.93655172413793,21.97362068965517,22.455086206896553
2013-05-30,24.28543103448276,50.181724137931035,37.2335775862069
2013-05-31,23.783879310344826,21.661810344827586,22.722844827586208
2013-06-01,22.07189655172414,26.966896551724137,24.51939655172414
2013-06-02,20.16,26.88051724137931,23.520258620689653
2013-06-03,19.62051724137931,29.01948275862069,24.32
2013-06-04,21.112241379310344,30.085603448275865,25.598922413793105
2013-06-05,19.791810344827585,34.4873275862069,27.139568965517242
2013-06-06,20.28758620689655,30.61198275862069,25.44978448275862
2013-06-07,20.991810344827588,28.983103448275862,24.987456896551727
2013-06-08,21.201551724137932,27.769137931034482,24.485344827586207
2013-06-09,21.90646551724138,19.08025862068966,20.493362068965517
2013-06-10,22.451379310344826,26.288103448275862,24.369741379310344
2013-06-11,20.779827586206896,28.80310344827586,24.791465517241377
2013-06-12,19.6726724137931,28.601637931034485,24.13715517241379
2013-06-13,18.695862068965518,28.995086206896556,23.845474137931035
2013-06-14,20.080344827586206,28.495258620689654,24.28780172413793
2013-06-15,19.872931034482757,24.38094827586207,22.126939655172414
2013-06-16,21.324827586206897,29.657327586206897,25.4910775862069
2013-06-17,22.87198275862069,25.7901724137931,24.331077586206895
2013-06-19,18.935172413793104,30.302500000000002,24.618836206896553
2013-06-20,19.795775862068965,29.81836206896552,24.807068965517242
2013-06-21,18.79060344827586,30.80034482758621,24.795474137931034
2013-06-22,22.6151724137931,31.742931034482762,27.17905172413793
2013-06-23,23.858103448275862,30.372327586206897,27.11521551724138
2013-06-24,22.2675,27.996293103448277,25.13189655172414
2013-06-25,24.16043103448276,31.229741379310344,27.69508620689655
2013-06-26,20.469396551724138,30.19103448275862,25.330215517241378
2013-06-27,21.100258620689655,28.674655172413793,24.887456896551726
2013-06-28,18.317758620689656,30.535172413793106,24.426465517241382
2013-06-29,23.208448275862068,28.174224137931034,25.69133620689655
2013-06-30,23.690086206896552,27.178793103448278,25.434439655172415
2013-07-01,21.128275862068964,28.777758620689653,24.953017241379307
2013-07-02,20.78741379310345,27.897758620689654,24.342586206896552
2013-07-03,17.52655172413793,18.718017241379307,18.12228448275862
2013-07-04,20.47465517241379,21.33094827586207,20.90280172413793
2013-07-05,20.3848275862069,25.709224137931034,23.047025862068967
2013-07-06,21.118275862068966,26.594827586206897,23.85655172413793
2013-07-07,20.06586206896552,21.926293103448277,20.996077586206898
2013-07-08,17.771551724137932,28.086551724137934,22.929051724137935
2013-07-09,20.363879310344828,27.940689655172413,24.15228448275862
2013-07-10,20.982672413793104,25.33370689655172,23.158189655172414
2013-07-11,18.758362068965518,25.18181034482759,21.970086206896553
2013-07-12,20.89353448275862,33.92905172413793,27.411293103448273
2013-07-13,20.899224137931032,20.150603448275863,20.524913793103448
2013-07-14,22.299655172413793,33.48413793103448,27.891896551724138
2013-07-15,18.270948275862068,26.81405172413793,22.542499999999997
2013-07-16,20.790948275862068,30.245517241379314,25.51823275862069
2013-07-17,22.122241379310346,26.41215517241379,24.267198275862068
2013-07-18,21.32948275862069,27.725603448275862,24.527543103448274
2013-07-19,21.258879310344827,27.246896551724138,24.252887931034483
2013-07-20,18.52534482758621,32.69370689655173,25.60952586206897
2013-07-21,20.898620689655175,34.635862068965515,27.767241379310345
2013-07-22,19.179827586206894,37.5875,28.383663793103445
2013-07-23,19.821810344827586,36.24,28.030905172413796
2013-07-24,20.702758620689657,26.19405172413793,23.448405172413793
2013-07-25,21.512931034482758,15.402672413793105,18.45780172413793
2013-07-26,18.683879310344828,19.162155172413794,18.923017241379313
2013-07-27,18.696379310344827,20.620172413793103,19.658275862068965
2013-07-28,17.30836206896552,25.766724137931035,21.53754310344828
2013-07-29,21.600258620689655,23.8125,22.70637931034483
2013-07-30,20.141551724137933,28.885517241379308,24.513534482758622
2013-07-31,17.263706896551724,27.858534482758618,22.56112068965517
2013-08-01,19.53491379310345,27.58025862068966,23.557586206896552
2013-08-02,21.022241379310344,28.009741379310345,24.515991379310343
2013-08-03,19.44689655172414,22.310775862068965,20.87883620689655
2013-08-04,20.137241379310346,30.847672413793106,25.492456896551726
2013-08-05,20.54655172413793,27.573103448275862,24.059827586206897
2013-08-06,20.04543103448276,29.806465517241378,24.92594827586207
2013-08-07,20.404137931034484,26.963706896551724,23.683922413793105
2013-08-08,20.997241379310346,28.30887931034483,24.653060344827587
2013-08-09,20.434310344827587,23.371810344827587,21.903060344827587
2013-08-10,20.471810344827585,31.553534482758618,26.0126724137931
2013-08-11,19.786379310344827,29.359137931034482,24.572758620689655
2013-08-12,20.095,33.40405172413793,26.749525862068964
2013-08-13,20.614913793103447,31.737068965517242,26.175991379310346
2013-08-14,21.087327586206897,31.833620689655174,26.460474137931037
2013-08-15,21.72008620689655,34.51629310344828,28.118189655172415
2013-08-16,21.203362068965518,31.613620689655175,26.408491379310348
2013-08-17,22.08715517241379,29.041810344827585,25.564482758620688
2013-08-18,22.041896551724136,24.29362068965517,23.167758620689654
2013-08-19,20.866206896551724,23.295086206896553,22.080646551724136
2013-08-20,19.641293103448277,21.225517241379308,20.433405172413792
2013-08-21,19.730344827586208,32.46870689655172,26.099525862068965
2013-08-22,20.41758620689655,24.89620689655172,22.656896551724138
2013-08-23,20.316293103448277,26.740086206896553,23.528189655172415
2013-08-24,19.676896551724138,32.622068965517244,26.149482758620692
2013-08-25,22.33448275862069,35.93508620689655,29.13478448275862
2013-08-26,20.288793103448278,32.50448275862069,26.396637931034483
2013-08-27,20.111637931034483,37.19939655172414,28.655517241379314
2013-08-28,21.499741379310347,32.73120689655172,27.11547413793103
2013-08-29,23.70258620689655,33.080258620689655,28.3914224137931
2013-08-30,19.51439655172414,30.594396551724138,25.05439655172414
2013-08-31,19.21094827586207,21.89844827586207,20.55469827586207
2013-09-01,22.875689655172412,35.39974137931034,29.137715517241375
2013-09-02,21.886810344827587,30.64370689655172,26.265258620689654
2013-09-03,21.74431034482759,24.97008620689655,23.357198275862068
2013-09-04,20.720689655172414,31.14155172413793,25.931120689655174
2013-09-05,24.69387931034483,30.585948275862066,27.639913793103446
2013-09-06,21.145775862068966,28.776637931034482,24.961206896551722
2013-09-07,21.326724137931034,18.721724137931034,20.024224137931036
2013-09-08,19.4625,22.618275862068966,21.04038793103448
2013-09-09,19.347327586206898,15.953189655172414,17.650258620689655
2013-09-10,20.34948275862069,32.10672413793104,26.228103448275867
2013-09-11,18.895689655172415,22.3526724137931,20.62418103448276
2013-09-12,17.34853448275862,36.467586206896556,26.90806034482759
2013-09-13,18.592586206896552,33.933706896551726,26.26314655172414
2013-09-14,21.649482758620692,52.35620689655172,37.0028448275862
2013-09-15,23.083448275862068,27.129913793103448,25.106681034482758
2013-09-16,22.633965517241382,31.62112068965517,27.127543103448275
2013-09-18,27.817155172413795,28.16146551724138,27.989310344827587
2013-09-19,21.879655172413795,30.727327586206894,26.303491379310344
2013-09-20,23.119396551724137,34.16827586206896,28.643836206896548
2013-09-21,19.19362068965517,51.160603448275864,35.17711206896551
2013-09-22,18.88181034482759,25.40956896551724,22.145689655172415
2013-09-23,22.05094827586207,34.09646551724138,28.073706896551723
2013-09-24,21.914827586206897,32.43431034482758,27.17456896551724
2013-09-25,21.756034482758622,30.232672413793104,25.994353448275863
2013-09-26,23.10491379310345,28.241637931034482,25.673275862068966
2013-09-27,22.315775862068964,31.261293103448274,26.78853448275862
2013-09-28,23.453620689655175,25.961896551724138,24.707758620689656
2013-09-29,22.033534482758622,25.239396551724138,23.63646551724138
2013-09-30,21.477327586206897,26.63637931034483,24.056853448275863
2013-10-01,22.717068965517242,27.733189655172414,25.225129310344826
2013-10-02,22.625,28.99060344827586,25.80780172413793
2013-10-03,24.06698275862069,26.210086206896552,25.138534482758622
2013-10-04,23.23405172413793,28.450431034482758,25.842241379310344
2013-10-05,20.85215517241379,23.524224137931032,22.188189655172412
2013-10-06,22.9776724137931,25.44551724137931,24.211594827586204
2013-10-07,24.733793103448278,23.71965517241379,24.226724137931036
2013-10-08,22.757155172413793,21.489568965517243,22.12336206896552
2013-10-09,21.850689655172413,17.080862068965516,19.465775862068966
2013-10-10,18.994137931034484,17.097155172413792,18.04564655172414
2013-10-11,22.03034482758621,26.166810344827585,24.098577586206897
2013-10-12,21.832844827586207,25.81818965517241,23.82551724137931
2013-10-13,21.976293103448278,32.26198275862069,27.119137931034484
2013-10-14,21.131982758620687,29.629741379310346,25.380862068965516
2013-10-15,22.285344827586208,39.15362068965518,30.719482758620693
2013-10-16,17.45801724137931,32.233620689655176,24.845818965517243
2013-10-17,21.34008620689655,28.88163793103448,25.110862068965517
2013-10-18,18.79741379310345,27.08,22.93870689655172
2013-10-19,21.23603448275862,29.864568965517243,25.55030172413793
2013-10-20,20.343189655172413,28.208620689655174,24.275905172413793
2013-10-21,20.81844827586207,38.09801724137932,29.458232758620696
2013-10-22,19.719310344827587,32.78103448275862,26.250172413793102
2013-10-23,21.377155172413794,31.031896551724138,26.204525862068966
2013-10-24,21.495258620689654,31.594310344827587,26.544784482758622
2013-10-25,20.199224137931033,31.804224137931037,26.001724137931035
2013-10-26,23.552155172413794,30.08827586206897,26.82021551724138
2013-10-27,25.132844827586204,29.861724137931034,27.49728448275862
2013-10-28,24.20413793103448,35.08939655172414,29.64676724137931
2013-10-29,25.775689655172414,22.932672413793103,24.354181034482757
2013-10-30,22.069482758620687,20.404568965517242,21.237025862068965
2013-10-31,22.84448275862069,20.716293103448276,21.780387931034483
2013-11-01,23.3375,18.77646551724138,21.05698275862069
2013-11-02,23.601810344827584,19.43862068965517,21.520215517241375
2013-11-03,20.7775,25.727413793103448,23.252456896551724
2013-11-04,21.42146551724138,27.35560344827586,24.388534482758622
2013-11-05,19.44508620689655,29.00620689655172,24.225646551724136
2013-11-06,20.91603448275862,24.939999999999998,22.928017241379308
2013-11-07,21.842672413793103,16.467155172413793,19.154913793103447
2013-11-08,20.849137931034484,22.46965517241379,21.659396551724136
2013-11-09,23.592931034482756,26.070258620689657,24.83159482758621
2013-11-10,25.224051724137933,23.870258620689654,24.547155172413795
2013-11-11,25.040000000000003,32.36206896551724,28.701034482758622
2013-11-12,23.929310344827588,38.76051724137931,31.34491379310345
2013-11-13,24.85836206896552,34.97646551724138,29.91741379310345
2013-11-14,21.81698275862069,29.210689655172416,25.513836206896553
2013-11-15,16.782758620689656,25.314655172413794,21.048706896551725
2013-11-16,18.2723275862069,27.91405172413793,23.093189655172417
2013-11-17,19.057672413793103,27.642413793103447,23.350043103448275
2013-11-18,24.230775862068967,24.21965517241379,24.22521551724138
2013-11-19,23.121293103448277,27.280172413793103,25.20073275862069
2013-11-20,23.10991379310345,25.57758620689655,24.34375
2013-11-21,22.930344827586207,31.476810344827584,27.203577586206897
2013-11-22,23.142327586206896,31.076724137931034,27.109525862068963
2013-11-23,22.98103448275862,33.29965517241379,28.140344827586205
2013-11-24,23.06637931034483,21.7723275862069,22.419353448275864
2013-11-25,22.929137931034482,24.774396551724138,23.85176724137931
2013-11-26,23.051293103448277,23.732155172413794,23.391724137931035
2013-11-27,22.85043103448276,29.926293103448277,26.38836206896552
2013-11-28,23.85948275862069,33.98155172413793,28.920517241379308
2013-11-29,23.071810344827586,27.846120689655173,25.45896551724138
2013-11-30,22.94344827586207,30.07517241379311,26.50931034482759
2013-12-01,21.993362068965517,25.982327586206896,23.98784482758621
2013-12-02,23.18112068965517,22.575431034482758,22.878275862068964
2013-12-03,25.179396551724135,28.158879310344826,26.66913793103448
2013-12-04,24.278362068965517,32.89060344827586,28.584482758620688
2013-12-05,23.05560344827586,33.47646551724138,28.26603448275862
2013-12-06,21.85155172413793,34.48508620689655,28.168318965517237
2013-12-07,25.261724137931033,30.038275862068968,27.65
2013-12-08,20.001637931034484,31.84353448275862,25.922586206896554
2013-12-09,23.691293103448277,28.93103448275862,26.311163793103447
2013-12-10,23.923448275862068,26.350689655172413,25.13706896551724
2013-12-11,24.999741379310347,32.23034482758621,28.61504310344828
2013-12-12,25.25637931034483,23.510862068965515,24.383620689655174
2013-12-13,28.266379310344828,27.951293103448275,28.10883620689655
2013-12-14,24.931465517241378,27.868793103448276,26.400129310344827
2013-12-15,23.57439655172414,28.47827586206897,26.026336206896552
2013-12-16,23.877758620689654,31.817844827586203,27.84780172413793
2013-12-18,21.170344827586206,29.732413793103447,25.451379310344826
2013-12-19,23.38258620689655,30.221293103448275,26.80193965517241
2013-12-20,23.37801724137931,25.48060344827586,24.429310344827584
2013-12-21,23.50336206896552,27.791896551724136,25.647629310344826
2013-12-22,23.527327586206898,27.266206896551722,25.396767241379308
2013-12-23,22.724741379310345,23.353189655172415,23.03896551724138
2013-12-24,21.94344827586207,26.21905172413793,24.08125
2013-12-25,24.48155172413793,27.810862068965516,26.146206896551725
2013-12-26,23.308793103448277,30.969310344827587,27.139051724137932
2013-12-27,23.205258620689655,29.882672413793106,26.543965517241382
2013-12-28,22.31241379310345,32.17879310344828,27.245603448275865
2013-12-29,22.04396551724138,31.527672413793102,26.78581896551724
2013-12-30,23.09405172413793,32.77456896551724,27.934310344827587
2013-12-31,20.315689655172413,34.53646551724138,27.426077586206898
2014-01-01,22.25419783873649,34.28952618453865,28.271862011637573
2014-01-02,21.06633416458853,35.72285951787199,28.39459684123026
2014-01-03,22.706566916043226,33.03682460515378,27.871695760598506
2014-01-04,22.71537822111388,32.92709891936825,27.821238570241064
2014-01-05,23.25968412302577,31.87988362427265,27.56978387364921
2014-01-06,23.669576059850375,33.249542809642556,28.459559434746467
2014-01-07,22.291853699085618,27.673566084788032,24.982709891936825
2014-01-08,21.616043225270158,30.75669160432253,26.186367414796344
2014-01-09,22.139318370739815,29.690191188694932,25.914754779717374
2014-01-10,23.22535328345802,27.752036575228594,25.488694929343307
2014-01-11,21.999501246882794,29.28960931005819,25.64455527847049
2014-01-12,21.988944305901914,29.72776392352452,25.858354114713215
2014-01-13,21.718952618453866,32.13724023275145,26.92809642560266
2014-01-14,23.056857855361596,30.7402327514547,26.89854530340815
2014-01-15,22.505985037406486,31.416292601828765,26.961138819617624
2014-01-16,22.84472152950956,32.30947630922694,27.577098919368247
2014-01-17,22.45303408146301,31.658852867830422,27.055943474646718
2014-01-18,24.50332502078138,31.691936824605154,28.097630922693266
2014-01-19,23.83424771404821,29.89152119700748,26.862884455527848
2014-01-20,20.933499584372402,21.77980049875312,21.35665004156276
2014-01-21,22.47506234413965,25.29642560266002,23.885743973399833
2014-01-22,23.62327514546966,30.41812136325852,27.020698254364092
2014-01-23,23.444056525353282,30.138570241064006,26.791313383208646
2014-01-24,23.66359102244389,30.58620116375727,27.12489609310058
2014-01-25,22.27946799667498,31.395594347464673,26.837531172069827
2014-01-26,24.117123857024108,35.003491271820444,29.560307564422274
2014-01-27,24.606733167082297,30.376558603491272,27.491645885286786
2014-01-28,21.44106400665004,28.176226101413135,24.808645054031587
2014-01-29,25.10016625103907,27.83183707398171,26.46600166251039
2014-01-30,23.09833748960931,27.95743973399834,25.527888611803824
2014-01-31,23.42277639235245,28.423607647547797,25.923192019950122
2014-02-01,22.35652535328346,30.25843724023275,26.307481296758105
2014-02-02,23.895843724023276,30.806068162926017,27.350955943474645
2014-02-03,21.457689110556938,30.757522859517874,26.107605985037406
2014-02-04,20.468495428096425,30.01554447215295,25.242019950124686
2014-02-05,22.880216126350792,29.28985868661679,26.085037406483792
2014-02-06,22.105403158769743,27.888029925187034,24.996716541978387
2014-02-07,21.154613466334165,29.094513715710722,25.124563591022444
2014-02-08,19.0334995843724,26.189359933499585,22.61142975893599
2014-02-09,22.978137988362427,27.094596841230256,25.03636741479634
2014-02-10,22.962759767248546,25.98187863674148,24.472319201995013
2014-02-11,19.401413133832087,30.21571072319202,24.808561928512056
2014-02-12,21.671321695760597,26.11014131338321,23.890731504571903
2014-02-13,22.127597672485454,31.17980049875312,26.653699085619287
2014-02-14,22.605985037406484,28.82053200332502,25.713258520365752
2014-02-15,22.808811305070655,33.77331670822943,28.291064006650043
2014-02-16,23.037572734829592,25.527680798004987,24.282626766417287
2014-02-17,22.631172069825435,23.365419783873648,22.998295926849543
2014-02-18,24.371072319201996,21.82103075644223,23.096051537822113
2014-02-19,23.907148794679966,24.86600166251039,24.386575228595177
2014-02-20,22.52128013300083,21.778137988362428,22.14970906068163
2014-02-21,22.561097256857856,27.751787198669994,25.156442227763925
2014-02-22,23.492851205320033,24.910723192019947,24.20178719866999
2014-02-23,23.79534497090607,28.667165419783874,26.23125519534497
2014-02-24,23.333665835411473,26.005652535328345,24.66965918536991
2014-02-25,22.94322527015794,33.07414796342478,28.00868661679136
2014-02-26,22.98204488778055,32.3404821280133,27.661263507896926
2014-02-27,20.579052369077306,32.137738985868666,26.358395677472984
2014-02-28,22.14546965918537,32.33491271820449,27.24019118869493
2014-03-01,23.29941812136326,31.7,27.49970906068163
2014-03-02,23.849044056525354,29.601911886949292,26.725477971737323
2014-03-03,25.77597672485453,28.710307564422276,27.243142144638405
2014-03-04,24.182709891936824,31.31995012468828,27.75133000831255
2014-03-05,22.88503740648379,26.80623441396509,24.845635910224438
2014-03-06,23.532751454696594,27.945802161263504,25.739276807980048
2014-03-07,23.785702410640067,20.542643391521196,22.164172901080633
2014-03-08,23.71720698254364,26.040731504571905,24.878969243557773
2014-03-09,20.79093931837074,26.774896093100583,23.782917705735663
2014-03-10,24.278054862842893,26.387531172069828,25.33279301745636
2014-03-11,22.94621778886118,30.016957605985038,26.48158769742311
2014-03-12,22.64879467996675,27.03042394014963,24.839609310058187
2014-03-13,22.392684954280966,31.779467996674978,27.086076475477974
2014-03-14,23.083291770573567,26.997339983374896,25.040315876974233
2014-03-15,22.302992518703242,28.18877805486284,25.245885286783043
2014-03-16,23.81113881961762,28.231504571903574,26.021321695760598
2014-03-17,22.422859517871988,28.986616791354948,25.704738154613466
2014-03-19,24.194596841230258,30.09351620947631,27.144056525353285
2014-03-20,23.94663341645885,31.726184538653364,27.836408977556108
2014-03-21,24.98869492934331,33.068495428096426,29.02859517871987
2014-03-22,24.54322527015794,34.75261845386534,29.64792186201164
2014-03-23,23.911970074812967,33.067082294264345,28.489526184538654
2014-03-24,22.398836242726517,31.37581047381546,26.88732335827099
2014-03-25,21.62693266832918,20.736907730673316,21.18192019950125
2014-03-26,23.391770573566085,10.188029925187033,16.789900249376558
2014-03-27,22.88445552784705,25.742975893599333,24.31371571072319
2014-03-28,23.79218620116376,25.33067331670823,24.561429758935994
2014-03-29,24.082876142975895,22.32992518703242,23.206400665004157
2014-03-30,25.367747298420618,24.965004156275974,25.166375727348296
2014-03-31,24.366084788029927,26.01238570241064,25.18923524522028
2014-04-01,19.924272651704076,29.396009975062345,24.66014131338321
2014-04-02,23.405735660847878,29.347547797173732,26.376641729010807
2014-04-03,23.116541978387364,26.623025768911056,24.86978387364921
2014-04-04,20.825103906899418,29.408645054031588,25.116874480465505
2014-04-05,26.462759767248546,27.943225270157935,27.20299251870324
2014-04-06,24.523358270989192,34.77497921862011,29.64916874480465
2014-04-07,23.516375727348297,38.24463840399003,30.880507065669164
2014-04-08,24.86134663341646,30.034081463009144,27.447714048212802
2014-04-09,25.228262676641727,32.0831255195345,28.655694098088112
2014-04-10,24.198254364089774,29.734497090606816,26.966375727348293
2014-04-11,25.139068994181212,31.2,28.169534497090606
2014-04-12,25.362759767248548,29.8,27.581379883624273
2014-04-13,21.604904405652537,33.57938487115545,27.592144638403994
2014-04-14,23.899168744804655,33.63516209476309,28.767165419783872
2014-04-15,23.204156275976725,26.61770573566085,24.91093100581879
2014-04-16,23.726184538653364,23.146882793017458,23.436533665835412
2014-04-17,25.557190357439733,26.770241064006647,26.16371571072319
2014-04-18,23.075311720698252,22.80332502078138,22.939318370739816
2014-04-19,23.99742310889443,30.563840399002498,27.280631753948462
2014-04-20,25.489027431421444,31.799750623441394,28.64438902743142
2014-04-21,25.16708229426434,32.96932668329177,29.068204488778054
2014-04-22,26.52660016625104,31.83125519534497,29.178927680798004
2014-04-23,27.55328345802161,24.29775561097257,25.92551953449709
2014-04-24,22.615793848711554,29.398088113050708,26.006940980881133
2014-04-25,21.934330839567746,20.90665004156276,21.420490440565253
2014-04-26,22.24862842892768,25.718952618453862,23.98379052369077
2014-04-27,22.020947630922695,23.744970906068165,22.88295926849543
2014-04-28,23.83216957605985,24.295095594347465,24.063632585203656
2014-04-29,21.65719035743973,19.78354114713217,20.72036575228595
2014-04-30,19.381379883624273,23.044222776392353,21.21280133000831
2014-05-01,19.552618453865335,24.624522028262675,22.088570241064005
2014-05-02,19.592518703241893,34.68894430590191,27.140731504571903
2014-05-03,22.236159600997507,27.661097256857857,24.948628428927684
2014-05-04,22.20058187863674,25.096841230257688,23.648711554447214
2014-05-05,21.30665004156276,29.474812967581045,25.390731504571903
2014-05-06,23.179218620116373,25.590606816292603,24.38491271820449
2014-05-07,21.977140482128014,27.491188694929345,24.734164588528678
2014-05-08,23.85270157938487,27.9,25.876350789692435
2014-05-09,21.031670822942644,29.900249376558605,25.465960099750625
2014-05-10,23.798420615128844,28.40847880299252,26.103449709060683
2014-05-11,17.53516209476309,22.073067331670824,19.804114713216958
2014-05-12,19.511138819617624,25.806982543640895,22.65906068162926
2014-05-13,19.05378221113882,29.375394846217787,24.214588528678306
2014-05-14,18.358769742310887,19.094929343308397,18.726849542809642
2014-05-15,22.4906068162926,15.536990856192851,19.013798836242728
2014-05-16,22.747215295095597,28.69376558603491,25.720490440565253
2014-05-17,25.056608478802993,28.271487946799667,26.66404821280133
2014-05-18,25.307148794679968,28.46708229426434,26.887115544472152
2014-05-19,22.347963424771404,27.787531172069826,25.067747298420613
2014-05-20,18.503906899418123,27.01404821280133,22.758977556109727
2014-05-21,22.325768911055697,27.815461346633416,25.07061512884456
2014-05-22,24.01221945137157,31.0,27.506109725685786
2014-05-23,24.793017456359102,31.223940149625935,28.00847880299252
2014-05-24,22.168162926018287,32.910390689941806,27.539276807980045
2014-05-25,22.44638403990025,29.791770573566083,26.119077306733168
2014-05-26,19.53940149625935,24.53216957605985,22.0357855361596
2014-05-27,20.314131338320866,23.627847049044057,21.970989193682463
2014-05-28,20.010972568578556,28.42643391521197,24.218703241895263
2014-05-29,20.572901080631755,24.74430590191189,22.658603491271823
2014-05-30,21.360515378221116,27.00997506234414,24.185245220282628
2014-05-31,19.216541978387365,27.688279301745634,23.4524106400665
2014-06-01,21.39293433083957,28.86558603491272,25.129260182876145
2014-06-02,21.995344970906068,36.60773067331671,29.30153782211139
2014-06-03,21.204821280133,26.540399002493768,23.872610141313384
2014-06-04,22.304322527015792,24.50515378221114,23.404738154613465
2014-06-05,21.821778886118036,33.63142144638404,27.72660016625104
2014-06-06,20.44181213632585,34.39467996674979,27.41824605153782
2014-06-07,21.61388196176226,32.88628428927681,27.250083125519534
2014-06-08,18.29634247714048,34.901579384871155,26.59896093100582
2014-06-09,16.365502909393186,29.70440565253533,23.034954280964257
2014-06-10,15.670324189526186,30.162676641729007,22.916500415627596
2014-06-11,19.2809642560266,27.674064837905238,23.47751454696592
2014-06-12,19.167414796342477,26.389359933499584,22.77838736492103
2014-06-13,19.88911055694098,26.10133000831255,22.995220282626768
2014-06-14,18.895012468827932,25.476807980049873,22.185910224438903
2014-06-15,19.549293433083957,26.18686616791355,22.868079800498755
2014-06-16,17.104821280133002,27.59127182044888,22.348046550290942
2014-06-18,18.461928512053202,26.630174563591023,22.546051537822112
2014-06-19,20.173316708229425,27.139650872817956,23.65648379052369
2014-06-20,17.17888611803824,25.718786367414797,21.448836242726518
2014-06-21,17.669576059850375,26.899916874480464,22.28474646716542
2014-06-22,18.523192019950127,26.013965087281793,22.26857855361596
2014-06-23,19.203325020781378,25.845719035743976,22.524522028262677
2014-06-24,22.085453034081464,25.954197838736494,24.01982543640898
2014-06-25,18.088279301745636,29.57489609310058,23.83158769742311
2014-06-26,18.01978387364921,30.610058187863675,24.314921030756445
2014-06-27,19.662177888611804,26.514546965918537,23.08836242726517
2014-06-28,19.152369077306734,31.316708229426435,25.234538653366585
2014-06-29,19.540399002493764,27.835743973399836,23.6880714879468
2014-06-30,17.3501246882793,28.458520365752285,22.904322527015793
2014-07-01,17.61920199501247,27.8166251039069,22.717913549459688
2014-07-02,16.29351620947631,28.8142144638404,22.553865336658355
2014-07-03,16.718204488778056,33.1308395677473,24.92452202826268
2014-07-04,20.246300914380715,27.67007481296758,23.958187863674148
2014-07-05,16.627763923524522,28.50739817123857,22.567581047381545
2014-07-06,18.04397339983375,28.42186201163757,23.23291770573566
2014-07-07,17.43640897755611,26.762261014131337,22.099334995843723
2014-07-08,17.777140482128015,26.257772236076473,22.017456359102244
2014-07-09,17.337822111388196,26.708977556109726,22.02339983374896
2014-07-10,16.559684123025768,27.79634247714048,22.178013300083123
2014-07-11,16.149459684123027,25.89285120532003,21.02115544472153
2014-07-12,16.094596841230256,26.000748129675813,21.047672485453035
2014-07-13,18.160515378221113,25.82917705735661,21.99484621778886
2014-07-14,17.368495428096423,27.36749792186201,22.367996674979217
2014-07-15,18.746467165419784,27.289110556940983,23.017788861180385
2014-07-16,18.78412302576891,24.32734829592685,21.55573566084788
2014-07-17,20.519534497090607,25.836492103075642,23.178013300083123
2014-07-18,17.471986699916872,26.190108063175394,21.831047381546135
2014-07-19,17.774896093100583,27.967747298420612,22.8713216957606
2014-07-20,18.087448046550293,34.15743973399834,26.122443890274315
2014-07-21,17.65045719035744,35.45527847049044,26.552867830423942
2014-07-22,17.414463840399,25.408977556109726,21.411720698254364
2014-07-23,17.645719035743973,26.18246051537822,21.914089775561095
2014-07-24,16.580133000831257,25.893848711554448,21.236990856192854
2014-07-25,19.213466334164586,26.72751454696592,22.970490440565253
2014-07-26,18.524522028262677,24.023275145469658,21.273898586866167
2014-07-27,16.89592684954281,25.29459684123026,21.095261845386535
2014-07-28,18.351454696591855,23.675976724854532,21.013715710723194
2014-07-29,19.783125519534497,24.340731504571906,22.0619285120532
2014-07-30,17.35818786367415,26.096425602660016,21.727306733167083
2014-07-31,15.187946799667497,21.78354114713217,18.485743973399835
2014-08-01,14.603408146300916,23.444638403990027,19.02402327514547
2014-08-02,18.29817123857024,22.864256026600167,20.581213632585204
2014-08-03,20.45602660016625,27.951454696591853,24.203740648379053
2014-08-04,18.863507896924354,27.59625935162095,23.229883624272652
2014-08-05,21.13607647547797,29.965253532834577,25.550665004156272
2014-08-06,21.22069825436409,28.885536159601,25.053117206982545
2014-08-07,19.469492934330837,27.215960099750625,23.34272651704073
2014-08-08,18.861097256857857,25.423940149625935,22.142518703241898
2014-08-09,14.355610972568577,26.847630922693266,20.60162094763092
2014-08-10,16.719118869492934,26.34330839567747,21.531213632585203
2014-08-11,20.20041562759767,25.943807148794683,23.072111388196177
2014-08-12,17.289193682460517,26.817788861180382,22.053491271820448
2014-08-13,18.00515378221114,28.003158769742313,23.004156275976726
2014-08-14,16.77298420615129,31.46583541147132,24.119409808811305
2014-08-15,13.122527015793848,29.048545303408147,21.085536159601
2014-08-16,19.028179551122197,27.52053200332502,23.274355777223608
2014-08-17,20.93050706566916,27.815710723192023,24.373108894430594
2014-08-18,18.54754779717373,27.487946799667498,23.017747298420616
2014-08-19,20.013965087281793,26.595677472984207,23.304821280132998
2014-08-20,16.880216126350792,27.47971737323358,22.179966749792186
2014-08-21,16.67173732335827,27.11886949293433,21.895303408146297
2014-08-22,17.855777223607646,27.174064837905238,22.51492103075644
2014-08-23,16.59185369908562,27.114463840399004,21.85315876974231
2014-08-24,18.40831255195345,26.95660847880299,22.68246051537822
2014-08-25,18.708146300914382,27.356275976724852,23.03221113881962
2014-08-26,19.62610141313383,32.78204488778055,26.20407315045719
2014-08-27,20.54330839567747,30.13250207813799,25.33790523690773
2014-08-28,20.67888611803824,34.578387364921035,27.62863674147964
2014-08-29,20.032086450540316,35.11529509559435,27.573690773067334
2014-08-30,20.36209476309227,32.42992518703242,26.39600997506234
2014-08-31,18.926932668329176,30.899501246882792,24.913216957605982
2014-09-01,18.06990856192851,30.01729010806318,24.043599334995847
2014-09-02,21.329842061512885,37.03948462177889,29.184663341645887
2014-09-03,18.100083125519536,34.1522859517872,26.12618453865337
2014-09-04,18.741064006650042,31.98329177057357,25.362177888611804
2014-09-05,21.632418952618455,33.069908561928514,27.351163757273483
2014-09-06,19.511055694098086,28.03599334995844,23.77352452202826
2014-09-07,17.61828761429759,30.06625103906899,23.84226932668329
2014-09-08,23.251122194513716,28.162593516209476,25.706857855361598
2014-09-09,23.34272651704073,30.587697423108896,26.96521197007481
2014-09-10,15.37098919368246,32.2002493765586,23.785619285120532
2014-09-11,15.995760598503741,29.692684954280967,22.844222776392353
2014-09-12,17.00648379052369,28.499251870324187,22.752867830423938
2014-09-13,18.523358270989192,28.265502909393184,23.394430590191188
2014-09-14,18.279966749792184,32.73624272651704,25.508104738154614
2014-09-15,14.291188694929343,29.125270157938484,21.708229426433913
2014-09-17,19.157356608478803,33.75752285951788,26.457439733998342
2014-09-18,17.960099750623442,30.983873649210306,24.471986699916876
2014-09-19,19.22069825436409,29.917456359102243,24.569077306733167
2014-09-20,20.28279301745636,34.23873649210307,27.260764754779714
2014-09-21,21.089692435577724,29.377556109725685,25.233624272651703
2014-09-22,19.386367414796343,31.95610972568578,25.671238570241062
2014-09-23,17.9024106400665,31.957938487115545,24.930174563591024
2014-09-24,17.956940980881132,28.559600997506234,23.258270989193683
2014-09-25,19.343890274314216,27.435245220282624,23.389567747298422
2014-09-26,22.384206151288446,24.46151288445553,23.422859517871988
2014-09-27,22.736658354114713,38.88719866999169,30.8119285120532
2014-09-28,23.264006650041562,36.63715710723192,29.95058187863674
2014-09-29,23.99260182876143,31.090606816292603,27.541604322527014
2014-09-30,22.370573566084786,31.539817123857027,26.955195344970907
2014-10-01,22.126350789692435,33.821446384039895,27.973898586866163
2014-10-02,22.083042394014964,33.49576059850374,27.78940149625935
2014-10-03,21.414713216957608,33.301496259351616,27.358104738154612
2014-10-04,21.15694098088113,28.464422277639233,24.81068162926018
2014-10-05,17.840648379052368,28.67173732335827,23.25619285120532
2014-10-06,17.27747298420615,23.63682460515378,20.457148794679966
2014-10-07,21.15511221945137,25.745137157107234,23.450124688279303
2014-10-08,19.639484621778884,31.802078137988364,25.720781379883626
2014-10-09,20.41828761429759,37.948711554447215,29.183499584372402
2014-10-10,20.281213632585203,39.09684123025769,29.689027431421444
2014-10-11,21.5785536159601,34.18753117206983,27.883042394014964
2014-10-12,21.65286783042394,29.392934330839566,25.522901080631755
2014-10-13,21.452285951787196,29.190357439733997,25.321321695760595
2014-10-14,23.186783042394016,29.74804655029094,26.467414796342478
2014-10-15,21.386616791354946,30.308728179551125,25.847672485453035
2014-10-16,25.191521197007482,29.82901080631754,27.51026600166251
2014-10-17,24.766666666666666,31.554779717373236,28.16072319201995
2014-10-18,25.18686616791355,30.24305901911887,27.714962593516212
2014-10-19,22.471321695760597,30.395095594347467,26.43320864505403
2014-10-20,19.37007481296758,28.559600997506234,23.964837905236905
2014-10-21,20.285286783042395,27.899501246882792,24.092394014962593
2014-10-22,17.818287614297592,29.654696591853696,23.736492103075644
2014-10-23,19.992851205320033,28.20872817955112,24.100789692435576
2014-10-24,15.783458021612635,33.828345802161266,24.80590191188695
2014-10-25,19.004322527015795,30.43699085619285,24.720656691604322
2014-10-26,19.6571072319202,38.05594347464672,28.85652535328346
2014-10-27,23.677805486284292,31.949459684123024,27.813632585203656
2014-10-28,20.619866999168746,34.47647547797173,27.54817123857024
2014-10-29,18.8211970074813,32.17921862011637,25.500207813798838
2014-10-30,20.24571903574397,30.325020781379884,25.285369908561925
2014-10-31,22.788694929343308,30.84954280964256,26.819118869492932
2014-11-01,22.016375727348297,29.431255195344974,25.723815461346636
2014-11-02,21.94846217788861,31.49002493765586,26.719243557772238
2014-11-03,23.120033250207815,30.041147132169577,26.580590191188698
2014-11-04,21.83732335827099,30.85544472152951,26.34638403990025
2014-11-05,20.58595178719867,31.601579384871155,26.093765586034912
2014-11-06,20.664422277639236,35.46151288445552,28.06296758104738
2014-11-07,18.92809642560266,32.75511221945137,25.841604322527015
2014-11-08,21.000083125519534,36.430008312551955,28.715045719035743
2014-11-09,22.489526184538654,41.10182876142976,31.795677472984206
2014-11-10,23.253200332502075,36.878969243557776,30.066084788029926
2014-11-11,20.525187032418952,36.23632585203657,28.380756442227764
2014-11-12,24.40606816292602,34.58761429758936,29.49684123025769
2014-11-13,22.616708229426436,31.834413965087283,27.225561097256858
2014-11-14,22.69775561097257,32.52984206151289,27.61379883624273
2014-11-15,22.116708229426436,33.38645054031588,27.751579384871157
2014-11-16,17.83956774729842,32.75594347464672,25.297755610972573
2014-11-17,22.475644222776392,33.698420615128846,28.087032418952617
2014-11-18,18.774896093100583,32.86982543640898,25.822360764754784
2014-11-19,19.732252701579387,32.001828761429756,25.867040731504574
2014-11-20,21.939068994181213,32.08445552784705,27.01176226101413
2014-11-21,19.966832917705734,33.06292601828761,26.51487946799667
2014-11-22,21.07722360764755,32.40074812967581,26.73898586866168
2014-11-23,20.704821280133,32.54455527847049,26.624688279301743
2014-11-24,21.93474646716542,32.71288445552785,27.323815461346634
2014-11-25,22.271404821280132,30.82053200332502,26.545968412302578
2014-11-26,25.146633416458855,29.824522028262678,27.485577722360766
2014-11-27,21.278054862842893,29.868495428096427,25.57327514546966
2014-11-28,21.06209476309227,29.66882793017456,25.365461346633417
2014-11-29,22.87115544472153,29.365669160432255,26.118412302576893
2014-11-30,26.139235245220284,28.953283458021616,27.54625935162095
2014-12-01,22.79592684954281,27.000249376558603,24.898088113050704
2014-12-02,17.81296758104738,30.640066500415628,24.226517040731505
2014-12-03,19.27281795511222,31.65320033250208,25.46300914380715
2014-12-04,19.3595178719867,34.66109725685786,27.010307564422277
2014-12-05,21.581795511221948,36.7546965918537,29.168246051537825
2014-12-06,22.73441396508728,36.90573566084788,29.820074812967583
2014-12-07,22.191521197007482,31.45178719866999,26.821654197838736
2014-12-08,21.66708229426434,31.044638403990028,26.355860349127184
2014-12-09,19.69667497921862,31.843142144638406,25.769908561928514
2014-12-10,21.219118869492934,30.5,25.859559434746465
2014-12-11,21.159600997506235,30.589526184538652,25.874563591022444
2014-12-12,21.313632585203656,30.631753948462176,25.972693266832916
2014-12-13,20.202078137988362,31.768911055694097,25.985494596841228
2014-12-14,21.838985868661677,30.343890274314212,26.091438071487943
2014-12-15,20.93499584372402,33.96533665835412,27.45016625103907
2014-12-17,20.174064837905238,33.99168744804655,27.08287614297589
2014-12-18,22.28354114713217,33.595843724023275,27.939692435577722
2014-12-19,21.716874480465503,29.090523690773068,25.403699085619287
2014-12-20,23.46176226101413,30.383208645054033,26.92248545303408
2014-12-21,23.157772236076475,30.164256026600164,26.66101413133832
2014-12-22,20.507481296758105,31.99268495428096,26.25008312551953
2014-12-23,21.932086450540314,31.886367414796347,26.909226932668332
2014-12-24,21.940315876974232,32.55785536159601,27.249085619285122
2014-12-25,24.2426433915212,32.34646716541978,28.29455527847049
2014-12-26,23.91330008312552,32.073649210307565,27.993474646716543
2014-12-27,22.248212801330006,28.665918536990855,25.45706566916043
2014-12-28,22.745054031587696,32.31429758935993,27.52967581047381
2014-12-29,22.332834580216126,37.1761429758936,29.754488778054863
2014-12-30,23.165502909393183,34.34580216126351,28.755652535328345
2014-12-31,23.067165419783873,33.60016625103907,28.333665835411473
2015-01-01,22.837271214642264,32.35199667221298,27.59463394342762
2015-01-02,24.1283693843594,33.650665557404324,28.889517470881863
2015-01-03,21.79683860232945,33.0410149750416,27.418926788685525
2015-01-04,23.66023294509151,32.39009983361065,28.025166389351078
2015-01-05,21.82487520798669,31.80524126455907,26.81505823627288
2015-01-06,21.716888519134777,31.494176372712147,26.605532445923462
2015-01-07,20.580116472545757,31.237437603993346,25.90877703826955
2015-01-08,19.515640599001664,30.920465890183028,25.218053244592348
2015-01-09,22.249833610648917,31.042845257903494,26.646339434276207
2015-01-10,21.333860232945092,30.93660565723794,26.135232945091516
2015-01-11,21.39908485856905,30.167970049916807,25.78352745424293
2015-01-12,23.989683860232944,30.683028286189685,27.336356073211313
2015-01-13,23.664309484193012,31.104825291181363,27.384567387687188
2015-01-14,22.211980033277868,31.53818635607321,26.87508319467554
2015-01-15,21.08985024958403,32.05865224625624,26.57425124792013
2015-01-16,21.178369384359403,32.39342762063228,26.78589850249584
2015-01-17,22.092096505823626,31.735357737104827,26.913727121464227
2015-01-18,23.68610648918469,31.640848585690517,27.663477537437604
2015-01-19,22.730948419301164,30.94467554076539,26.83781198003328
2015-01-20,22.490432612312812,32.029118136439266,27.25977537437604
2015-01-21,23.182778702163063,31.0242928452579,27.103535773710483
2015-01-22,18.312895174708817,33.94301164725458,26.127953410981696
2015-01-23,20.327870216306156,31.957071547420966,26.14247088186356
2015-01-24,19.44758735440932,31.245008319467555,25.346297836938437
2015-01-25,20.49334442595674,28.717054908485856,24.6051996672213
2015-01-26,18.88477537437604,29.279783693843598,24.08227953410982
2015-01-27,22.973710482529118,30.110565723793677,26.5421381031614
2015-01-28,21.46189683860233,30.049084858569053,25.75549084858569
2015-01-29,21.548336106489188,30.389101497504157,25.968718801996673
2015-01-30,22.810981697171382,31.291846921797006,27.051414309484194
2015-01-31,22.732029950083195,32.54858569051581,27.6403078202995
2015-02-01,22.70865224625624,32.884359400998335,27.796505823627285
2015-02-02,22.47079866888519,31.965307820299504,27.218053244592348
2015-02-03,22.68893510815308,32.25366056572379,27.471297836938433
2015-02-04,22.9522462562396,29.789767054908488,26.371006655574043
2015-02-05,23.75008319467554,29.84559068219634,26.797836938435942
2015-02-06,23.481613976705493,27.45623960066556,25.468926788685526
2015-02-07,22.255740432612313,26.680615640599,24.468178036605657
2015-02-08,22.83277870216306,28.806572379367722,25.81967554076539
2015-02-09,22.647587354409318,27.53768718801997,25.09263727121464
2015-02-10,23.506821963394344,29.413560732113144,26.460191347753742
2015-02-11,24.44009983361065,32.14825291181365,28.29417637271215
2015-02-12,22.873460898502497,31.902662229617306,27.388061564059903
2015-02-13,23.060399334442593,31.70341098169717,27.381905158069884
2015-02-14,22.49692179700499,31.88078202995008,27.188851913477535
2015-02-15,22.52603993344426,32.9,27.71301996672213
2015-02-16,22.58893510815308,31.823960066555742,27.20644758735441
2015-02-17,22.60740432612313,32.53976705490849,27.57358569051581
2015-02-18,22.825041597337773,30.705241264559067,26.765141430948418
2015-02-19,22.48144758735441,28.911397670549086,25.696422628951748
2015-02-20,22.171464226289515,26.93452579034942,24.552995008319467
2015-02-21,21.920216306156405,27.937188019966722,24.928702163061565
2015-02-22,22.559317803660566,26.064891846921796,24.31210482529118
2015-02-23,20.85698835274542,27.96314475873544,24.41006655574043
2015-02-24,21.924043261231283,30.208901830282862,26.066472545757073
2015-02-25,20.509484193011648,31.205906821963396,25.85769550748752
2015-02-26,21.589600665557406,31.646256239600667,26.617928452579037
2015-02-27,21.24018302828619,33.926372712146424,27.583277870216307
2015-02-28,20.327870216306156,30.470049916805323,25.398960066555738
2015-03-01,22.261397670549087,31.314309484193014,26.787853577371052
2015-03-02,24.15457570715474,30.378951747088188,27.266763727121464
2015-03-03,22.63677204658902,29.179617304492513,25.908194675540766
2015-03-04,23.081364392678868,32.0126455906822,27.54700499168053
2015-03-05,22.793344425956736,30.87054908485857,26.831946755407653
2015-03-06,22.44134775374376,29.908236272878533,26.174792013311148
2015-03-07,22.81613976705491,30.375790349417635,26.595965058236274
2015-03-08,22.582612312811982,32.49708818635607,27.539850249584028
2015-03-09,24.676539101497504,29.093261231281197,26.88490016638935
2015-03-10,22.203660565723794,28.607404326123127,25.405532445923463
2015-03-11,21.58901830282862,29.69750415973378,25.6432612312812
2015-03-12,22.07354409317804,31.625374376039936,26.849459234608986
2015-03-13,21.99559068219634,33.38119800332778,27.68839434276206
2015-03-14,21.81605657237937,30.531198003327788,26.173627287853577
2015-03-15,21.532196339434275,30.147337770382695,25.839767054908485
2015-03-16,21.453910149750413,30.24118136439268,25.847545757071547
2015-03-18,25.103910149750416,33.5765391014975,29.34022462562396
2015-03-19,20.363477537437607,30.668718801996675,25.51609816971714
2015-03-20,19.55956738768719,29.586106489184694,24.57283693843594
2015-03-21,20.608153078202996,29.98377703826955,25.295965058236273
2015-03-22,21.68569051580699,30.67737104825291,26.18153078202995
2015-03-23,22.530532445923463,29.858652246256238,26.19459234608985
2015-03-24,22.732029950083195,30.68036605657238,26.70619800332779
2015-03-25,24.153660565723793,29.79559068219634,26.974625623960065
2015-03-26,19.5432612312812,31.19883527454243,25.371048252911812
2015-03-27,19.619717138103162,31.93277870216306,25.77624792013311
2015-03-28,20.745341098169717,31.688602329450912,26.216971713810317
2015-03-29,22.558402662229618,32.243427620632275,27.400915141430946
2015-03-30,22.03369384359401,32.14758735440932,27.090640599001663
2015-03-31,22.06297836938436,31.912479201331113,26.98772878535774
2015-04-01,20.828868552412644,30.934775374376038,25.88182196339434
2015-04-02,19.947254575707152,30.853993344425955,25.400623960066554
2015-04-03,21.519966722129784,32.089600665557406,26.804783693843596
2015-04-04,20.863643926788683,29.816971713810315,25.3403078202995
2015-04-05,23.116472545757073,29.974875207986692,26.54567387687188
2015-04-06,21.161896838602328,32.39733777038269,26.77961730449251
2015-04-07,22.388269550748753,33.87229617304492,28.130282861896838
2015-04-08,22.680865224625624,33.22653910149751,27.953702163061564
2015-04-09,20.595091514143093,31.579866888519135,26.087479201331114
2015-04-10,20.53386023294509,31.46955074875208,26.001705490848586
2015-04-11,21.45432612312812,30.52021630615641,25.987271214642263
2015-04-12,18.620382695507487,30.10557404326123,24.362978369384358
2015-04-13,19.257737104825292,31.43277870216306,25.345257903494176
2015-04-14,19.70657237936772,30.124376039933445,24.915474209650583
2015-04-15,18.87063227953411,30.928951747088185,24.89979201331115
2015-04-16,17.88252911813644,30.422961730449252,24.152745424292846
2015-04-17,19.91464226289517,32.250415973377706,26.08252911813644
2015-04-18,21.643178036605654,31.22595673876872,26.43456738768719
2015-04-19,22.17703826955075,31.61314475873544,26.895091514143097
2015-04-20,24.65149750415973,31.947337770382692,28.299417637271212
2015-04-21,20.983527454242928,31.543677204658902,26.263602329450915
2015-04-22,21.035607321131447,32.20732113144759,26.62146422628952
2015-04-23,20.795923460898504,31.020715474209652,25.90831946755408
2015-04-24,22.484193011647253,29.004326123128116,25.744259567387687
2015-04-25,21.297171381031614,32.03968386023295,26.66842762063228
2015-04-26,20.187271214642262,32.05316139767055,26.120216306156408
2015-04-27,21.795590682196337,32.675124792013314,27.235357737104827
2015-04-28,22.299667221297838,31.023128119800337,26.661397670549086
2015-04-29,21.966805324459234,31.206073211314475,26.586439267886853
2015-04-30,18.548419301164728,31.253078202995006,24.900748752079867
2015-05-01,19.35773710482529,32.259068219633946,25.808402662229618
2015-05-02,20.55940099833611,29.805574043261235,25.182487520798674
2015-05-03,20.49800332778702,32.20773710482529,26.352870216306158
2015-05-04,18.922961730449252,29.389018302828617,24.155990016638935
2015-05-05,20.500415973377702,32.27071547420965,26.385565723793675
2015-05-06,20.8608153078203,29.126289517470884,24.99355241264559
2015-05-07,20.763394342762062,30.163477537437604,25.463435940099835
2015-05-08,20.969966722129787,30.010399334442596,25.49018302828619
2015-05-09,21.682196339434277,29.63668885191348,25.65944259567388
2015-05-10,22.5410149750416,28.716139767054912,25.628577371048255
2015-05-11,21.78261231281198,29.502579034941764,25.642595673876873
2015-05-12,18.761647254575706,30.255158069883525,24.508402662229614
2015-05-13,17.57811980033278,30.73377703826955,24.155948419301165
2015-05-14,21.662978369384362,29.656156405990014,25.65956738768719
2015-05-15,20.84234608985025,26.730033277870216,23.786189683860233
2015-05-16,20.341680532445924,28.269800332778704,24.305740432612314
2015-05-17,24.820049916805324,26.845008319467556,25.832529118136442
2015-05-18,18.799417637271215,28.922795341098166,23.861106489184692
2015-05-19,19.967054908485856,28.491514143094843,24.229284525790348
2015-05-20,20.373460898502497,27.56597337770383,23.969717138103164
2015-05-21,18.13369384359401,29.709816971713806,23.921755407653908
2015-05-22,19.96181364392679,27.131946755407654,23.54688019966722
2015-05-23,19.96655574043261,26.228951747088185,23.0977537437604
2015-05-24,19.26281198003328,27.138519134775375,23.200665557404328
2015-05-25,20.132778702163062,27.85116472545757,23.991971713810315
2015-05-26,18.358402662229615,28.202579034941763,23.28049084858569
2015-05-27,18.17179700499168,28.644009983361062,23.407903494176374
2015-05-28,18.44051580698835,28.90881863560732,23.674667221297838
2015-05-29,16.22054908485857,28.936356073211314,22.57845257903494
2015-05-30,18.477287853577373,29.22920133111481,23.85324459234609
2015-05-31,19.02928452579035,30.00066555740433,24.51497504159734
2015-06-01,18.835191347753746,30.645008319467557,24.74009983361065
2015-06-02,19.99792013311148,33.705906821963396,26.851913477537437
2015-06-03,20.739184692179702,28.66722129783694,24.70320299500832
2015-06-04,20.86630615640599,30.004575707154743,25.435440931780366
2015-06-05,17.71414309484193,29.387104825291186,23.55062396006656
2015-06-06,17.567554076539103,28.07071547420965,22.819134775374376
2015-06-07,17.594758735440934,30.135191347753743,23.86497504159734
2015-06-08,19.188352745424293,28.07554076539102,23.631946755407654
2015-06-09,18.352246256239603,29.103660565723793,23.727953410981698
2015-06-10,20.183444259567388,28.071464226289518,24.12745424292845
2015-06-11,20.188352745424293,28.330698835274543,24.259525790349418
2015-06-12,18.11389351081531,28.231613976705493,23.172753743760403
2015-06-13,19.254159733777037,28.33169717138103,23.792928452579034
2015-06-14,18.68394342762063,29.024542429284526,23.854242928452578
2015-06-15,19.285524126455908,28.216222961730452,23.75087354409318
2015-06-17,17.520299500831946,29.639600665557406,23.579950083194674
2015-06-18,17.69043261231281,28.235274542429288,22.96285357737105
2015-06-19,17.106655574043263,28.14151414309484,22.624084858569052
2015-06-20,20.418136439267887,27.775374376039935,24.09675540765391
2015-06-21,18.700915141430947,26.756489184692178,22.728702163061563
2015-06-22,24.15299500831947,27.22495840266223,25.68897670549085
2015-06-23,18.988685524126456,27.757237936772043,23.372961730449248
2015-06-24,20.059317803660566,26.77928452579035,23.419301164725457
2015-06-25,17.673627287853577,26.963643926788684,22.31863560732113
2015-06-26,18.851247920133112,27.33976705490849,23.0955074875208
2015-06-27,17.51963394342762,26.921048252911813,22.22034109816972
2015-06-28,16.788602329450917,25.633277870216308,21.210940099833614
2015-06-29,18.78569051580699,24.48685524126456,21.636272878535777
2015-06-30,21.551747088186357,25.494176372712147,23.522961730449254
2015-07-01,18.36322795341098,24.813560732113146,21.588394342762065
2015-07-02,16.486023294509152,26.59991680532446,21.542970049916807
2015-07-03,20.680116472545755,26.77054908485857,23.72533277870216
2015-07-04,19.031863560732113,27.52420965058236,23.278036605657235
2015-07-05,20.09850249584027,29.217304492512476,24.657903494176374
2015-07-06,18.05990016638935,25.715723793677203,21.887811980033277
2015-07-07,19.137104825291182,26.219883527454243,22.678494176372713
2015-07-08,19.602911813643928,26.310898502495842,22.956905158069887
2015-07-09,19.07304492512479,26.801747088186357,22.937396006655575
2015-07-10,17.708901830282862,27.553660565723792,22.63128119800333
2015-07-11,16.372129783693843,28.481697171381033,22.42691347753744
2015-07-12,17.81996672212978,27.59908485856905,22.709525790349417
2015-07-13,16.933527454242927,27.639683860232946,22.286605657237935
2015-07-14,15.779617304492511,28.033361064891846,21.906489184692177
2015-07-15,16.835690515806988,27.51480865224626,22.175249584026623
2015-07-16,15.44359400998336,25.77470881863561,20.609151414309487
2015-07-17,17.96971713810316,25.791181364392678,21.880449251247917
2015-07-18,18.006489184692178,26.477787021630615,22.242138103161395
2015-07-19,19.673544093178034,25.60773710482529,22.640640599001664
2015-07-20,18.575707154742098,27.682945091514146,23.129326123128124
2015-07-21,16.19883527454243,26.875623960066555,21.53722961730449
2015-07-22,19.82928452579035,28.33219633943428,24.080740432612316
2015-07-23,19.315973377703827,26.85316139767055,23.084567387687187
2015-07-24,19.67262895174709,27.10133111480865,23.386980033277872
2015-07-25,17.213810316139767,26.443510815307818,21.828660565723794
2015-07-26,20.55440931780366,26.56422628951747,23.559317803660566
2015-07-27,19.79708818635607,27.258402662229617,23.527745424292846
2015-07-28,19.9634775374376,28.18394342762063,24.073710482529115
2015-07-29,20.447171381031612,28.140515806988354,24.293843594009985
2015-07-30,20.044259567387687,29.57054908485857,24.807404326123127
2015-07-31,19.31955074875208,29.95540765391015,24.637479201331114
2015-08-01,18.388935108153078,26.120965058236273,22.254950083194675
2015-08-02,17.61181364392679,28.799084858569053,23.20544925124792
2015-08-03,19.183361064891848,29.05532445923461,24.119342762063226
2015-08-04,18.247587354409315,30.48985024958403,24.36871880199667
2015-08-05,18.14783693843594,28.14442595673877,23.146131447587354
2015-08-06,15.209484193011647,27.945008319467554,21.5772462562396
2015-08-07,19.781946755407656,27.904658901830285,23.84330282861897
2015-08-08,20.715474209650584,27.717970049916804,24.216722129783694
2015-08-09,16.497004991680534,25.01289517470882,20.75495008319468
2015-08-10,17.843261231281197,31.761397670549083,24.80232945091514
2015-08-11,19.08053244592346,28.683610648918467,23.882071547420963
2015-08-12,16.275457570715474,42.93202995008319,29.603743760399333
2015-08-13,18.4089850249584,36.8,27.604492512479197
2015-08-14,19.477537437603992,24.623294509151414,22.050415973377703
2015-08-15,18.442928452579036,24.924126455906823,21.683527454242927
2015-08-16,20.95990016638935,23.89226289517471,22.426081530782028
2015-08-17,20.173627287853577,28.153910149750416,24.163768718801997
2015-08-18,19.293926788685525,25.949334442595674,22.621630615640598
2015-08-19,21.764725457570716,32.26148086522463,27.013103161397673
2015-08-20,21.950915141430947,31.646672212978373,26.79879367720466
2015-08-21,21.010316139767056,28.77271214642263,24.891514143094845
2015-08-22,20.475623960066557,24.63793677204659,22.55678036605657
2015-08-23,20.182861896838602,27.343011647254578,23.76293677204659
2015-08-24,20.03352745424293,29.72054908485857,24.87703826955075
2015-08-25,19.49251247920133,30.39542429284526,24.943968386023293
2015-08-26,20.113643926788683,32.86106489184692,26.487354409317803
2015-08-27,21.00865224625624,29.327204658901834,25.167928452579037
2015-08-28,18.029783693843594,28.61522462562396,23.322504159733775
2015-08-29,21.651247920133113,31.030698835274542,26.340973377703826
2015-08-30,21.222046589018305,34.699750415973384,27.960898502495844
2015-08-31,17.891430948419302,31.861148086522462,24.87628951747088
2015-09-01,13.868469217970052,29.061730449251247,21.46509983361065
2015-09-02,23.694841930116475,33.57803660565724,28.636439267886857
2015-09-03,16.367886855241267,33.4049084858569,24.886397670549083
2015-09-04,20.552745424292848,31.185607321131446,25.869176372712147
2015-09-05,21.442013311148084,32.90998336106489,27.17599833610649
2015-09-06,21.796256239600666,20.414891846921797,21.10557404326123
2015-09-07,19.487271214642263,27.225623960066557,23.35644758735441
2015-09-08,22.115391014975042,20.19467554076539,21.155033277870217
2015-09-09,22.28810316139767,29.45540765391015,25.87175540765391
2015-09-10,21.842179700499166,24.705740432612313,23.273960066555738
2015-09-11,23.68044925124792,26.04675540765391,24.863602329450917
2015-09-12,21.41405990016639,22.696589018302827,22.05532445923461
2015-09-13,21.627537437603994,24.92287853577371,23.27520798668885
2015-09-14,21.223294509151415,20.659567387687186,20.941430948419303
2015-09-16,18.541763727121467,40.50341098169717,29.522587354409318
2015-09-17,19.646256239600664,31.626871880199666,25.636564059900167
2015-09-18,23.384359400998335,44.615557404326125,33.99995840266223
2015-09-19,18.42645590682196,41.088602329450914,29.75752911813644
2015-09-20,19.350166389351084,39.78011647254576,29.565141430948422
2015-09-21,21.33227953410982,33.49359400998336,27.412936772046592
2015-09-22,22.877454242928454,33.10257903494177,27.99001663893511
2015-09-23,23.539351081530782,29.23502495840266,26.38718801996672
2015-09-24,22.294093178036604,4.795424292845258,13.544758735440931
2015-09-25,23.172961730449252,32.215723793677206,27.69434276206323
2015-09-26,23.424376039933442,38.08128119800333,30.752828618968387
2015-09-27,21.31838602329451,29.677870216306157,25.498128119800334
2015-09-28,19.70349417637271,32.97246256239601,26.33797836938436
2015-09-29,22.492179700499168,29.781281198003327,26.136730449251246
2015-09-30,24.363727121464226,30.2950915141431,27.329409317803663
2015-10-01,19.04267886855241,28.817138103161394,23.929908485856902
2015-10-02,19.818968386023297,31.66589018302829,25.74242928452579
2015-10-03,21.83178036605657,27.462479201331117,24.647129783693842
2015-10-04,22.548003327787022,28.23494176372712,25.391472545757072
2015-10-05,22.86963394342762,28.991014975041594,25.930324459234605
2015-10-06,26.333277870216303,26.877454242928454,26.60536605657238
2015-10-07,22.0563227953411,29.700915141430947,25.87861896838602
2015-10-08,19.406821963394343,36.257986688851915,27.83240432612313
2015-10-09,20.056905158069885,58.10806988352745,39.082487520798665
2015-10-10,23.609816971713812,31.90640599001664,27.758111480865225
2015-10-11,25.813394342762063,33.91589018302829,29.864642262895174
2015-10-12,23.002828618968387,37.44658901830283,30.22470881863561
2015-10-13,21.282778702163064,38.28594009983361,29.784359400998337
2015-10-14,23.278702163061563,13.565474209650583,18.422088186356074
2015-10-15,23.211564059900166,37.431364392678866,30.321464226289514
2015-10-16,23.968219633943427,35.007986688851915,29.48810316139767
2015-10-17,25.405241264559066,38.54908485856905,31.97716306156406
2015-10-18,26.272046589018302,34.07271214642263,30.172379367720467
2015-10-19,25.088851913477537,30.57079866888519,27.829825291181365
2015-10-20,23.256988352745424,30.10457570715474,26.68078202995008
2015-10-21,25.231613976705493,34.15640599001664,29.694009983361063
2015-10-22,24.111231281198005,34.13094841930116,29.121089850249582
2015-10-23,23.83710482529118,40.716056572379365,32.276580698835275
2015-10-24,25.086938435940098,37.26505823627288,31.17599833610649
2015-10-25,23.664808652246254,31.15640599001664,27.410607321131447
2015-10-26,23.22479201331115,30.508402662229617,26.866597337770383
2015-10-27,23.464559068219636,29.606156405990017,26.535357737104825
2015-10-28,23.23710482529118,32.484359400998336,27.860732113144756
2015-10-29,25.937603993344425,37.393261231281194,31.66543261231281
2015-10-30,23.63910149750416,29.320299500831947,26.479700499168054
2015-10-31,22.012479201331114,33.403161397670544,27.70782029950083
2015-11-01,22.088602329450914,32.18677204658902,27.137687188019967
2015-11-02,22.68053244592346,33.66198003327787,28.171256239600666
2015-11-03,23.99567387687188,33.26272878535774,28.629201331114807
2015-11-04,24.149417637271213,35.20008319467554,29.674750415973378
2015-11-05,22.36430948419301,36.27129783693844,29.317803660565723
2015-11-06,26.927620632279535,36.11156405990017,31.51959234608985
2015-11-07,25.686023294509152,35.89026622296173,30.78814475873544
2015-11-08,24.758069883527455,33.70973377703827,29.23390183028286
2015-11-09,22.10782029950083,32.61098169717138,27.359400998336106
2015-11-10,25.162229617304494,32.78494176372712,28.973585690515804
2015-11-11,23.292762063227954,33.3,28.296381031613976
2015-11-12,22.65108153078203,33.061314475873544,27.856198003327787
2015-11-13,23.205740432612313,34.59434276206323,28.90004159733777
2015-11-14,24.103660565723793,36.73394342762063,30.41880199667221
2015-11-15,23.939101497504158,39.77720465890183,31.858153078202996
2015-11-16,26.202495840266224,42.04301164725457,34.1227537437604
2015-11-17,25.230116472545756,39.81780366056572,32.52396006655574
2015-11-18,25.029700499168055,37.16031613976706,31.09500831946756
2015-11-19,23.98577371048253,25.747420965058236,24.866597337770383
2015-11-20,24.412479201331113,32.82512479201331,28.61880199667221
2015-11-21,20.307404326123127,33.769134775374376,27.03826955074875
2015-11-22,27.40149750415973,31.7414309484193,29.571464226289514
2015-11-23,22.9175540765391,26.037687188019966,24.47762063227953
2015-11-24,25.382778702163062,31.77970049916805,28.581239600665555
2015-11-25,28.187354409317802,30.40973377703827,29.298544093178037
2015-11-26,24.19750415973378,28.912811980033275,26.555158069883525
2015-11-27,22.75973377703827,28.981281198003327,25.870507487520797
2015-11-28,22.79342762063228,33.27229617304492,28.0328618968386
2015-11-29,21.43261231281198,33.350748752079866,27.391680532445925
2015-11-30,22.027121464226287,34.58144758735441,28.30428452579035
2015-12-01,22.81863560732113,33.70931780366057,28.263976705490848
2015-12-02,21.119717138103162,32.68094841930117,26.900332778702165
2015-12-03,21.779700499168055,32.268053244592345,27.023876871880198
2015-12-04,24.45657237936772,30.855990016638938,27.656281198003327
2015-12-05,23.675540765391016,31.68003327787022,27.677787021630618
2015-12-06,23.609151414309483,34.56514143094842,29.087146422628955
2015-12-07,27.023793677204658,33.43926788685524,30.23153078202995
2015-12-08,26.173044925124792,28.708901830282862,27.440973377703827
2015-12-09,25.06863560732113,33.22312811980033,29.14588186356073
2015-12-10,25.396173044925124,31.845507487520802,28.620840266222963
2015-12-11,21.240099833610646,36.31322795341098,28.776663893510815
2015-12-12,23.50116472545757,32.20166389351082,27.851414309484195
2015-12-13,23.329783693843595,33.658153078203,28.493968386023298
2015-12-14,24.716805324459234,32.95149750415973,28.83415141430948
2015-12-16,23.74875207986689,34.108236272878536,28.928494176372713
2015-12-17,23.211397670549083,35.62878535773711,29.420091514143095
2015-12-18,25.193011647254576,35.77861896838603,30.485815307820303
2015-12-19,24.264475873544093,34.89891846921797,29.58169717138103
2015-12-20,24.86622296173045,36.227204658901826,30.546713810316138
2015-12-21,25.846838602329452,38.50890183028286,32.177870216306154
2015-12-22,26.482279534109818,31.9589850249584,29.220632279534108
2015-12-23,23.87579034941764,32.09201331114809,27.98390183028286
2015-12-24,25.915474209650583,31.956073211314475,28.93577371048253
2015-12-25,26.174376039933442,30.981780366056572,28.57807820299501
2015-12-26,24.51722129783694,34.040183028286194,29.278702163061567
2015-12-27,23.801663893510813,32.66497504159734,28.233319467554075
2015-12-28,23.34134775374376,34.87961730449251,29.110482529118137
2015-12-29,22.679866888519136,40.015474209650584,31.34767054908486
2015-12-30,19.974209650582363,45.176539101497504,32.57537437603993
2015-12-31,22.163643926788687,34.02096505823628,28.092304492512483
2016-01-01,21.54525,31.185499999999998,26.365375
2016-01-02,24.81775,32.133583333333334,28.47566666666667
2016-01-03,26.93275,30.18775,28.56025
2016-01-04,28.219583333333333,31.80475,30.012166666666666
2016-01-05,24.285833333333333,22.3025,23.294166666666666
2016-01-06,24.53875,30.94175,27.74025
2016-01-07,25.584083333333336,33.392583333333334,29.488333333333337
2016-01-08,26.19333333333333,30.794500000000003,28.493916666666667
2016-01-09,26.221916666666665,33.46116666666667,29.841541666666668
2016-01-10,26.715833333333332,34.168416666666666,30.442124999999997
2016-01-11,26.653416666666665,33.633500000000005,30.143458333333335
2016-01-12,27.206,32.279666666666664,29.74283333333333
2016-01-13,23.903166666666667,34.58616666666667,29.244666666666667
2016-01-14,22.549583333333334,31.94633333333333,27.247958333333333
2016-01-15,22.435416666666665,33.478,27.95670833333333
2016-01-16,23.625583333333335,34.31683333333333,28.97120833333333
2016-01-17,24.952749999999998,32.85391666666666,28.90333333333333
2016-01-18,24.666083333333333,21.095166666666668,22.880625000000002
2016-01-19,25.720750000000002,24.629666666666665,25.175208333333334
2016-01-20,25.885666666666665,16.334333333333333,21.11
2016-01-21,25.146833333333333,19.271083333333333,22.208958333333335
2016-01-22,22.49641666666667,25.905749999999998,24.201083333333333
2016-01-23,25.265,33.03566666666667,29.150333333333336
2016-01-24,25.128166666666665,33.89675,29.51245833333333
2016-01-25,23.34725,33.23283333333333,28.290041666666667
2016-01-26,25.159666666666666,28.282416666666666,26.721041666666665
2016-01-27,24.283166666666666,27.794833333333337,26.039
2016-01-28,23.888166666666667,32.62766666666667,28.257916666666667
2016-01-29,26.435166666666667,30.12683333333333,28.281
2016-01-30,25.42075,31.192166666666665,28.30645833333333
2016-01-31,22.317999999999998,31.674000000000003,26.996000000000002
2016-02-01,23.573583333333332,36.59625,30.084916666666665
2016-02-02,23.929416666666665,36.265750000000004,30.097583333333333
2016-02-03,22.898416666666666,36.53941666666667,29.718916666666665
2016-02-04,23.447333333333333,37.45041666666667,30.448875
2016-02-05,23.773333333333333,37.27733333333333,30.525333333333332
2016-02-06,25.814249999999998,36.76716666666667,31.290708333333335
2016-02-07,24.5435,35.467,30.00525
2016-02-08,23.1665,36.76466666666666,29.96558333333333
2016-02-09,23.785666666666668,35.24225,29.513958333333335
2016-02-10,24.740166666666667,33.535833333333336,29.138
2016-02-11,23.81008333333333,37.91375,30.861916666666666
2016-02-12,25.05291666666667,34.62141666666666,29.837166666666665
2016-02-13,23.866833333333332,35.286500000000004,29.576666666666668
2016-02-14,25.990666666666666,33.99725,29.99395833333333
2016-02-15,21.684916666666666,38.1205,29.902708333333333
2016-02-16,22.642999999999997,36.20041666666667,29.421708333333335
2016-02-17,22.174,39.7375,30.95575
2016-02-18,22.85008333333333,37.246583333333334,30.048333333333332
2016-02-19,23.194166666666668,38.72175,30.957958333333334
2016-02-20,23.522000000000002,37.51675,30.519375000000004
2016-02-21,24.62575,34.35633333333333,29.491041666666668
2016-02-22,23.5775,32.32375,27.950625
2016-02-23,23.755416666666665,33.02875,28.392083333333332
2016-02-24,24.016916666666667,33.763666666666666,28.890291666666666
2016-02-25,24.37141666666667,34.35208333333333,29.36175
2016-02-26,24.239666666666665,41.62125,32.930458333333334
2016-02-27,24.209666666666667,33.974833333333336,29.09225
2016-02-28,24.524166666666666,36.813250000000004,30.668708333333335
2016-02-29,27.99975,36.14666666666667,32.07320833333333
2016-03-01,26.625666666666667,38.65633333333333,32.641
2016-03-02,19.538666666666668,39.493916666666664,29.516291666666667
2016-03-03,26.05616666666667,45.81475,35.93545833333333
2016-03-04,22.633,38.48575,30.559375000000003
2016-03-05,23.416916666666665,34.81016666666667,29.113541666666666
2016-03-06,24.634500000000003,34.82383333333333,29.729166666666668
2016-03-07,24.132,34.48875,29.310375
2016-03-08,21.00525,30.49225,25.74875
2016-03-09,24.558083333333332,33.879583333333336,29.218833333333336
2016-03-10,24.490833333333335,30.435833333333335,27.463333333333335
2016-03-11,25.14525,33.7145,29.429875000000003
2016-03-12,24.527250000000002,32.332249999999995,28.42975
2016-03-13,26.0135,33.4395,29.7265
2016-03-14,24.02733333333333,35.000750000000004,29.514041666666667
2016-03-16,23.343833333333333,28.569583333333334,25.95670833333333
2016-03-17,24.539833333333334,31.66691666666667,28.103375
2016-03-18,25.3615,41.310833333333335,33.33616666666667
2016-03-19,24.714166666666667,31.14258333333333,27.928375
2016-03-20,24.414333333333335,35.00783333333334,29.711083333333335
2016-03-21,24.397083333333335,31.94925,28.173166666666667
2016-03-22,28.478416666666664,32.28516666666666,30.381791666666665
2016-03-23,24.143416666666667,33.10333333333333,28.623375
2016-03-24,20.925,36.5595,28.74225
2016-03-25,23.122666666666667,28.995166666666663,26.058916666666665
2016-03-26,22.426666666666666,29.002833333333335,25.714750000000002
2016-03-27,22.097916666666666,31.590833333333332,26.844375
2016-03-28,24.47508333333333,30.575083333333332,27.52508333333333
2016-03-29,21.814583333333335,29.749166666666667,25.781875
2016-03-30,27.02375,34.3435,30.683625
2016-03-31,25.083916666666667,34.044916666666666,29.564416666666666
2016-04-01,23.340583333333335,32.093583333333335,27.717083333333335
2016-04-02,23.468666666666667,31.963250000000002,27.715958333333333
2016-04-03,25.18975,33.67341666666667,29.431583333333336
2016-04-04,23.982666666666667,33.54183333333333,28.762249999999998
2016-04-05,22.17325,39.512,30.842624999999998
2016-04-06,24.10475,29.518416666666667,26.81158333333333
2016-04-07,23.4015,34.74758333333333,29.074541666666665
2016-04-08,25.000583333333335,33.082166666666666,29.041375000000002
2016-04-09,23.363500000000002,32.971333333333334,28.167416666666668
2016-04-10,22.03475,36.20975,29.12225
2016-04-11,24.722583333333333,32.556416666666664,28.639499999999998
2016-04-12,24.18325,33.39558333333333,28.789416666666664
2016-04-13,24.486083333333333,33.66908333333333,29.077583333333333
2016-04-14,24.245,30.22116666666667,27.233083333333333
2016-04-15,24.1995,35.4375,29.8185
2016-04-16,24.606416666666668,32.435833333333335,28.521125
2016-04-17,23.145,32.456500000000005,27.80075
2016-04-18,21.307000000000002,21.591833333333334,21.449416666666668
2016-04-19,21.669833333333333,33.93358333333333,27.80170833333333
2016-04-20,22.15925,32.84008333333333,27.499666666666666
2016-04-21,24.28925,37.84408333333334,31.06666666666667
2016-04-22,22.97508333333333,34.62641666666667,28.80075
2016-04-23,23.162916666666668,35.80683333333333,29.484875
2016-04-24,22.882916666666667,27.3945,25.138708333333334
2016-04-25,23.549666666666667,29.07925,26.314458333333334
2016-04-26,25.875,31.176,28.5255
2016-04-27,21.82016666666667,30.894583333333333,26.357375
2016-04-28,21.191,37.69625,29.443624999999997
2016-04-29,19.043,26.514833333333332,22.778916666666667
2016-04-30,19.768083333333333,31.997916666666665,25.883
2016-05-01,22.480083333333333,31.698666666666668,27.089375
2016-05-02,23.827749999999998,32.494749999999996,28.161249999999995
2016-05-03,22.238833333333332,34.5825,28.410666666666668
2016-05-04,22.069416666666665,35.458416666666665,28.763916666666667
2016-05-05,24.36,33.29533333333333,28.827666666666666
2016-05-06,23.460166666666666,32.436166666666665,27.948166666666665
2016-05-07,22.394166666666667,25.897333333333332,24.14575
2016-05-08,23.693166666666666,22.5385,23.115833333333335
2016-05-09,23.268333333333334,22.786083333333334,23.027208333333334
2016-05-10,23.1165,32.391666666666666,27.754083333333334
2016-05-11,24.1975,36.07608333333334,30.136791666666667
2016-05-12,19.684,32.361333333333334,26.022666666666666
2016-05-13,19.410666666666668,32.377,25.893833333333333
2016-05-14,20.257583333333333,30.920916666666667,25.58925
2016-05-15,19.78575,22.110833333333332,20.948291666666666
2016-05-16,21.922083333333333,21.706083333333332,21.814083333333333
2016-05-17,21.29175,30.367333333333335,25.829541666666668
2016-05-18,19.61508333333333,31.44433333333333,25.529708333333332
2016-05-19,22.079083333333333,32.515499999999996,27.297291666666666
2016-05-20,18.108916666666666,33.28858333333333,25.698749999999997
2016-05-21,19.7275,34.6705,27.198999999999998
2016-05-22,22.14775,33.012166666666666,27.57995833333333
2016-05-23,17.471916666666665,37.87925,27.675583333333332
2016-05-24,18.523416666666666,35.37233333333334,26.947875000000003
2016-05-25,18.849833333333333,34.41008333333333,26.629958333333335
2016-05-26,19.689583333333335,32.24158333333333,25.965583333333335
2016-05-27,21.770333333333333,24.876166666666666,23.32325
2016-05-28,21.151416666666666,28.445166666666665,24.798291666666664
2016-05-29,21.698999999999998,35.69808333333333,28.698541666666664
2016-05-30,22.098416666666665,33.76625,27.932333333333332
2016-05-31,20.988583333333334,37.963499999999996,29.476041666666667
2016-06-01,24.32225,39.56691666666667,31.944583333333334
2016-06-02,20.484750000000002,35.54591666666666,28.01533333333333
2016-06-03,24.036749999999998,30.84316666666667,27.439958333333333
2016-06-04,23.61825,27.857333333333337,25.737791666666666
2016-06-05,23.34,32.91291666666667,28.126458333333332
2016-06-06,19.746000000000002,38.070750000000004,28.908375000000003
2016-06-07,20.288999999999998,42.327666666666666,31.30833333333333
2016-06-08,19.951916666666666,38.131166666666665,29.041541666666667
2016-06-09,20.839166666666667,39.06333333333333,29.95125
2016-06-10,21.757083333333334,33.83533333333333,27.796208333333333
2016-06-11,18.136416666666666,30.56491666666667,24.35066666666667
2016-06-12,19.102083333333333,26.886666666666667,22.994374999999998
2016-06-13,19.720750000000002,15.84625,17.7835
2016-06-15,17.282333333333334,30.167916666666667,23.725125
2016-06-16,16.142333333333333,28.028416666666665,22.085375
2016-06-17,17.647166666666667,42.973,30.31008333333333
2016-06-18,15.020666666666665,28.119083333333336,21.569875
2016-06-19,17.549916666666668,34.10516666666666,25.827541666666665
2016-06-20,18.245666666666665,34.07175,26.158708333333333
2016-06-21,16.043166666666664,34.102583333333335,25.072875
2016-06-22,18.483416666666667,32.088166666666666,25.285791666666668
2016-06-23,19.552833333333336,30.245833333333334,24.899333333333335
2016-06-24,18.421583333333334,32.84525,25.63341666666667
2016-06-25,18.226333333333333,26.889583333333334,22.557958333333332
2016-06-26,18.796833333333336,29.546916666666668,24.171875
2016-06-27,16.550166666666666,26.8905,21.720333333333333
2016-06-28,19.542749999999998,30.87175,25.20725
2016-06-29,15.415249999999999,29.833499999999997,22.624374999999997
2016-06-30,16.192916666666665,28.197833333333335,22.195375
2016-07-01,14.0775,32.182,23.12975
2016-07-02,15.5825,32.65958333333333,24.121041666666663
2016-07-03,15.258999999999999,28.524083333333333,21.891541666666665
2016-07-04,16.634333333333334,27.623250000000002,22.128791666666668
2016-07-05,16.90608333333333,37.342083333333335,27.12408333333333
2016-07-06,17.218999999999998,34.19975,25.709375
2016-07-07,20.63233333333333,36.16491666666667,28.398625000000003
2016-07-08,16.294416666666667,35.020250000000004,25.657333333333334
2016-07-09,21.516916666666667,29.45425,25.48558333333333
2016-07-10,13.8535,28.94625,21.399875
2016-07-11,18.20175,22.337333333333333,20.26954166666667
2016-07-12,17.5615,32.501416666666664,25.031458333333333
2016-07-13,19.974166666666665,31.965083333333332,25.969625
2016-07-14,18.55625,33.93083333333333,26.243541666666665
2016-07-15,19.212333333333333,34.93241666666667,27.072375
2016-07-16,19.625249999999998,29.358,24.491625
2016-07-17,20.478916666666667,40.19558333333333,30.337249999999997
2016-07-18,21.011,37.0235,29.017249999999997
2016-07-19,17.779833333333332,32.38583333333333,25.082833333333333
2016-07-20,19.299583333333334,34.01425,26.656916666666667
2016-07-21,16.939666666666664,30.49441666666667,23.717041666666667
2016-07-22,16.78516666666667,30.14941666666667,23.467291666666668
2016-07-23,18.277833333333334,29.00933333333333,23.643583333333332
2016-07-24,16.671,10.65625,13.663625
2016-07-25,16.640166666666666,25.515249999999998,21.077708333333334
2016-07-26,18.580833333333334,26.6905,22.635666666666665
2016-07-27,12.868083333333335,27.933416666666666,20.400750000000002
2016-07-28,17.288083333333333,37.16975,27.228916666666667
2016-07-29,20.26675,30.656916666666667,25.46183333333333
2016-07-30,16.5685,28.666583333333335,22.617541666666668
2016-07-31,21.991083333333332,23.266916666666667,22.628999999999998
2016-08-01,18.506583333333335,24.795583333333333,21.651083333333332
2016-08-02,19.457,24.525666666666666,21.991333333333333
2016-08-03,19.90575,28.155166666666663,24.030458333333332
2016-08-04,19.22008333333333,29.08683333333333,24.153458333333333
2016-08-05,16.62575,27.06491666666667,21.845333333333336
2016-08-06,19.242,33.03675,26.139375
2016-08-07,20.75508333333333,38.75725,29.756166666666665
2016-08-08,18.622,36.98591666666667,27.803958333333334
2016-08-09,18.4135,33.603500000000004,26.0085
2016-08-10,18.325083333333332,36.91016666666666,27.617624999999997
2016-08-11,18.13883333333333,33.10275,25.620791666666666
2016-08-12,19.05775,33.06566666666667,26.061708333333335
2016-08-13,18.340083333333332,24.485583333333334,21.41283333333333
2016-08-14,19.526916666666665,17.056749999999997,18.29183333333333
2016-08-15,20.273166666666665,6.476999999999999,13.375083333333333
2016-08-16,19.089416666666665,36.77941666666666,27.934416666666664
2016-08-17,21.9625,31.877583333333334,26.920041666666666
2016-08-18,22.17025,33.74883333333333,27.959541666666667
2016-08-19,21.377833333333335,38.99425,30.186041666666668
2016-08-20,19.232000000000003,36.59283333333333,27.912416666666665
2016-08-21,16.811583333333335,34.929500000000004,25.870541666666668
2016-08-22,19.14891666666667,35.21491666666667,27.181916666666666
2016-08-23,20.25675,35.22075,27.738750000000003
2016-08-24,19.488083333333336,32.49916666666667,25.993625
2016-08-25,16.995583333333332,31.064583333333335,24.030083333333334
2016-08-26,20.19,30.913416666666667,25.551708333333334
2016-08-27,18.696833333333334,29.450499999999998,24.073666666666668
2016-08-28,19.983999999999998,27.1425,23.563249999999996
2016-08-29,17.6395,29.618916666666664,23.62920833333333
2016-08-30,20.233999999999998,35.87416666666667,28.05408333333333
2016-08-31,21.724500000000003,34.318999999999996,28.021749999999997
2016-09-01,22.670333333333335,33.92066666666666,28.295499999999997
2016-09-02,20.056583333333336,31.043,25.549791666666668
2016-09-03,20.543916666666668,32.04383333333333,26.293875
2016-09-04,21.687166666666666,30.354083333333335,26.020625000000003
2016-09-05,20.16725,33.53433333333333,26.850791666666666
2016-09-06,18.468666666666667,33.857166666666664,26.162916666666668
2016-09-07,25.330333333333336,35.407000000000004,30.36866666666667
2016-09-08,21.457250000000002,36.938916666666664,29.198083333333333
2016-09-09,23.572916666666668,29.835166666666666,26.70404166666667
2016-09-10,19.727666666666668,32.025333333333336,25.8765
2016-09-11,18.501916666666666,31.26175,24.881833333333333
2016-09-12,21.24725,31.1225,26.184874999999998
2016-09-14,19.7985,28.574166666666667,24.186333333333334
2016-09-15,21.238833333333332,34.94675,28.092791666666667
2016-09-16,24.309416666666667,31.22308333333333,27.76625
2016-09-17,23.564500000000002,33.82966666666667,28.697083333333335
2016-09-18,22.472916666666666,32.12508333333333,27.299
2016-09-19,22.58758333333333,28.081000000000003,25.334291666666665
2016-09-20,21.66975,36.94383333333333,29.306791666666665
2016-09-21,24.530333333333335,29.498416666666664,27.014375
2016-09-22,23.712833333333336,39.03141666666667,31.372125000000004
2016-09-23,22.25225,30.45725,26.35475
2016-09-24,22.772583333333333,35.91225,29.342416666666665
2016-09-25,21.54225,31.673,26.607625
2016-09-26,23.64625,32.12841666666667,27.887333333333338
2016-09-27,21.61616666666667,32.11125,26.863708333333335
2016-09-28,21.612083333333334,28.780916666666666,25.1965
2016-09-29,20.43133333333333,32.416,26.423666666666662
2016-09-30,21.19625,32.75025,26.97325
2016-10-01,20.754416666666668,34.334666666666664,27.544541666666667
2016-10-02,20.16633333333333,28.365,24.265666666666664
2016-10-03,19.141166666666667,33.74683333333333,26.443999999999996
2016-10-04,20.419583333333332,20.8225,20.621041666666667
2016-10-05,24.767833333333336,27.982750000000003,26.37529166666667
2016-10-06,23.988083333333336,29.995833333333334,26.991958333333336
2016-10-07,24.742416666666667,24.617916666666666,24.680166666666665
2016-10-08,25.03366666666667,31.290916666666664,28.16229166666667
2016-10-09,23.562916666666666,40.37083333333333,31.966874999999998
2016-10-10,24.859666666666666,27.477416666666667,26.168541666666666
2016-10-11,22.59125,35.92483333333333,29.258041666666664
2016-10-12,23.335833333333333,24.423083333333334,23.879458333333332
2016-10-13,21.59958333333333,15.706416666666668,18.653
2016-10-14,23.1185,31.383499999999998,27.250999999999998
2016-10-15,23.668916666666668,28.441916666666668,26.055416666666666
2016-10-16,22.730249999999998,28.7,25.715125
2016-10-17,22.57625,29.84075,26.2085
2016-10-18,21.326416666666667,29.6765,25.501458333333332
2016-10-19,22.435333333333336,34.79658333333334,28.61595833333334
2016-10-20,21.46525,37.14833333333333,29.30679166666667
2016-10-21,25.255583333333334,38.949,32.102291666666666
2016-10-22,23.998250000000002,35.30108333333334,29.64966666666667
2016-10-23,23.349833333333333,33.404666666666664,28.377249999999997
2016-10-24,23.635666666666665,29.159166666666668,26.397416666666665
2016-10-25,23.37516666666667,27.14825,25.261708333333335
2016-10-26,24.18125,30.56433333333333,27.372791666666664
2016-10-27,22.795,31.20275,26.998875
2016-10-28,24.868333333333332,36.76391666666667,30.816125
2016-10-29,24.888250000000003,33.797666666666665,29.342958333333335
2016-10-30,25.520916666666665,27.079833333333333,26.300375
2016-10-31,24.245083333333334,24.010333333333335,24.127708333333334
2016-11-01,23.376749999999998,20.5745,21.975625
2016-11-02,23.27625,26.64875,24.9625
2016-11-03,24.668916666666668,22.580666666666666,23.624791666666667
2016-11-04,24.157416666666666,28.869500000000002,26.513458333333332
2016-11-05,22.09675,19.696,20.896375
2016-11-06,23.905083333333334,22.1595,23.032291666666666
2016-11-07,22.8275,25.10875,23.968125
2016-11-08,26.286666666666665,24.691499999999998,25.489083333333333
2016-11-09,23.644833333333334,29.183916666666665,26.414375
2016-11-10,22.442083333333333,28.063166666666667,25.252625000000002
2016-11-11,26.993166666666667,32.77633333333333,29.88475
2016-11-12,24.254083333333334,32.26858333333333,28.261333333333333
2016-11-13,23.674583333333334,35.63341666666667,29.654000000000003
2016-11-14,23.420333333333335,29.277083333333334,26.348708333333335
2016-11-15,24.449833333333334,32.59758333333333,28.52370833333333
2016-11-16,21.875666666666667,31.02375,26.449708333333334
2016-11-17,25.8245,33.57275,29.698625
2016-11-18,24.87,34.763666666666666,29.816833333333335
2016-11-19,23.466583333333336,30.965833333333332,27.216208333333334
2016-11-20,24.91241666666667,32.41358333333333,28.662999999999997
2016-11-21,22.06775,31.748499999999996,26.908125
2016-11-22,23.045583333333333,33.308499999999995,28.177041666666664
2016-11-23,23.4255,43.269,33.34725
2016-11-24,24.210416666666667,36.00866666666667,30.10954166666667
2016-11-25,24.573999999999998,37.53033333333333,31.052166666666665
2016-11-26,21.945583333333335,31.190250000000002,26.56791666666667
2016-11-27,23.273416666666666,28.811833333333333,26.042625
2016-11-28,23.058333333333334,33.264583333333334,28.161458333333336
2016-11-29,24.0775,32.018,28.04775
2016-11-30,24.114583333333332,35.999500000000005,30.05704166666667
2016-12-01,23.97608333333333,33.64158333333334,28.808833333333332
2016-12-02,23.34133333333333,30.36625,26.853791666666666
2016-12-03,23.74116666666667,31.207333333333334,27.47425
2016-12-04,25.911666666666665,32.23225,29.071958333333335
2016-12-05,25.371583333333334,31.905083333333334,28.638333333333335
2016-12-06,24.6785,34.01691666666667,29.347708333333333
2016-12-07,25.720499999999998,28.345250000000004,27.032875
2016-12-08,22.862916666666667,28.75325,25.808083333333336
2016-12-09,26.22525,27.4645,26.844875000000002
2016-12-10,24.736916666666666,33.554249999999996,29.14558333333333
2016-12-11,25.06983333333333,32.43958333333333,28.754708333333333
2016-12-12,24.415499999999998,33.639583333333334,29.027541666666664
2016-12-14,26.518250000000002,36.41116666666667,31.464708333333334
2016-12-15,25.550833333333333,31.331500000000002,28.441166666666668
2016-12-16,25.14275,27.75425,26.4485
2016-12-17,24.236083333333333,23.500583333333335,23.868333333333332
2016-12-18,23.68883333333333,29.329749999999997,26.509291666666662
2016-12-19,24.618,23.84991666666667,24.233958333333334
2016-12-20,23.906000000000002,20.052333333333333,21.979166666666668
2016-12-21,22.96725,28.8175,25.892375
2016-12-22,22.289416666666668,28.927166666666665,25.608291666666666
2016-12-23,20.925583333333336,33.82233333333333,27.373958333333334
2016-12-24,21.627916666666668,29.193250000000003,25.410583333333335
2016-12-25,23.43975,31.104666666666667,27.27220833333333
2016-12-26,25.14175,37.060833333333335,31.10129166666667
2016-12-27,23.723666666666666,34.92308333333333,29.323375
2016-12-28,23.7015,37.7,30.70075
2016-12-29,23.080833333333334,37.4325,30.256666666666668
2016-12-30,23.03825,36.75,29.894125000000003
2017-01-01,23.70182572614108,36.463153526970956,30.08248962655602
2017-01-02,24.19435684647303,34.201991701244815,29.198174273858925
2017-01-03,24.08390041493776,37.33800829875519,30.710954356846475
2017-01-04,24.63278008298755,36.09186721991701,30.362323651452282
2017-01-05,24.279751037344397,33.438008298755186,28.85887966804979
2017-01-06,22.878008298755187,33.95244813278008,28.415228215767634
2017-01-07,24.680663900414938,35.04307053941909,29.861867219917016
2017-01-08,22.91701244813278,33.57427385892116,28.24564315352697
2017-01-09,23.826639004149378,34.617427385892114,29.222033195020746
2017-01-10,24.24232365145228,33.29302904564315,28.767676348547717
2017-01-11,25.85311203319502,35.21145228215768,30.53228215767635
2017-01-12,24.872365145228216,35.05136929460581,29.961867219917014
2017-01-13,26.069377593360993,33.63784232365145,29.85360995850622
2017-01-14,25.887966804979254,29.707385892116182,27.797676348547718
2017-01-15,24.779502074688796,34.017261410788386,29.398381742738593
2017-01-16,23.622904564315352,33.35792531120332,28.490414937759333
2017-01-17,21.42755186721992,35.2751867219917,28.35136929460581
2017-01-18,24.414024896265563,33.04165975103734,28.72784232365145
2017-01-19,23.855020746887966,31.905643153526967,27.880331950207466
2017-01-20,24.731286307053942,26.019917012448133,25.375601659751037
2017-01-21,24.797510373443984,33.49178423236514,29.144647302904563
2017-01-22,25.1402489626556,33.317842323651455,29.229045643153526
2017-01-23,27.331701244813274,15.737510373443984,21.534605809128628
2017-01-24,26.897842323651453,35.5855601659751,31.241701244813278
2017-01-25,25.16414937759336,24.442904564315352,24.80352697095436
2017-01-26,24.15053941908714,30.706639004149377,27.42858921161826
2017-01-27,24.180580912863068,32.13535269709544,28.157966804979253
2017-01-28,23.630622406639006,35.086639004149376,29.35863070539419
2017-01-29,23.221659751037343,32.710622406639004,27.966141078838174
2017-01-30,24.223153526970954,33.74356846473029,28.98336099585062
2017-01-31,25.50356846473029,32.64738589211619,29.07547717842324
2017-02-01,24.959336099585062,35.65543568464731,30.307385892116187
2017-02-02,23.041576763485477,32.801493775933615,27.921535269709544
2017-02-03,23.92414937759336,33.45278008298755,28.688464730290455
2017-02-04,24.197510373443983,31.959834024896264,28.07867219917012
2017-02-05,24.07219917012448,38.86232365145228,31.46726141078838
2017-02-06,23.766804979253113,32.89070539419087,28.328755186721992
2017-02-07,25.221244813278005,36.624730290456434,30.92298755186722
2017-02-08,24.718091286307054,35.75170124481328,30.234896265560167
2017-02-09,24.258091286307053,33.03485477178423,28.646473029045644
2017-02-10,25.00921161825726,30.591950207468884,27.800580912863072
2017-02-11,24.3696265560166,26.208381742738588,25.289004149377593
2017-02-12,24.289045643153525,33.05643153526971,28.67273858921162
2017-02-13,23.322572614107884,25.023153526970955,24.17286307053942
2017-02-14,24.22605809128631,31.5,27.863029045643152
2017-02-15,23.884979253112036,17.782323651452284,20.83365145228216
2017-02-16,24.325477178423238,29.9,27.112738589211617
2017-02-17,24.18829875518672,30.339917012448133,27.264107883817427
2017-02-18,23.94232365145228,36.279668049792534,30.11099585062241
2017-02-19,24.051037344398342,36.25717842323652,30.15410788381743
2017-02-20,24.900912863070538,37.39726141078838,31.14908713692946
2017-02-21,24.559253112033197,31.865394190871367,28.21232365145228
2017-02-22,24.784896265560164,31.293692946058094,28.03929460580913
2017-02-23,23.889460580912864,25.40232365145228,24.645892116182573
2017-02-24,22.59369294605809,32.46921161825726,27.531452282157677
2017-02-25,23.8797510373444,28.7,26.289875518672197
2017-02-26,23.872946058091287,35.15701244813278,29.514979253112035
2017-02-27,24.191452282157677,28.574273858921163,26.382863070539422
2017-02-28,24.56896265560166,30.00572614107884,27.28734439834025
2017-03-01,23.3448132780083,31.521991701244815,27.43340248962656
2017-03-02,23.056597510373443,29.02323651452282,26.039917012448132
2017-03-03,22.94033195020747,27.270373443983406,25.105352697095437
2017-03-04,23.329709543568462,5.547385892116183,14.438547717842322
2017-03-05,23.50780082987552,35.62697095435685,29.567385892116185
2017-03-06,23.20589211618257,28.349377593360995,25.777634854771783
2017-03-07,25.33668049792531,33.112780082987555,29.224730290456435
2017-03-08,25.23369294605809,23.729211618257263,24.481452282157676
2017-03-09,23.378257261410788,21.941991701244813,22.6601244813278
2017-03-10,23.195435684647304,32.750207468879665,27.972821576763486
2017-03-11,22.171701244813278,32.619834024896264,27.39576763485477
2017-03-12,23.818174273858922,32.705809128630705,28.261991701244813
2017-03-13,23.156016597510373,37.8498755186722,30.502946058091286
2017-03-15,22.7951867219917,33.4,28.09759336099585
2017-03-16,23.26838174273859,2.190871369294606,12.729626556016598
2017-03-17,24.362738589211617,28.55219917012448,26.45746887966805
2017-03-18,25.483402489626556,14.701908713692946,20.09265560165975
2017-03-19,24.21958506224066,24.526970954356848,24.373278008298755
2017-03-20,22.418589211618258,13.855933609958507,18.137261410788383
2017-03-21,24.29195020746888,26.998091286307055,25.645020746887965
2017-03-22,25.176929460580915,16.08323651452282,20.630082987551866
2017-03-23,23.062821576763486,26.79278008298755,24.92780082987552
2017-03-24,23.90414937759336,21.903319502074687,22.903734439834025
2017-03-25,21.79535269709544,21.294522821576766,21.5449377593361
2017-03-26,22.9703734439834,29.724232365145227,26.347302904564316
2017-03-27,24.3751867219917,4.340331950207469,14.357759336099583
2017-03-28,24.492448132780083,18.50033195020747,21.496390041493775
2017-03-29,23.12688796680498,11.494107883817428,17.310497925311203
2017-03-30,23.457178423236517,15.560497925311205,19.508838174273862
2017-03-31,24.368215767634855,28.945228215767635,26.656721991701247
2017-04-01,23.89136929460581,31.562904564315357,27.727136929460585
2017-04-02,23.51817427385892,28.44356846473029,25.980871369294604
2017-04-03,23.83668049792531,8.823900414937759,16.330290456431534
2017-04-04,23.878921161825726,32.00381742738589,27.941369294605806
2017-04-05,23.82116182572614,14.212033195020746,19.016597510373444
2017-04-06,23.85228215767635,25.717842323651453,24.7850622406639
2017-04-07,23.975767634854773,0.46597510373443984,12.220871369294606
2017-04-08,24.457095435684646,13.375352697095435,18.91622406639004
2017-04-09,24.224979253112032,26.4954356846473,25.360207468879665
2017-04-10,24.823568464730293,31.353858921161827,28.088713692946058
2017-04-11,24.186721991701244,33.57535269709544,28.881037344398344
2017-04-12,24.61726141078838,28.330871369294602,26.474066390041493
2017-04-13,24.540165975103736,35.286224066390034,29.913195020746883
2017-04-14,23.42398340248963,18.0,20.711991701244813
2017-04-15,24.812697095435684,40.27311203319502,32.54290456431535
2017-04-16,23.79045643153527,37.06896265560166,30.429709543568464
2017-04-17,23.569211618257263,33.49626556016597,28.53273858921162
2017-04-18,23.819419087136932,31.39742738589212,27.608423236514525
2017-04-19,24.062157676348548,33.231867219917014,28.64701244813278
2017-04-20,22.67551867219917,31.702572614107883,27.189045643153527
2017-04-21,22.807883817427385,28.84705394190871,25.827468879668046
2017-04-22,23.36439834024896,41.16414937759336,32.26427385892116
2017-04-23,23.964979253112034,32.27087136929461,28.117925311203322
2017-04-24,26.008215767634855,34.29900414937759,30.153609958506223
2017-04-25,23.30423236514523,32.49651452282158,27.900373443983405
2017-04-26,24.037427385892116,33.05278008298755,28.545103734439834
2017-04-27,23.872946058091287,27.468215767634852,25.67058091286307
2017-04-28,22.772780082987552,24.135103734439834,23.453941908713695
2017-04-29,24.65668049792531,23.982904564315355,24.319792531120335
2017-04-30,23.798838174273858,26.027136929460582,24.912987551867218
2017-05-01,22.502904564315354,26.36381742738589,24.43336099585062
2017-05-02,21.93103734439834,31.72688796680498,26.82896265560166
2017-05-03,22.056846473029047,24.482738589211618,23.26979253112033
2017-05-04,22.064647302904564,39.29004149377593,30.677344398340246
2017-05-05,21.96564315352697,33.2756846473029,27.620663900414936
2017-05-06,23.359668049792532,33.82315352697095,28.59141078838174
2017-05-07,24.158340248962656,19.218506224066388,21.688423236514524
2017-05-08,23.278423236514524,15.239834024896265,19.259128630705394
2017-05-09,23.35186721991701,22.88149377593361,23.11668049792531
2017-05-10,22.421327800829875,31.345975103734443,26.88365145228216
2017-05-11,21.865477178423237,35.2,28.53273858921162
2017-05-12,23.829045643153528,35.6356846473029,29.732365145228215
2017-05-13,20.8303734439834,-1.3931120331950209,9.71863070539419
2017-05-14,22.152614107883817,35.535518672199174,28.844066390041498
2017-05-15,22.984647302904563,30.051203319502072,26.517925311203317
2017-05-16,23.649709543568466,25.642074688796683,24.645892116182573
2017-05-17,23.10713692946058,21.504979253112033,22.306058091286307
2017-05-18,22.39842323651452,30.62771784232365,26.513070539419086
2017-05-19,23.287551867219918,30.914522821576764,27.101037344398343
2017-05-20,22.353609958506222,28.779585062240667,25.566597510373445
2017-05-21,21.604149377593362,22.881244813278006,22.242697095435684
2017-05-22,22.661908713692945,32.1395020746888,27.400705394190872
2017-05-23,22.414107883817426,30.217095435684644,26.315601659751035
2017-05-24,23.03195020746888,36.49228215767635,29.762116182572615
2017-05-25,23.350456431535267,31.578921161825726,27.4646887966805
2017-05-26,23.91020746887967,29.729709543568468,26.81995850622407
2017-05-27,20.81759336099585,43.531203319502076,32.17439834024896
2017-05-28,21.343983402489627,44.25203319502074,32.798008298755185
2017-05-29,21.317510373443984,37.864647302904565,29.591078838174276
2017-05-30,21.30647302904564,44.59941908713693,32.952946058091285
2017-05-31,21.113775933609958,63.52240663900415,42.31809128630705
2017-06-01,22.505311203319504,29.514107883817427,26.009709543568466
2017-06-02,22.857593360995853,34.49095435684647,28.67427385892116
2017-06-03,22.1551867219917,35.187551867219916,28.67136929460581
2017-06-04,23.27850622406639,40.13128630705395,31.70489626556017
2017-06-05,22.232282157676348,39.49651452282158,30.86439834024896
2017-06-06,21.383817427385893,46.070622406639,33.72721991701245
2017-06-07,21.41103734439834,50.105560165975106,35.75829875518672
2017-06-08,22.63435684647303,44.24207468879668,33.43821576763485
2017-06-09,22.267966804979256,58.413941908713696,40.340954356846474
2017-06-10,23.18655601659751,54.77692946058091,38.98174273858921
2017-06-11,22.069377593360993,34.758008298755186,28.41369294605809
2017-06-12,20.484398340248962,21.69634854771784,21.090373443983403
2017-06-14,21.424398340248963,21.39460580912863,21.409502074688795
2017-06-15,21.1949377593361,25.145809128630706,23.1703734439834
2017-06-16,22.014854771784233,31.531701244813277,26.773278008298753
2017-06-17,21.233195020746887,32.39286307053942,26.813029045643155
2017-06-18,21.814190871369295,26.54721991701245,24.180705394190873
2017-06-19,20.95817427385892,42.75278008298755,31.855477178423236
2017-06-20,21.284149377593362,35.950539419087136,28.61734439834025
2017-06-21,20.801742738589212,35.25103734439834,28.026390041493777
2017-06-22,21.27709543568465,29.77203319502075,25.5245643153527
2017-06-23,19.64041493775934,23.00149377593361,21.320954356846475
2017-06-24,19.77551867219917,24.598672199170124,22.187095435684647
2017-06-25,21.141742738589212,24.631203319502077,22.886473029045646
2017-06-26,20.089460580912863,27.66804979253112,23.878755186721992
2017-06-27,20.401991701244814,29.521327800829873,24.961659751037345
2017-06-28,22.410124481327802,29.002572614107883,25.706348547717845
2017-06-29,20.18199170124481,39.52298755186722,29.852489626556014
2017-06-30,16.44207468879668,23.328796680497927,19.885435684647305
2017-07-01,18.620497925311202,44.47385892116183,31.547178423236517
2017-07-02,17.410788381742737,21.632116182572616,19.521452282157675
2017-07-03,18.702655601659753,31.602323651452284,25.15248962655602
2017-07-04,18.93485477178423,9.19643153526971,14.06564315352697
2017-07-05,19.8751867219917,23.858921161825727,21.867053941908715
2017-07-06,20.996265560165973,13.900082987551865,17.448174273858918
2017-07-07,22.029294605809127,19.145228215767634,20.58726141078838
2017-07-08,21.304896265560167,-4.069377593360996,8.617759336099585
2017-07-09,19.366970954356848,9.008547717842323,14.187759336099585
2017-07-10,21.595186721991702,21.398340248962654,21.496763485477178
2017-07-11,21.073360995850624,27.914688796680494,24.494024896265557
2017-07-12,21.05253112033195,22.60265560165975,21.82759336099585
2017-07-13,19.667634854771784,19.232033195020744,19.449834024896262
2017-07-14,17.475020746887967,23.618091286307052,20.54655601659751
2017-07-15,18.055269709543566,17.848796680497923,17.952033195020746
2017-07-16,18.076680497925313,28.46058091286307,23.26863070539419
2017-07-17,19.653775933609957,13.13643153526971,16.395103734439832
2017-07-18,18.66630705394191,19.461908713692946,19.064107883817428
2017-07-19,19.96564315352697,25.23402489626556,22.599834024896264
2017-07-20,18.83701244813278,30.07078838174274,24.45390041493776
2017-07-21,20.374439834024898,27.061078838174275,23.717759336099586
2017-07-22,18.25551867219917,25.23070539419087,21.74311203319502
2017-07-23,21.550124481327803,1.5489626556016598,11.549543568464731
2017-07-24,19.344315352697098,15.993360995850622,17.66883817427386
2017-07-25,18.393195020746887,-0.4969294605809128,8.948132780082988
2017-07-26,20.82887966804979,5.3778423236514525,13.103360995850622
2017-07-27,21.18838174273859,16.78829875518672,18.988340248962654
2017-07-28,21.474273858921162,20.875352697095437,21.1748132780083
2017-07-29,21.11941908713693,26.475684647302906,23.797551867219916
2017-07-30,19.603402489626554,26.62390041493776,23.113651452282156
2017-07-31,18.740829875518674,12.591452282157677,15.666141078838177
2017-08-01,20.21526970954357,34.98058091286307,27.59792531120332
2017-08-02,20.38248962655602,24.28473029045643,22.333609958506223
2017-08-03,20.481991701244812,28.258755186721995,24.370373443983404
2017-08-04,20.311784232365145,29.82257261410788,25.067178423236513
2017-08-05,21.86439834024896,23.764564315352697,22.814481327800827
2017-08-06,17.92116182572614,17.087883817427386,17.504522821576764
2017-08-07,20.43244813278008,28.742074688796677,24.58726141078838
2017-08-08,18.093775933609958,29.343070539419088,23.718423236514525
2017-08-09,19.910373443983403,26.64124481327801,23.275809128630705
2017-08-10,21.44149377593361,32.80224066390041,27.12186721991701
2017-08-11,21.0146887966805,40.6802489626556,30.84746887966805
2017-08-12,18.23460580912863,24.869460580912865,21.552033195020748
2017-08-13,20.243485477178425,40.48174273858921,30.362614107883818
2017-08-14,20.226390041493776,34.45784232365145,27.34211618257261
2017-08-15,18.699419087136928,28.543485477178425,23.621452282157676
2017-08-16,19.70796680497925,35.85701244813278,27.782489626556014
2017-08-17,16.201659751037344,26.399751037344398,21.30070539419087
2017-08-18,22.834190871369294,18.042240663900415,20.438215767634855
2017-08-19,20.492116182572612,28.806307053941907,24.64921161825726
2017-08-20,21.490871369294606,23.30091286307054,22.395892116182573
2017-08-21,20.57883817427386,15.729128630705393,18.153983402489626
2017-08-22,21.844896265560166,22.56829875518672,22.20659751037344
2017-08-23,21.995352697095438,5.536680497925311,13.766016597510374
2017-08-24,21.285228215767635,-7.835352697095436,6.7249377593360995
2017-08-25,20.959668049792533,-3.8802489626556014,8.539709543568467
2017-08-26,19.240082987551865,22.16605809128631,20.703070539419087
2017-08-27,18.68116182572614,34.45659751037344,26.56887966804979
2017-08-28,19.99078838174274,25.64655601659751,22.818672199170123
2017-08-29,20.387385892116182,30.87377593360996,25.63058091286307
2017-08-30,20.377676348547716,35.64207468879668,28.0098755186722
2017-08-31,20.505228215767634,38.56763485477178,29.536431535269706
2017-09-01,21.05701244813278,25.145809128630706,23.10141078838174
2017-09-02,20.899336099585064,11.948796680497926,16.424066390041496
2017-09-03,17.882904564315353,27.715186721991703,22.799045643153526
2017-09-04,18.315103734439834,19.04564315352697,18.680373443983402
2017-09-05,17.97311203319502,36.00008298755186,26.986597510373443
2017-09-06,20.299336099585062,8.724481327800829,14.511908713692947
2017-09-07,21.53709543568465,15.409377593360995,18.47323651452282
2017-09-08,19.424398340248963,31.46199170124481,25.443195020746884
2017-09-09,19.638174273858922,12.337759336099586,15.987966804979255
2017-09-10,21.537178423236515,32.82796680497925,27.182572614107883
2017-09-11,21.529294605809127,21.065643153526974,21.297468879668052
2017-09-13,22.848298755186722,61.15004149377594,41.99917012448133
2017-09-14,20.320829875518672,44.416265560165975,32.368547717842326
2017-09-15,20.938838174273858,88.02614107883818,54.48248962655602
2017-09-16,20.395103734439832,30.816182572614107,25.60564315352697
2017-09-17,20.52838174273859,72.20423236514523,46.36630705394191
2017-09-18,20.274522821576763,45.54157676348547,32.908049792531116
2017-09-19,18.205560165975104,35.31178423236514,26.75867219917012
2017-09-20,19.514771784232366,31.507717842323654,25.51124481327801
2017-09-21,20.414107883817426,32.18921161825726,26.30165975103734
2017-09-22,21.824398340248965,42.294190871369295,32.05929460580913
2017-09-23,20.68680497925311,40.53626556016597,30.61153526970954
2017-09-24,20.36439834024896,60.63502074688797,40.499709543568464
2017-09-25,20.39759336099585,33.72390041493776,27.060746887966804
2017-09-26,20.96647302904564,35.8,28.38323651452282
2017-09-27,22.89551867219917,27.250622406639003,25.073070539419085
2017-09-28,22.257344398340248,28.934522821576763,25.595933609958507
2017-09-29,22.43170124481328,34.404647302904564,28.418174273858924
2017-09-30,22.991120331950206,38.415767634854774,30.70344398340249
2017-10-01,23.202738589211616,26.781078838174274,24.991908713692943
2017-10-02,22.145477178423235,45.71784232365145,33.931659751037344
2017-10-03,24.67253112033195,21.517925311203317,23.095228215767634
2017-10-04,22.650871369294606,25.717178423236515,24.184024896265562
2017-10-05,22.562572614107886,40.20746887966805,31.385020746887967
2017-10-06,21.481659751037345,30.61792531120332,26.04979253112033
2017-10-07,19.641327800829874,29.43510373443983,24.538215767634853
2017-10-08,21.658589211618256,-9.273360995850622,6.192614107883817
2017-10-09,21.267634854771785,-3.8348547717842325,8.716390041493776
2017-10-10,22.417759336099586,-6.340995850622407,8.03838174273859
2017-10-11,21.389460580912864,38.90157676348548,30.145518672199174
2017-10-12,22.123651452282157,45.86597510373444,33.9948132780083
2017-10-13,21.72033195020747,45.01136929460581,33.36585062240664
2017-10-14,22.70464730290456,38.56564315352697,30.635145228215766
2017-10-15,22.34149377593361,38.77311203319502,30.557302904564317
2017-10-16,23.673526970954356,27.273278008298757,25.473402489626558
2017-10-17,22.172780082987554,18.769460580912863,20.47112033195021
2017-10-18,21.074688796680498,12.371701244813277,16.723195020746886
2017-10-19,23.296680497925312,26.15253112033195,24.724605809128633
2017-10-20,24.586721991701246,27.59136929460581,26.089045643153526
2017-10-21,24.07502074688797,21.18871369294606,22.631867219917012
2017-10-22,23.95825726141079,24.15908713692946,24.058672199170125
2017-10-23,22.730290456431536,26.227717842323653,24.479004149377595
2017-10-24,22.80572614107884,20.539336099585064,21.672531120331954
2017-10-25,23.619999999999997,28.536265560165972,26.078132780082985
2017-10-26,21.835435684647305,20.53941908713693,21.187427385892118
2017-10-27,23.850041493775933,26.21112033195021,25.030580912863073
2017-10-28,23.169709543568466,22.198506224066392,22.68410788381743
2017-10-29,23.73966804979253,24.885809128630708,24.31273858921162
2017-10-30,23.268713692946058,22.32066390041494,22.794688796680497
2017-10-31,24.528713692946056,22.18331950207469,23.356016597510372
2017-11-01,22.01908713692946,23.268713692946058,22.64390041493776
2017-11-02,22.62448132780083,15.806058091286307,19.21526970954357
2017-11-03,23.5303734439834,27.57485477178423,25.552614107883816
2017-11-04,23.13917012448133,28.742489626556015,25.940829875518673
2017-11-05,23.06954356846473,28.714605809128628,25.89207468879668
2017-11-06,21.256265560165975,27.019170124481327,24.137717842323653
2017-11-07,22.274439834024896,27.089128630705396,24.681784232365146
2017-11-08,24.86365145228216,28.14182572614108,26.502738589211617
2017-11-09,22.219170124481327,27.222572614107882,24.720871369294606
2017-11-10,23.797344398340247,35.20033195020747,29.498838174273857
2017-11-11,22.653278008298756,28.3,25.476639004149376
2017-11-12,22.687136929460582,25.938257261410786,24.312697095435684
2017-11-13,22.418257261410787,46.6645643153527,34.54141078838174
2017-11-14,22.312365145228217,24.637178423236513,23.474771784232367
2017-11-15,21.90589211618257,40.116514522821575,31.011203319502073
2017-11-16,21.7002489626556,23.996763485477178,22.84850622406639
2017-11-17,22.07908713692946,35.38896265560166,28.73402489626556
2017-11-18,21.839585062240666,38.086224066390045,29.962904564315355
2017-11-19,23.418672199170125,41.50755186721992,32.46311203319502
2017-11-20,23.044979253112032,45.56929460580913,34.30713692946058
2017-11-21,23.77941908713693,34.59908713692946,29.189253112033196
2017-11-22,23.626804979253112,29.2503734439834,26.438589211618257
2017-11-23,23.500829875518672,29.3,26.400414937759336
2017-11-24,22.52365145228216,31.543817427385896,27.033734439834028
2017-11-25,23.971867219917012,15.529792531120334,19.750829875518672
2017-11-26,23.7848132780083,4.3318672199170125,14.058340248962656
2017-11-27,23.746390041493775,30.981908713692945,27.36414937759336
2017-11-28,25.02746887966805,30.895269709543566,27.96136929460581
2017-11-29,23.26829875518672,14.101576763485479,18.6849377593361
2017-11-30,25.298091286307056,19.918423236514524,22.60825726141079
2017-12-01,23.842904564315354,24.41070539419087,24.126804979253112
2017-12-02,23.909128630705393,23.14713692946058,23.528132780082984
2017-12-03,23.0197510373444,25.06780082987552,24.043775933609957
2017-12-04,24.289377593360996,32.62348547717843,28.45643153526971
2017-12-05,24.072946058091286,33.626307053941915,28.849626556016602
2017-12-06,22.880165975103733,36.54995850622407,29.715062240663904
2017-12-07,23.123900414937758,17.924564315352697,20.524232365145227
2017-12-08,22.554107883817426,26.546721991701244,24.550414937759335
2017-12-09,24.22896265560166,20.02,22.12448132780083
2017-12-10,24.236348547717842,20.35609958506224,22.29622406639004
2017-12-11,24.23369294605809,26.42464730290456,25.329170124481323
2017-12-13,22.595767634854774,12.824979253112033,17.710373443983404
2017-12-14,22.842572614107883,16.373609958506226,19.608091286307054
2017-12-15,20.225809128630704,17.961078838174274,19.093443983402487
2017-12-16,23.945892116182574,21.432780082987552,22.689336099585063
2017-12-17,23.3595020746888,25.71526970954357,24.537385892116184
2017-12-18,23.45369294605809,24.326721991701245,23.890207468879666
2017-12-19,22.236680497925313,18.636929460580912,20.43680497925311
2017-12-20,22.970290456431535,27.838506224066393,25.404398340248964
2017-12-21,22.953858921161828,25.9,24.426929460580915
2017-12-22,22.912282157676348,27.186224066390043,25.049253112033195
2017-12-23,23.57219917012448,26.0346887966805,24.803443983402488
2017-12-24,22.414937759336098,23.679917012448133,23.047427385892114
2017-12-25,21.601493775933612,15.922987551867221,18.762240663900418
2017-12-26,20.682323651452283,13.257759336099586,16.970041493775934
2017-12-27,22.190373443983404,3.125145228215768,12.657759336099586
2017-12-28,26.005809128630705,7.746887966804979,16.876348547717843
2017-12-29,23.26414937759336,23.699419087136928,23.481784232365143
2017-12-30,22.19352697095436,27.32448132780083,24.759004149377596
2017-12-31,23.34199170124481,22.06390041493776,22.702946058091285
2018-01-01,22.16091286307054,39.279318936877075,30.720115899973806
2018-01-02,23.865892116182575,25.512707641196013,24.689299878689294
2018-01-03,24.79941908713693,24.366112956810632,24.582766021973782
2018-01-04,24.059502074688798,27.944269102990035,26.001885588839414
2018-01-05,23.858008298755188,14.53654485049834,19.197276574626763
2018-01-06,23.719917012448132,25.36046511627907,24.5401910643636
2018-01-07,23.78381742738589,24.45199335548173,24.11790539143381
2018-01-08,23.72448132780083,23.603903654485052,23.66419249114294
2018-01-09,23.57045643153527,17.520431893687707,20.54544416261149
2018-01-10,24.29070539419087,6.486627906976744,15.388666650583806
2018-01-11,23.111203319502074,21.281312292358805,22.19625780593044
2018-01-12,23.03136929460581,22.0949377593361,22.563153526970957
2018-01-13,23.817925311203318,17.602740863787375,20.710333087495346
2018-01-14,24.282406639004147,19.69360465116279,21.98800564508347
2018-01-15,23.91576763485477,25.248172757475082,24.581970196164924
2018-01-16,22.98182572614108,12.813289036544852,17.897557381342963
2018-01-17,24.216348547717843,25.810880398671095,25.01361447319447
2018-01-18,23.01858921161826,15.20215946843854,19.1103743400284
2018-01-19,25.853858921161827,40.100166112956806,32.977012517059315
2018-01-20,23.93103734439834,27.737873754152826,25.83445554927558
2018-01-21,25.02921161825726,34.89202657807309,29.960619098165175
2018-01-22,23.906804979253113,39.524667774086375,31.715736376669746
2018-01-23,24.27726141078838,33.746345514950164,29.011803462869274
2018-01-24,23.17551867219917,31.674418604651162,27.424968638425167
2018-01-25,22.635933609958506,34.30739202657807,28.47166281826829
2018-01-26,22.498921161825727,32.62558139534884,27.562251278587283
2018-01-27,25.02390041493776,28.310465116279072,26.667182765608416
2018-01-28,24.202240663900415,19.079401993355482,21.64082132862795
2018-01-29,24.324066390041494,17.7702657807309,21.047166085386195
2018-01-30,24.526970954356848,30.760880398671095,27.643925676513973
2018-01-31,22.327385892116183,26.903239202657808,24.615312547386996
2018-02-01,23.26390041493776,27.416196013289035,25.340048214113395
2018-02-02,23.270539419087136,24.624003322259135,23.947271370673135
2018-02-03,22.921576763485476,29.682973421926913,26.302275092706196
2018-02-04,23.67858921161826,21.997923588039868,22.838256399829064
2018-02-05,23.35186721991701,25.163205980066444,24.257536599991727
2018-02-06,23.286721991701246,24.375083056478402,23.830902524089822
2018-02-07,24.151701244813278,19.501661129568106,21.826681187190694
2018-02-08,23.819336099585062,27.255647840531562,25.537491970058312
2018-02-09,23.750539419087136,23.749584717607974,23.750062068347553
2018-02-10,24.240000000000002,19.72732558139535,21.983662790697675
2018-02-11,24.203070539419087,27.455813953488374,25.82944224645373
2018-02-12,23.276680497925312,28.66985049833887,25.973265498132093
2018-02-13,24.000829875518672,28.730398671096346,26.365614273307507
2018-02-14,21.912697095435686,31.61827242524917,26.765484760342428
2018-02-15,23.770290456431535,27.364036544850496,25.567163500641016
2018-02-16,21.862821576763487,28.530897009966775,25.19685929336513
2018-02-17,24.540331950207467,27.428239202657807,25.984285576432637
2018-02-18,23.57402489626556,24.434053156146177,24.004039026205866
2018-02-19,24.221908713692947,26.15440199335548,25.188155353524216
2018-02-20,24.464066390041495,22.457641196013288,23.46085379302739
2018-02-21,24.74248962655602,21.668936877076412,23.205713251816213
2018-02-22,24.081908713692947,14.98297342192691,19.532441067809927
2018-02-23,24.221825726141077,18.524086378737543,21.37295605243931
2018-02-24,23.90746887966805,18.709634551495018,21.308551715581533
2018-02-25,23.707883817427387,26.40083056478405,25.05435719110572
2018-02-26,22.66954356846473,15.61827242524917,19.14390799685695
2018-02-27,22.368215767634855,13.10863070539419,17.73842323651452
2018-02-28,22.93244813278008,23.639285714285716,23.2858669235329
2018-03-01,25.259253112033196,37.20033222591363,31.22979266897341
2018-03-02,24.267634854771785,30.93612956810631,27.601882211439047
2018-03-03,23.66058091286307,30.699999999999996,27.180290456431536
2018-03-04,24.01195020746888,31.481810631229234,27.746880419349058
2018-03-05,21.711203319502076,40.0,30.855601659751038
2018-03-06,23.968464730290457,29.900083056478405,26.93427389338443
2018-03-07,25.870290456431537,34.5,30.185145228215767
2018-03-08,24.39526970954357,32.900415282392025,28.647842495967797
2018-03-09,23.535684647302904,34.867441860465114,29.20156325388401
2018-03-10,24.12771784232365,27.72765780730897,25.92768782481631
2018-03-11,24.252116182572614,34.781229235880396,29.516672709226505
2018-03-12,23.320082987551867,32.99161129568107,28.15584714161647
2018-03-14,21.896929460580914,34.37549833887043,28.13621389972567
2018-03-15,24.929211618257263,32.05348837209302,28.491349995175142
2018-03-16,23.385311203319503,34.108637873754155,28.74697453853683
2018-03-17,23.988298755186722,28.260132890365448,26.124215822776087
2018-03-18,23.544398340248964,25.410049833887044,24.477224087068002
2018-03-19,23.671701244813278,33.4891196013289,28.58041042307109
2018-03-20,22.994854771784233,36.422259136212624,29.70855695399843
2018-03-21,24.610871369294603,39.7764950166113,32.19368319295295
2018-03-22,23.88124481327801,36.34593023255814,30.113587522918074
2018-03-23,22.344315352697098,34.42483388704319,28.384574619870143
2018-03-24,23.047385892116186,24.874169435215947,23.960777663666065
2018-03-25,22.429958506224065,27.700498338870432,25.06522842254725
2018-03-26,20.91966804979253,23.880980066445183,22.400324058118855
2018-03-27,24.089377593360997,25.662541528239203,24.875959560800098
2018-03-28,23.591120331950208,24.113621262458473,23.85237079720434
2018-03-29,24.09585062240664,29.08563122923588,26.590740925821258
2018-03-30,24.158589211618256,24.368355481727576,24.263472346672916
2018-03-31,23.97941908713693,24.117109634551493,24.04826436084421
2018-04-01,23.523983402489627,27.822757475083055,25.673370438786343
2018-04-02,23.459834024896264,18.91171096345515,21.18577249417571
2018-04-03,23.562904564315353,18.255647840531562,20.909276202423456
2018-04-04,24.629211618257262,26.340697674418607,25.484954646337933
2018-04-05,24.684979253112033,8.661960132890366,16.6734696930012
2018-04-06,24.20099585062241,38.811461794019934,31.50622882232117
2018-04-07,24.050373443983403,35.693687707641196,29.8720305758123
2018-04-08,23.5098755186722,27.229568106312293,25.369721812492244
2018-04-09,23.15560165975104,32.86744186046512,28.01152176010808
2018-04-10,22.520995850622405,19.933305647840534,21.22715074923147
2018-04-11,22.659834024896263,25.15847176079734,23.9091528928468
2018-04-12,22.10780082987552,27.0218438538206,24.564822341848057
2018-04-13,23.49253112033195,11.747840531561462,17.620185825946706
2018-04-14,23.78713692946058,32.67275747508306,28.22994720227182
2018-04-15,24.56008298755187,22.03621262458472,23.298147806068293
2018-04-16,23.454273858921162,28.49127906976744,25.9727764643443
2018-04-17,22.911784232365147,22.384136212624586,22.647960222494866
2018-04-18,22.753609958506225,26.94933554817276,24.851472753339493
2018-04-19,21.978174273858922,20.286960132890364,21.13256720337464
2018-04-20,19.824066390041494,27.888870431893686,23.85646841096759
2018-04-21,21.67186721991701,22.46785714285714,22.069862181387077
2018-04-22,23.027717842323653,18.492524916943523,20.76012137963359
2018-04-23,22.06033195020747,16.841860465116277,19.451096207661873
2018-04-24,22.992614107883817,29.629900332225915,26.311257220054866
2018-04-25,21.114273858921162,5.829318936877076,13.47179639789912
2018-04-26,20.88688796680498,21.099750830564787,20.993319398684882
2018-04-27,22.559917012448132,22.824833887043187,22.69237544974566
2018-04-28,21.47294605809129,31.908222591362126,26.690584324726707
2018-04-29,22.217925311203317,24.929318936877074,23.573622124040195
2018-04-30,20.938423236514524,25.786461794019935,23.36244251526723
2018-05-01,22.478174273858922,23.9406146179402,23.209394445899562
2018-05-02,22.380082987551866,32.49958471760797,27.43983385257992
2018-05-03,23.627966804979252,21.62840531561462,22.628186060296937
2018-05-04,23.331452282157677,26.89393687707641,25.11269457961704
2018-05-05,22.296514522821575,28.052740863787374,25.174627693304473
2018-05-06,21.004979253112033,26.454235880398674,23.729607566755355
2018-05-07,19.904066390041496,24.645764119601328,22.274915254821412
2018-05-08,21.775933609958507,19.66918604651163,20.72255982823507
2018-05-09,21.71336099585062,23.855730897009966,22.784545946430292
2018-05-10,20.831369294605807,25.029734219269102,22.930551756937454
2018-05-11,21.137178423236513,24.93579734219269,23.036487882714603
2018-05-12,21.505560165975105,20.717607973421927,21.111584069698516
2018-05-13,23.39103734439834,19.140531561461795,21.26578445293007
2018-05-14,22.27526970954357,25.5499169435216,23.912593326532583
2018-05-15,22.77377593360996,35.998338870431894,29.386057402020928
2018-05-16,22.540165975103736,29.707641196013288,26.123903585558512
2018-05-17,22.635020746887967,31.274003322259137,26.954512034573554
2018-05-18,23.14713692946058,29.244647302904568,26.195892116182574
2018-05-19,22.183817427385893,41.86769102990033,32.02575422864311
2018-05-20,23.074771784232365,26.75971760797342,24.91724469610289
2018-05-21,22.868879668049793,32.23480066445183,27.551840166250813
2018-05-22,25.161244813278007,22.699750830564785,23.930497821921396
2018-05-23,21.4949377593361,24.99310631229236,23.24402203581423
2018-05-24,21.773360995850624,17.884468438538207,19.828914717194415
2018-05-25,21.410954356846474,23.63687707641196,22.52391571662922
2018-05-26,20.106556016597512,14.571096345514949,17.33882618105623
2018-05-27,20.502323651452283,25.626079734219267,23.064201692835773
2018-05-28,21.099004149377592,17.306146179401992,19.202575164389792
2018-05-29,20.47726141078838,25.6874584717608,23.08235994127459
2018-05-30,20.502489626556017,27.00639534883721,23.754442487696615
2018-05-31,20.005477178423234,23.78089700996678,21.893187094195007
2018-06-01,21.875435684647304,30.31312292358804,26.09427930411767
2018-06-02,21.416182572614108,32.34916943521595,26.88267600391503
2018-06-03,21.20058091286307,25.894601328903654,23.54759112088336
2018-06-04,22.652697095435684,22.186046511627907,22.419371803531796
2018-06-05,20.181659751037344,20.17558139534884,20.178620573193093
2018-06-06,21.83195020746888,22.70747508305648,22.26971264526268
2018-06-07,22.455020746887968,17.46312292358804,19.959071835238003
2018-06-08,21.312033195020746,21.707308970099668,21.509671082560207
2018-06-09,22.26149377593361,25.50639534883721,23.88394456238541
2018-06-10,22.183070539419084,36.37882059800664,29.280945568712863
2018-06-11,21.453858921161828,17.917607973421926,19.685733447291877
2018-06-13,20.33643153526971,37.9671096345515,29.151770584910604
2018-06-14,20.782572614107885,26.02782392026578,23.405198267186833
2018-06-15,21.0,43.92217607973422,32.46108803986711
2018-06-16,20.515933609958505,33.361046511627904,26.938490060793207
2018-06-17,21.364896265560166,26.66345514950166,24.014175707530914
2018-06-18,20.290290456431535,27.7374584717608,24.01387446409617
2018-06-19,20.214273858921164,22.054439834024897,21.134356846473032
2018-06-20,19.654107883817428,31.277574750830563,25.465841317323996
2018-06-21,19.07966804979253,29.4,24.239834024896265
2018-06-22,21.06755186721992,29.02707641196013,25.047314139590025
2018-06-23,18.71128630705394,24.235880398671096,21.47358335286252
2018-06-24,21.317925311203318,32.44634551495017,26.882135413076742
2018-06-25,21.007053941908715,31.435714285714283,26.2213841138115
2018-06-26,20.7050622406639,26.2593853820598,23.482223811361848
2018-06-27,18.798672199170127,32.398504983388705,25.598588591279416
2018-06-28,20.24954356846473,29.92159468438538,25.085569126425057
2018-06-29,19.85908713692946,27.60448504983389,23.731786093381675
2018-06-30,20.44655601659751,22.980232558139537,21.713394287368523
2018-07-01,20.1746887966805,29.923920265780733,25.049304531230618
2018-07-02,19.1698755186722,30.19817275747508,24.68402413807364
2018-07-03,21.167551867219917,28.615614617940196,24.891583242580055
2018-07-04,20.793775933609957,28.161960132890364,24.47786803325016
2018-07-05,20.25103734439834,26.40514950166113,23.328093423029735
2018-07-06,21.624564315352696,28.28629568106312,24.955429998207908
2018-07-07,21.661908713692945,26.68081395348837,24.17136133359066
2018-07-08,20.448464730290457,42.10955149501661,31.279008112653536
2018-07-09,21.001410788381744,27.27284053156146,24.137125659971602
2018-07-10,21.07917012448133,30.858803986710964,25.968987055596145
2018-07-11,19.853858921161827,30.104318936877075,24.97908892901945
2018-07-12,20.366390041493776,31.2124584717608,25.78942425662729
2018-07-13,18.914024896265563,31.26652823920266,25.09027656773411
2018-07-14,19.442157676348547,34.20099667774086,26.821577177044702
2018-07-15,19.30091286307054,31.381312292358803,25.34111257771467
2018-07-16,18.26414937759336,15.797591362126246,17.0308703698598
2018-07-17,18.54863070539419,18.618521594684385,18.583576150039285
2018-07-18,20.061161825726142,21.512873754152825,20.787017789939483
2018-07-19,20.225892116182575,14.532558139534885,17.37922512785873
2018-07-20,19.139336099585062,34.825664451827244,26.98250027570615
2018-07-21,18.989128630705395,30.461461794019932,24.725295212362663
2018-07-22,20.03161825726141,54.52408637873754,37.277852317999475
2018-07-23,20.1744398340249,34.62441860465117,27.39942921933803
2018-07-24,20.971120331950207,50.97450166112957,35.97281099653989
2018-07-25,21.676265560165977,38.40415282392026,30.040209192043122
2018-07-26,19.46979253112033,42.6641196013289,31.066956066224613
2018-07-27,20.029958506224066,43.878073089701,31.954015797962533
2018-07-28,20.31800829875519,41.95415282392026,31.136080561337725
2018-07-29,18.301991701244816,48.6234219269103,33.462706814077556
2018-07-30,20.50564315352697,33.9103734439834,27.20800829875519
2018-07-31,20.007634854771783,34.777990033222586,27.392812443997187
2018-08-01,21.77319502074689,31.939784053156146,26.856489536951518
2018-08-02,20.78688796680498,33.066777408637876,26.92683268772143
2018-08-03,19.199419087136928,33.17159468438538,26.185506885761157
2018-08-04,19.093360995850624,18.567192691029902,18.830276843440263
2018-08-05,21.438672199170124,29.781229235880396,25.60995071752526
2018-08-06,22.01427385892116,21.87624584717608,21.94525985304862
2018-08-07,21.535352697095433,29.36171096345515,25.448531830275293
2018-08-08,20.57112033195021,21.33762458471761,20.954372458333907
2018-08-09,21.05726141078838,30.382392026578074,25.71982671868323
2018-08-10,21.98356846473029,23.06918604651163,22.526377255620957
2018-08-11,22.97394190871369,33.590033222591366,28.28198756565253
2018-08-12,21.11394190871369,27.015863787375412,24.064902848044554
2018-08-13,20.67817427385892,26.567441860465117,23.62280806716202
2018-08-14,19.766390041493775,15.238538205980067,17.50246412373692
2018-08-15,20.410041493775932,36.478488372093025,28.44426493293448
2018-08-16,20.691452282157677,29.184136212624583,24.937794247391132
2018-08-17,22.27369294605809,26.885132890365448,24.57941291821177
2018-08-18,20.78124481327801,30.1,25.440622406639008
2018-08-19,20.3151867219917,16.64892026578073,18.482053493886216
2018-08-20,20.075933609958508,40.31287375415282,30.194403682055665
2018-08-21,22.129211618257262,16.175,19.15210580912863
2018-08-22,18.62298755186722,34.191029900332225,26.407008726099722
2018-08-23,19.11020746887967,33.042109634551494,26.07615855171558
2018-08-24,20.387302904564315,34.4077242524917,27.397513578528006
2018-08-25,20.274522821576763,40.855897009966775,30.565209915771767
2018-08-26,21.10514522821577,24.71286307053942,22.909004149377594
2018-08-27,18.239751037344398,29.610631229235885,23.92519113329014
2018-08-28,19.86829875518672,27.575083056478405,23.721690905832563
2018-08-29,19.73759336099585,29.395930232558136,24.566761796776994
2018-08-30,19.758672199170125,21.17018272425249,20.46442746171131
2018-08-31,20.566473029045643,38.1999169435216,29.38319498628362
2018-09-01,19.82290456431535,38.39817275747509,29.11053866089522
2018-09-02,21.23369294605809,28.299750830564786,24.766721888311437
2018-09-03,20.892116182572614,24.714784053156144,22.80345011786438
2018-09-04,22.988547717842323,20.17624584717608,21.5823967825092
2018-09-05,22.380248962655603,19.690282392026578,21.03526567734109
2018-09-06,22.141908713692946,21.502740863787373,21.82232478874016
2018-09-07,21.8250622406639,27.557475083056477,24.69126866186019
2018-09-08,17.274771784232364,18.161461794019935,17.71811678912615
2018-09-09,20.6149377593361,38.4735049833887,29.5442213713624
2018-09-10,21.26630705394191,30.314617940199337,25.790462497070624
2018-09-12,20.69842323651452,24.32441860465116,22.511420920582843
2018-09-13,20.157012448132782,17.801661129568107,18.979336788850446
2018-09-14,18.234439834024897,26.51794019933555,22.376190016680223
2018-09-15,20.441659751037346,28.947591362126246,24.694625556581798
2018-09-16,21.588298755186724,31.95311203319502,26.77070539419087
2018-09-17,22.796265560165974,39.8343023255814,31.315283942873684
2018-09-18,23.29170124481328,28.60390365448505,25.947802449649163
2018-09-19,22.982489626556017,33.85390365448505,28.418196640520534
2018-09-20,22.49850622406639,35.80705980066445,29.15278301236542
2018-09-21,22.134273858921162,30.599833887043193,26.367053872982176
2018-09-22,21.81112033195021,18.930647840531563,20.370884086240885
2018-09-23,22.866058091286305,33.87093023255814,28.36849416192222
2018-09-24,22.293278008298756,23.423671096345515,22.858474552322136
2018-09-25,23.808049792531122,32.83156146179402,28.31980562716257
2018-09-26,21.48116182572614,29.475581395348836,25.478371610537486
2018-09-27,21.76979253112033,27.375249169435218,24.572520850277776
2018-09-28,22.83377593360996,28.526162790697676,25.67996936215382
2018-09-29,22.770622406639003,22.6624584717608,22.716540439199903
2018-09-30,23.212946058091283,6.100996677740864,14.656971367916073
2018-10-01,23.209045643153527,22.727906976744187,22.968476309948855
2018-10-02,22.770041493775935,35.77558139534884,29.272811444562386
2018-10-03,21.304647302904563,40.0999169435216,30.70228212321308
2018-10-04,23.31460580912863,25.02940199335548,24.172003901242057
2018-10-05,23.68190871369295,34.50398671096346,29.092947712328204
2018-10-06,23.457095435684646,37.94576411960133,30.701429777642986
2018-10-07,22.30240663900415,33.126661129568106,27.714533884286126
2018-10-08,22.610622406639003,21.784385382059803,22.197503894349403
2018-10-09,23.084647302904564,31.223338870431895,27.15399308666823
2018-10-10,23.886390041493776,14.055398671096347,18.970894356295062
2018-10-11,22.531867219917014,30.762707641196016,26.647287430556517
2018-10-12,22.8151867219917,32.84800664451827,27.831596683254986
2018-10-13,23.316265560165974,32.8093023255814,28.062783942873686
2018-10-14,25.33369294605809,35.24925249169435,30.29147271887622
2018-10-15,24.574439834024897,32.251661129568106,28.413050481796503
2018-10-16,24.630041493775934,36.465033222591366,30.54753735818365
2018-10-17,22.76390041493776,30.76121262458472,26.76255651976124
2018-10-18,23.64182572614108,12.634634551495017,18.13823013881805
2018-10-19,25.00771784232365,25.36470099667774,25.186209419500695
2018-10-20,23.266141078838174,27.958887043189367,25.61251406101377
2018-10-21,21.761244813278008,29.216860465116277,25.48905263919714
2018-10-22,21.26473029045643,37.55041528239203,29.407572786424232
2018-10-23,21.65933609958506,38.56436877076412,30.11185243517459
2018-10-24,22.9450622406639,21.23737541528239,22.091218827973144
2018-10-25,24.077759336099586,19.217607973421927,21.647683654760755
2018-10-26,24.146721991701245,7.9696013289036545,16.05816166030245
2018-10-27,23.823734439834023,25.653820598006646,24.738777518920337
2018-10-28,23.240082987551865,29.39202657807309,26.31605478281248
2018-10-29,22.71875518672199,30.973089700996677,26.845922443859333
2018-10-30,22.835933609958506,29.951495016611293,26.3937143132849
2018-10-31,22.188215767634855,30.1578073089701,26.173011538302475
2018-11-01,24.008547717842323,24.066694352159466,24.037621035000896
2018-11-02,24.055186721991703,21.89858803986711,22.976887380929405
2018-11-03,23.09460580912863,25.96237541528239,24.52849061220551
2018-11-04,23.074356846473027,30.80739202657807,26.940874436525547
2018-11-05,23.115684647302906,31.107890365448505,27.111787506375705
2018-11-06,23.435933609958507,27.30714285714286,25.371538233550684
2018-11-07,23.880912863070538,24.02641196013289,23.953662411601712
2018-11-08,21.777759336099585,30.300000000000004,26.038879668049795
2018-11-09,24.44639004149378,28.830730897009964,26.63856046925187
2018-11-10,23.723817427385892,22.262458471760798,22.993137949573345
2018-11-11,23.325477178423238,31.42890365448505,27.377190416454145
2018-11-12,23.411867219917013,29.769767441860466,26.59081733088874
2018-11-13,23.29900414937759,35.269102990033225,29.284053569705407
2018-11-14,24.254439834024897,38.19086378737542,31.222651810700157
2018-11-15,23.528132780082988,27.190863787375413,25.359498283729202
2018-11-16,24.575601659751037,23.627574750830565,24.101588205290803
2018-11-17,23.87103734439834,37.39883720930232,30.63493727685033
2018-11-18,23.530041493775933,30.9,27.215020746887966
2018-11-19,23.147302904564317,38.99177740863787,31.069540156601093
2018-11-20,22.81676348547718,30.4,26.608381742738587
2018-11-21,23.64414937759336,33.89709302325581,28.770621200424586
2018-11-22,24.04514522821577,30.72142857142857,27.38328689982217
2018-11-23,22.824896265560167,29.892441860465116,26.35866906301264
2018-11-24,23.297178423236513,30.975913621262457,27.136546022249483
2018-11-25,23.786307053941908,29.405897009966775,26.59610203195434
2018-11-26,23.48572614107884,29.928986710963454,26.707356426021146
2018-11-27,22.052033195020748,30.998588039867112,26.525310617443928
2018-11-28,21.35228215767635,31.294601328903653,26.32344174329
2018-11-29,22.316099585062243,29.46362126245847,25.889860423760357
2018-11-30,22.296016597510373,27.657724252491697,24.976870425001035
2018-12-01,23.487385892116183,36.26536544850498,29.87637567031058
2018-12-02,24.055684647302904,33.33488372093023,28.695284184116566
2018-12-03,24.390290456431536,27.86503322259136,26.127661839511447
2018-12-04,23.308547717842323,24.95191029900332,24.130229008422823
2018-12-05,23.253278008298757,35.20448504983389,29.228881529066324
2018-12-06,23.270539419087136,26.404817275747508,24.837678347417324
2018-12-07,21.919999999999998,41.70224066390041,31.811120331950207
2018-12-08,22.016929460580915,25.52284053156146,23.769884996071188
2018-12-09,19.93244813278008,30.376661129568106,25.154554631174094
2018-12-10,21.655103734439834,29.532973421926908,25.594038578183373
2018-12-12,23.73576763485477,34.04900332225914,28.892385478556953
2018-12-13,21.557178423236515,34.71586378737542,28.136521105305967
2018-12-14,21.35103734439834,32.81636212624584,27.083699735322092
2018-12-15,21.859834024896266,36.79784053156146,29.328837278228864
2018-12-16,22.13402489626556,29.052076411960137,25.59305065411285
2018-12-17,22.968796680497928,26.662126245847176,24.815461463172554
2018-12-18,21.1898755186722,35.22823920265781,28.209057360665007
2018-12-19,21.587634854771782,39.2686877076412,30.428161281206492
2018-12-20,22.29875518672199,35.35415282392026,28.826454005321125
2018-12-21,22.933029045643153,33.9014950166113,28.417262031127226
2018-12-22,22.770041493775935,38.824999999999996,30.797520746887965
2018-12-23,23.450954356846474,29.83563122923588,26.643292793041176
2018-12-24,23.557842323651453,32.0,27.77892116182573
2018-12-25,23.66414937759336,29.2297342192691,26.446941798431233
2018-12-26,23.645145228215767,23.128986710963453,23.38706596958961
2018-12-27,22.4951867219917,22.184136212624587,22.339661467308144
2018-12-28,22.744398340248964,24.20323920265781,23.473818771453388
2018-12-29,23.07502074688797,26.81760797342193,24.94631436015495
2018-12-30,23.32680497925311,25.06918604651163,24.197995512882372
2018-12-31,24.218672199170125,31.9,28.05933609958506
2019-01-01,24.326970954356845,34.525311203319504,29.426141078838175
2019-01-02,23.751120331950208,35.406058091286305,29.578589211618258
2019-01-03,23.585062240663902,37.602074688796684,30.593568464730293
2019-01-04,23.13377593360996,36.13087136929461,29.632323651452285
2019-01-05,23.923651452282158,37.09452282157677,30.509087136929463
2019-01-06,23.997676348547717,32.715435684647304,28.35655601659751
2019-01-07,23.378091286307054,36.41908713692946,29.89858921161826
2019-01-08,22.56423236514523,39.44788381742738,31.006058091286306
2019-01-09,23.07966804979253,38.83062240663901,30.95514522821577
2019-01-10,21.23908713692946,37.61344398340249,29.426265560165973
2019-01-11,24.006390041493777,37.51352697095436,30.759958506224066
2019-01-12,22.750373443983403,32.57775933609959,27.664066390041498
2019-01-13,23.414688796680498,35.02398340248963,29.219336099585064
2019-01-14,22.471535269709545,33.30348547717842,27.88751037344398
2019-01-15,25.106390041493775,34.28323651452282,29.694813278008297
2019-01-16,25.636846473029046,38.735269709543566,32.186058091286306
2019-01-17,24.314107883817428,40.029792531120336,32.17195020746888
2019-01-18,24.42058091286307,33.97784232365145,29.19921161825726
2019-01-19,24.66240663900415,34.02713692946058,29.344771784232364
2019-01-20,24.23842323651452,33.25502074688797,28.746721991701246
2019-01-21,24.504730290456433,33.20141078838174,28.853070539419086
2019-01-22,23.894190871369293,30.307717842323655,27.100954356846472
2019-01-23,22.86033195020747,33.84829875518672,28.354315352697093
2019-01-24,23.00680497925311,31.799834024896267,27.403319502074687
2019-01-25,23.413941908713692,31.623485477178427,27.518713692946058
2019-01-26,24.007385892116183,31.94771784232365,27.977551867219915
2019-01-27,24.86323651452282,25.301493775933608,25.082365145228216
2019-01-28,23.79170124481328,16.910954356846474,20.35132780082988
2019-01-29,22.367883817427384,22.140746887966806,22.254315352697095
2019-01-30,22.88896265560166,33.627634854771784,28.258298755186722
2019-01-31,24.371784232365144,28.98921161825726,26.6804979253112
2019-02-01,25.176763485477178,37.27593360995851,31.22634854771784
2019-02-02,25.02082987551867,13.597510373443983,19.309170124481327
2019-02-03,25.077095435684647,47.72423236514523,36.40066390041494
2019-02-04,24.67941908713693,45.20929460580913,34.94435684647303
2019-02-05,24.968464730290457,31.762904564315356,28.365684647302906
2019-02-06,24.135684647302906,16.28331950207469,20.2095020746888
2019-02-07,24.358340248962655,33.76315352697095,29.060746887966804
2019-02-08,24.603153526970953,33.47352697095435,29.038340248962655
2019-02-09,22.986307053941907,32.26199170124481,27.62414937759336
2019-02-10,23.62414937759336,27.891535269709546,25.757842323651452
2019-02-11,23.619253112033196,34.87734439834025,29.248298755186724
2019-02-12,24.194605809128632,29.40414937759336,26.799377593360994
2019-02-13,24.576348547717842,35.86439834024896,30.2203734439834
2019-02-14,25.35585062240664,31.8,28.57792531120332
2019-02-15,25.679585062240665,33.9,29.789792531120334
2019-02-16,24.487800829875518,28.4101244813278,26.448962655601658
2019-02-17,25.278423236514524,23.054439834024894,24.16643153526971
2019-02-18,23.581742738589213,29.302323651452284,26.44203319502075
2019-02-19,23.418340248962654,33.1746887966805,28.296514522821575
2019-02-20,24.1696265560166,35.73427385892116,29.951950207468883
2019-02-21,24.287053941908717,37.70082987551867,30.993941908713694
2019-02-22,23.84713692946058,35.89560165975104,29.871369294605806
2019-02-23,25.195186721991703,36.06896265560166,30.63207468879668
2019-02-24,26.028796680497926,26.30647302904564,26.167634854771784
2019-02-25,24.417593360995852,40.01253112033195,32.2150622406639
2019-02-26,25.06539419087137,33.5951867219917,29.330290456431534
2019-02-27,23.592033195020747,31.929958506224065,27.760995850622407
2019-02-28,23.199917012448132,34.41029045643154,28.805103734439836
2019-03-01,23.52149377593361,33.71784232365145,28.61966804979253
2019-03-02,23.478672199170123,47.359170124481324,35.41892116182572
2019-03-03,23.5149377593361,39.73161825726141,31.623278008298755
2019-03-04,23.36365145228216,34.24896265560166,28.806307053941907
2019-03-05,24.104066390041496,7.759585062240664,15.93182572614108
2019-03-06,22.923070539419086,48.36,35.64153526970954
2019-03-07,24.225145228215766,34.834107883817424,29.529626556016595
2019-03-08,23.866141078838176,38.7,31.28307053941909
2019-03-09,23.88871369294606,37.0,30.444356846473028
2019-03-10,22.649958506224067,35.427385892116185,29.038672199170126
2019-03-11,23.517759336099587,33.221825726141084,28.369792531120336
2019-03-13,23.240248962655603,33.60182572614108,28.421037344398343
2019-03-14,25.690041493775933,29.151203319502073,27.420622406639005
2019-03-15,23.248132780082987,2.7442323651452285,12.996182572614108
2019-03-16,23.808215767634856,24.00771784232365,23.907966804979253
2019-03-17,23.495352697095438,25.33609958506224,24.41572614107884
2019-03-18,24.679917012448133,31.031369294605813,27.855643153526973
2019-03-19,23.678672199170123,37.6,30.639336099585062
2019-03-20,25.063319502074688,26.30954356846473,25.68643153526971
2019-03-21,22.910539419087133,28.210373443983404,25.56045643153527
2019-03-22,24.243734439834025,33.612780082987555,28.928257261410792
2019-03-23,23.807053941908713,34.83103734439833,29.319045643153522
2019-03-24,23.483153526970955,37.64248962655602,30.56282157676349
2019-03-25,23.95153526970954,25.986141078838173,24.968838174273856
2019-03-26,23.57161825726141,35.811037344398336,29.691327800829875
2019-03-27,23.432116182572614,37.7,30.56605809128631
2019-03-28,24.440829875518673,38.467883817427385,31.45435684647303
2019-03-29,23.213609958506225,34.64896265560166,28.93128630705394
2019-03-30,24.672033195020745,33.793609958506224,29.232821576763484
2019-03-31,24.15228215767635,29.12340248962656,26.637842323651455
2019-04-01,23.517427385892116,31.172199170124482,27.3448132780083
2019-04-02,23.15427385892116,28.960663900414936,26.05746887966805
2019-04-03,22.831203319502073,30.01070539419087,26.420954356846472
2019-04-04,23.474688796680496,20.74390041493776,22.109294605809126
2019-04-05,23.295020746887968,31.382157676348548,27.338589211618256
2019-04-06,23.61966804979253,12.193858921161826,17.906763485477178
2019-04-07,23.495767634854772,28.2154356846473,25.855601659751038
2019-04-08,24.58780082987552,23.434522821576763,24.01116182572614
2019-04-09,24.72680497925311,23.14265560165975,23.93473029045643
2019-04-10,24.084398340248963,22.96091286307054,23.52265560165975
2019-04-11,23.54896265560166,21.607634854771785,22.578298755186722
2019-04-12,23.974522821576763,32.93842323651452,28.45647302904564
2019-04-13,23.98680497925311,30.663402489626556,27.325103734439836
2019-04-14,23.564647302904564,35.33975103734439,29.45219917012448
2019-04-15,22.679917012448133,25.26082987551867,23.9703734439834
2019-04-16,22.711701244813277,32.841825726141074,27.776763485477176
2019-04-17,22.630041493775934,32.61377593360996,27.621908713692946
2019-04-18,21.20439834024896,-5.47643153526971,7.863983402489625
2019-04-19,23.94663900414938,14.290373443983404,19.11850622406639
2019-04-20,23.674190871369294,33.549875518672195,28.612033195020743
2019-04-21,23.67136929460581,20.64713692946058,22.159253112033195
2019-04-22,22.632033195020746,36.36929460580913,29.50066390041494
2019-04-23,23.116929460580913,35.44091286307054,29.278921161825725
2019-04-24,23.989958506224067,28.339004149377594,26.16448132780083
2019-04-25,23.9804979253112,37.479585062240666,30.730041493775936
2019-04-26,24.82058091286307,38.192282157676345,31.506431535269705
2019-04-27,24.00796680497925,35.6,29.803983402489628
2019-04-28,24.90804979253112,35.413858921161825,30.160954356846474
2019-04-29,24.821327800829877,31.436763485477176,28.129045643153525
2019-04-30,23.378091286307054,30.6,26.989045643153528
2019-05-01,24.444730290456434,29.1,26.772365145228218
2019-05-02,22.252780082987552,33.74282157676348,27.997800829875516
2019-05-03,22.2303734439834,31.003485477178423,26.616929460580913
2019-05-04,22.67253112033195,39.10912863070539,30.89082987551867
2019-05-05,22.514522821576765,33.11294605809128,27.813734439834022
2019-05-06,20.568464730290458,32.80282157676348,26.685643153526968
2019-05-07,22.764813278008297,33.73651452282158,28.25066390041494
2019-05-08,22.14688796680498,35.23560165975104,28.69124481327801
2019-05-09,22.87933609958506,20.814107883817428,21.846721991701244
2019-05-10,22.39734439834025,34.0,28.198672199170126
2019-05-11,21.86390041493776,32.045560165975104,26.954730290456432
2019-05-12,22.87112033195021,35.552365145228215,29.211742738589212
2019-05-13,22.86423236514523,32.08165975103734,27.47294605809129
2019-05-14,23.28655601659751,19.45394190871369,21.3702489626556
2019-05-15,21.913278008298754,22.5301244813278,22.221701244813275
2019-05-16,23.804398340248962,28.3,26.05219917012448
2019-05-17,22.79850622406639,30.1197510373444,26.459128630705393
2019-05-18,21.236348547717842,31.726721991701243,26.481535269709543
2019-05-19,22.280497925311202,30.319917012448133,26.30020746887967
2019-05-20,21.725560165975104,32.20771784232365,26.96663900414938
2019-05-21,24.399502074688797,40.171618257261414,32.285560165975106
2019-05-22,22.751784232365146,27.800248962655605,25.276016597510377
2019-05-23,21.299253112033195,26.269377593360996,23.784315352697096
2019-05-24,21.540331950207467,35.12780082987552,28.334066390041492
2019-05-25,21.373029045643154,23.527966804979254,22.450497925311204
2019-05-26,21.59526970954357,29.598506224066394,25.59688796680498
2019-05-27,20.99460580912863,26.28273858921162,23.638672199170124
2019-05-28,21.4850622406639,39.884979253112036,30.685020746887968
2019-05-29,23.05643153526971,40.69302904564315,31.87473029045643
2019-05-30,19.351784232365144,35.84473029045643,27.598257261410787
2019-05-31,23.72058091286307,33.783070539419086,28.751825726141078
2019-06-01,23.360912863070542,26.327634854771784,24.844273858921163
2019-06-02,20.76879668049793,31.096846473029043,25.932821576763487
2019-06-03,21.493278008298756,29.508547717842326,25.50091286307054
2019-06-04,20.97377593360996,27.110622406639006,24.042199170124483
2019-06-05,21.175352697095434,27.533775933609956,24.354564315352697
2019-06-06,21.38273858921162,30.128879668049795,25.75580912863071
2019-06-07,20.433112033195023,32.80854771784232,26.620829875518673
2019-06-08,20.145726141078836,35.66937759336099,27.907551867219915
2019-06-09,19.078257261410787,34.73244813278008,26.90535269709543
2019-06-10,20.786058091286307,36.290788381742736,28.53842323651452
2019-06-12,20.2949377593361,28.44979253112033,24.372365145228216
2019-06-13,19.386141078838175,33.233443983402495,26.309792531120337
2019-06-14,20.995767634854772,36.833195020746885,28.91448132780083
2019-06-15,21.45136929460581,43.370871369294605,32.41112033195021
2019-06-16,22.459751037344397,45.86406639004149,34.161908713692945
2019-06-17,22.259585062240664,43.060580912863074,32.66008298755187
2019-06-18,19.72265560165975,46.004149377593365,32.86340248962656
2019-06-19,17.90871369294606,49.90190871369295,33.9053112033195
2019-06-20,17.540746887966804,38.66356846473029,28.102157676348547
2019-06-21,21.483402489626556,34.19742738589212,27.840414937759338
2019-06-22,20.057427385892115,36.54199170124481,28.29970954356846
2019-06-23,19.60514522821577,26.13825726141079,22.87170124481328
2019-06-24,20.551535269709543,27.918672199170125,24.235103734439832
2019-06-25,19.189128630705394,25.63609958506224,22.41261410788382
2019-06-26,20.87045643153527,32.526804979253114,26.698630705394194
2019-06-27,20.174356846473028,29.61195020746888,24.893153526970956
2019-06-28,19.11004149377593,36.2040663900415,27.657053941908714
2019-06-29,18.466058091286307,32.198672199170126,25.332365145228216
2019-06-30,18.524232365145227,42.62215767634855,30.573195020746887
2019-07-01,21.023402489626555,54.52365145228216,37.77352697095436
2019-07-02,21.448049792531123,35.751618257261406,28.599834024896264
2019-07-03,22.006224066390043,28.406141078838175,25.20618257261411
2019-07-04,23.9997510373444,27.56331950207469,25.781535269709543
2019-07-05,22.47377593360996,23.74597510373444,23.1098755186722
2019-07-06,23.149045643153524,21.938091286307053,22.54356846473029
2019-07-07,21.42423236514523,25.48863070539419,23.456431535269708
2019-07-08,19.930041493775935,34.32331950207469,27.126680497925314
2019-07-09,18.901659751037343,31.894190871369293,25.397925311203316
2019-07-10,19.396929460580914,37.33684647302905,28.36688796680498
2019-07-11,20.56423236514523,34.12622406639004,27.345228215767634
2019-07-12,19.762987551867223,32.61286307053942,26.187925311203323
2019-07-13,19.12141078838174,38.8248132780083,28.973112033195022
2019-07-14,20.07941908713693,35.36390041493776,27.721659751037343
2019-07-15,20.141410788381744,32.99427385892116,26.567842323651455
2019-07-16,22.250124481327802,26.646804979253112,24.448464730290457
2019-07-17,21.226141078838175,25.534854771784232,23.380497925311204
2019-07-18,19.487053941908716,27.238921161825726,23.36298755186722
2019-07-19,19.218340248962654,23.310207468879668,21.26427385892116
2019-07-20,19.59286307053942,28.6402489626556,24.11655601659751
2019-07-21,19.642074688796683,38.61941908713693,29.130746887966808
2019-07-22,20.99734439834025,29.612780082987552,25.3050622406639
2019-07-23,20.26863070539419,41.33834024896265,30.80348547717842
2019-07-24,19.621991701244813,54.43128630705394,37.026639004149374
2019-07-25,19.351203319502076,30.602655601659748,24.976929460580912
2019-07-26,20.69352697095436,22.828132780082985,21.760829875518674
2019-07-27,20.137261410788383,18.979004149377595,19.55813278008299
2019-07-28,18.48066390041494,31.89336099585062,25.18701244813278
2019-07-29,19.338008298755184,28.55585062240664,23.94692946058091
2019-07-30,17.478008298755185,42.69883817427386,30.088423236514522
2019-07-31,19.164896265560166,38.15203319502074,28.658464730290454
2019-08-01,18.273360995850624,35.157510373443984,26.715435684647304
2019-08-02,20.213526970954355,42.06132780082988,31.137427385892117
2019-08-03,18.911286307053942,32.85784232365145,25.884564315352694
2019-08-04,20.346804979253115,37.82688796680498,29.08684647302905
2019-08-05,21.277427385892114,34.50829875518672,27.89286307053942
2019-08-06,24.218921161825726,36.30854771784232,30.263734439834025
2019-08-07,21.971867219917012,36.478921161825724,29.22539419087137
2019-08-08,21.333858921161823,37.69294605809129,29.513402489626557
2019-08-09,19.760248962655602,49.70697095435685,34.73360995850622
2019-08-10,20.252448132780085,42.37352697095436,31.312987551867224
2019-08-11,20.45485477178423,47.71809128630706,34.08647302904564
2019-08-12,19.363817427385893,45.15278008298755,32.25829875518672
2019-08-13,19.883734439834026,46.03917012448132,32.96145228215767
2019-08-14,19.692448132780083,30.23253112033195,24.962489626556014
2019-08-15,21.344232365145228,38.736763485477184,30.040497925311207
2019-08-16,18.9995020746888,32.19053941908714,25.59502074688797
2019-08-17,19.094439834024897,39.14290456431536,29.118672199170128
2019-08-18,19.217842323651453,36.97203319502075,28.0949377593361
2019-08-19,19.26215767634855,50.67651452282158,34.969336099585064
2019-08-20,20.988464730290456,39.520912863070535,30.254688796680497
2019-08-21,20.067219917012448,58.38356846473029,39.22539419087137
2019-08-22,20.0048132780083,43.19352697095436,31.59917012448133
2019-08-23,22.0151867219917,36.76149377593361,29.388340248962656
2019-08-24,20.294688796680497,37.750622406639,29.02265560165975
2019-08-25,20.780746887966803,37.282489626556014,29.031618257261407
2019-08-26,21.21908713692946,37.39203319502075,29.305560165975105
2019-08-27,20.593941908713692,38.347136929460575,29.47053941908713
2019-08-28,20.176016597510372,33.01062240663901,26.593319502074692
2019-08-29,18.912282157676348,38.630622406639006,28.771452282157675
2019-08-30,18.593609958506224,21.80423236514523,20.198921161825727
2019-08-31,19.650373443983405,45.52082987551867,32.585601659751035
2019-09-01,20.145892116182573,29.15070539419087,24.648298755186723
2019-09-02,20.812614107883817,42.39219917012448,31.602406639004148
2019-09-03,22.248879668049792,34.38713692946058,28.31800829875519
2019-09-04,20.970622406639002,35.154771784232366,28.062697095435684
2019-09-05,22.393609958506225,36.18041493775934,29.28701244813278
2019-09-06,19.808215767634856,40.158008298755185,29.98311203319502
2019-09-07,20.51551867219917,47.68356846473029,34.09954356846473
2019-09-08,19.51933609958506,43.706887966804985,31.613112033195023
2019-09-09,16.79792531120332,48.50771784232365,32.652821576763486
2019-09-11,20.9850622406639,44.31659751037344,32.65082987551867
2019-09-12,20.34448132780083,44.579004149377596,32.46174273858921
2019-09-13,21.374356846473027,36.32365145228216,28.849004149377592
2019-09-14,22.07701244813278,35.13676348547718,28.606887966804983
2019-09-15,20.677759336099587,35.872780082987546,28.275269709543565
2019-09-16,22.041327800829876,32.04896265560166,27.04514522821577
2019-09-17,21.127302904564317,43.35958506224067,32.24344398340249
2019-09-18,21.293609958506224,31.661493775933607,26.477551867219915
2019-09-19,21.29917012448133,71.11759336099585,46.208381742738595
2019-09-20,21.012946058091284,27.268547717842324,24.140746887966806
2019-09-21,21.787634854771785,29.39286307053942,25.5902489626556
2019-09-22,21.186639004149377,32.6443153526971,26.915477178423238
2019-09-23,19.601991701244813,34.980995850622406,27.29149377593361
2019-09-24,22.96804979253112,35.7296265560166,29.348838174273858
2019-09-25,21.320082987551867,34.085228215767636,27.70265560165975
2019-09-26,20.790871369294607,39.94639004149378,30.368630705394192
2019-09-27,20.90207468879668,20.99609958506224,20.94908713692946
2019-09-28,20.816099585062243,41.69834024896266,31.25721991701245
2019-09-29,21.517842323651454,37.4,29.458921161825728
2019-09-30,22.82921161825726,35.03526970954357,28.932240663900416
2019-10-01,21.9853112033195,37.620414937759335,29.802863070539416
2019-10-02,20.532946058091287,47.9711203319502,34.25203319502074
2019-10-03,21.629626556016596,51.184066390041494,36.40684647302905
2019-10-04,20.536763485477177,48.249709543568464,34.39323651452282
2019-10-05,21.54979253112033,62.06307053941909,41.80643153526971
2019-10-06,20.107883817427386,31.140331950207468,25.624107883817427
2019-10-07,20.915435684647303,35.23502074688797,28.075228215767638
2019-10-08,21.311203319502074,37.488132780082985,29.39966804979253
2019-10-09,22.879004149377593,45.11701244813278,33.99800829875519
2019-10-10,21.522489626556016,33.797510373443984,27.66
2019-10-11,22.681825726141078,38.10066390041494,30.39124481327801
2019-10-12,21.616846473029046,43.995352697095434,32.80609958506224
2019-10-13,22.193195020746888,34.391037344398335,28.292116182572613
2019-10-14,21.936929460580913,48.03817427385892,34.98755186721992
2019-10-15,21.489626556016596,49.082240663900414,35.285933609958505
2019-10-16,22.655269709543568,43.3101244813278,32.98269709543568
2019-10-17,21.677676348547717,50.021991701244815,35.84983402489627
2019-10-18,24.081327800829875,51.07900414937759,37.58016597510373
2019-10-19,23.336016597510376,49.07651452282158,36.20626556016598
2019-10-20,22.895103734439832,45.50746887966805,34.20128630705394
2019-10-21,23.67709543568465,59.79883817427386,41.73796680497925
2019-10-22,22.084813278008298,69.21360995850623,45.64921161825726
2019-10-23,21.194688796680495,37.40248962655602,29.298589211618257
2019-10-24,21.74589211618257,37.811950207468875,29.77892116182572
2019-10-25,22.70356846473029,27.449128630705392,25.076348547717842
2019-10-26,23.782406639004147,40.60663900414938,32.19452282157676
2019-10-27,23.414771784232364,10.93195020746888,17.173360995850622
2019-10-28,23.31161825726141,39.28132780082988,31.296473029045643
2019-10-29,22.633526970954357,9.061410788381743,15.84746887966805
2019-10-30,21.908381742738587,38.536846473029044,30.222614107883814
2019-10-31,23.225560165975104,40.68622406639004,31.95589211618257
2019-11-01,22.68655601659751,35.90813278008299,29.29734439834025
2019-11-02,24.076348547717842,39.6207468879668,31.848547717842322
2019-11-03,23.499585062240662,40.16846473029046,31.83402489626556
2019-11-04,24.190290456431534,48.11103734439834,36.15066390041494
2019-11-05,23.49427385892116,53.56655601659752,38.53041493775934
2019-11-06,23.406058091286308,43.52639004149378,33.46622406639004
2019-11-07,24.036597510373443,29.60904564315353,26.822821576763488
2019-11-08,22.32896265560166,38.6,30.464481327800833
2019-11-09,23.686141078838173,31.21435684647303,27.4502489626556
2019-11-10,23.769128630705392,40.6,32.184564315352695
2019-11-11,22.696763485477177,36.60863070539419,29.652697095435684
2019-11-12,24.07726141078838,35.696265560165976,29.88676348547718
2019-11-13,23.621327800829874,14.402904564315353,19.012116182572612
2019-11-14,23.874190871369297,15.200248962655602,19.53721991701245
2019-11-15,23.57585062240664,29.769543568464734,26.672697095435687
2019-11-16,22.6250622406639,37.37867219917012,30.00186721991701
2019-11-17,24.05618257261411,38.76680497925311,31.411493775933607
2019-11-18,23.160497925311205,48.98647302904564,36.07348547717842
2019-11-19,23.157676348547717,28.53053941908714,25.84410788381743
2019-11-20,23.102904564315352,32.457261410788384,27.780082987551868
2019-11-21,22.993112033195022,36.91344398340249,29.953278008298753
2019-11-22,23.344730290456432,20.6096265560166,21.977178423236516
2019-11-23,24.357261410788382,40.278672199170124,32.31796680497925
2019-11-24,23.330290456431534,40.158921161825724,31.74460580912863
2019-11-25,21.064564315352698,32.01344398340249,26.539004149377593
2019-11-26,21.914273858921163,22.028879668049793,21.97157676348548
2019-11-27,21.994190871369295,19.213278008298754,20.603734439834025
2019-11-28,19.229211618257263,31.12356846473029,25.176390041493775
2019-11-29,23.496846473029045,28.918672199170125,26.207759336099585
2019-11-30,22.25850622406639,35.58307053941908,28.92078838174274
2019-12-01,23.448962655601658,41.3,32.37448132780083
2019-12-02,22.65643153526971,37.486721991701245,30.071576763485478
2019-12-03,21.958672199170124,37.712697095435686,29.835684647302905
2019-12-04,23.07551867219917,27.212448132780082,25.143983402489624
2019-12-05,22.777759336099585,29.868547717842322,26.323153526970955
2019-12-06,21.922240663900414,36.11709543568465,29.01966804979253
2019-12-07,22.001161825726143,32.331867219917015,27.16651452282158
2019-12-08,22.393278008298758,36.9349377593361,29.66410788381743
2019-12-09,20.72058091286307,33.481410788381744,27.100995850622407
2019-12-11,25.085145228215765,32.730124481327806,28.907634854771786
2019-12-12,24.364896265560166,32.25485477178423,28.3098755186722
2019-12-13,24.3303734439834,30.762655601659752,27.546514522821575
2019-12-14,25.321991701244812,31.47618257261411,28.39908713692946
2019-12-15,23.45394190871369,33.4653112033195,28.459626556016595
2019-12-16,20.713278008298754,30.108215767634857,25.410746887966805
2019-12-17,23.051037344398342,32.031203319502076,27.54112033195021
2019-12-18,23.444149377593362,32.51211618257261,27.978132780082987
2019-12-19,23.885560165975104,34.423485477178424,29.154522821576762
2019-12-20,24.21668049792531,33.231867219917014,28.724273858921162
2019-12-21,25.599834024896264,37.76547717842324,31.682655601659754
2019-12-22,27.616929460580913,33.094688796680494,30.355809128630703
2019-12-23,26.043734439834026,35.3944398340249,30.719087136929463
2019-12-24,25.9855601659751,30.43701244813278,28.21128630705394
2019-12-25,23.93485477178423,33.39045643153527,28.66265560165975
2019-12-26,24.712448132780082,30.148215767634852,27.430331950207467
2019-12-27,23.376265560165976,33.4951867219917,28.43572614107884
2019-12-28,23.412116182572614,31.517178423236512,27.464647302904563
2019-12-29,24.010207468879667,31.433775933609954,27.72199170124481
2019-12-30,22.896597510373443,31.87966804979253,27.388132780082987
2019-12-31,23.269211618257263,32.4749377593361,27.87207468879668
2020-01-01,23.495518672199168,36.506058091286306,30.000788381742737
2020-01-02,22.74713692946058,32.352531120331946,27.549834024896263
2020-01-03,22.709792531120332,32.00207468879668,27.355933609958505
2020-01-04,22.807634854771784,29.149377593360995,25.97850622406639
2020-01-05,20.6896265560166,30.080497925311203,25.3850622406639
2020-01-06,21.39286307053942,30.22705394190871,25.809958506224064
2020-01-07,18.006224066390043,33.32116182572614,25.66369294605809
2020-01-08,23.74174273858921,34.86082987551867,29.30128630705394
2020-01-09,24.12539419087137,36.15452282157676,30.139958506224065
2020-01-10,23.341659751037344,33.721410788381746,28.531535269709543
2020-01-11,21.744564315352697,34.553195020746884,28.14887966804979
2020-01-12,23.777759336099585,33.243983402489626,28.510871369294605
2020-01-13,22.901327800829876,35.92896265560166,29.415145228215767
2020-01-14,24.008298755186722,34.33369294605809,29.170995850622408
2020-01-15,22.884315352697094,34.04647302904564,28.46539419087137
2020-01-16,23.491701244813278,33.56688796680498,28.529294605809127
2020-01-17,23.512116182572612,33.251618257261406,28.38186721991701
2020-01-18,26.01817427385892,32.30796680497925,29.16307053941909
2020-01-19,23.085892116182574,32.97228215767635,28.029087136929462
2020-01-20,23.55261410788382,30.12912863070539,26.840871369294604
2020-01-21,23.136929460580912,34.08340248962656,28.610165975103733
2020-01-22,22.625560165975102,30.825643153526972,26.725601659751035
2020-01-23,21.716846473029044,29.73452282157676,25.725684647302902
2020-01-24,22.65344398340249,27.91145228215768,25.282448132780083
2020-01-25,23.554522821576764,28.920165975103735,26.237344398340248
2020-01-26,26.462738589211618,17.888464730290455,22.175601659751038
2020-01-27,22.492116182572612,30.420248962655602,26.456182572614107
2020-01-28,23.860746887966805,29.749128630705393,26.8049377593361
2020-01-29,23.881327800829876,31.236929460580914,27.559128630705395
2020-01-30,23.942489626556018,31.550539419087137,27.746514522821577
2020-01-31,24.922240663900414,32.277676348547715,28.599958506224063
2020-02-01,24.78066390041494,33.700497925311204,29.240580912863074
2020-02-02,24.13278008298755,33.911452282157676,29.022116182572613
2020-02-03,23.764398340248963,33.356016597510376,28.560207468879668
2020-02-04,24.200082987551866,34.695684647302905,29.447883817427385
2020-02-05,23.96141078838174,32.353029045643154,28.157219917012448
2020-02-06,23.9,31.27377593360996,27.58688796680498
2020-02-07,21.361576763485477,35.38473029045643,28.373153526970952
2020-02-08,23.412116182572614,29.94630705394191,26.679211618257263
2020-02-09,21.417842323651453,33.887800829875516,27.652821576763486
2020-02-10,22.313278008298756,31.7749377593361,27.04410788381743
2020-02-11,24.36804979253112,31.782572614107885,28.0753112033195
2020-02-12,24.80954356846473,33.643983402489624,29.22676348547718
2020-02-13,24.08033195020747,30.635850622406636,27.35809128630705
2020-02-14,23.772365145228218,30.414771784232368,27.093568464730293
2020-02-15,22.835020746887967,31.10780082987552,26.971410788381743
2020-02-16,23.936514522821575,31.485145228215767,27.71082987551867
2020-02-17,23.735186721991703,31.6146887966805,27.674937759336103
2020-02-18,24.324066390041494,30.78854771784232,27.556307053941907
2020-02-19,23.25726141078838,31.22224066390042,27.239751037344398
2020-02-20,23.559585062240664,29.381991701244814,26.47078838174274
2020-02-21,23.647883817427388,32.00273858921162,27.8253112033195
2020-02-22,24.98240663900415,32.68838174273859,28.83539419087137
2020-02-23,24.228713692946055,32.982738589211614,28.605726141078833
2020-02-24,24.31078838174274,31.851535269709544,28.08116182572614
2020-02-25,24.139834024896267,32.53609958506224,28.337966804979253
2020-02-26,23.502240663900416,31.24356846473029,27.372904564315355
2020-02-27,24.126639004149375,34.34323651452282,29.2349377593361
2020-02-28,25.13377593360996,33.26157676348547,29.197676348547716
2020-02-29,23.624647302904563,29.967219917012446,26.795933609958503
2020-03-01,22.97676348547718,30.377095435684648,26.676929460580915
2020-03-02,23.43551867219917,31.729460580912864,27.58248962655602
2020-03-03,18.204730290456432,30.44323651452282,24.323983402489624
2020-03-04,23.608215767634857,34.10340248962655,28.855809128630703
2020-03-05,24.18871369294606,34.43684647302905,29.312780082987555
2020-03-06,24.53161825726141,31.351618257261407,27.94161825726141
2020-03-07,24.98174273858921,31.820248962655604,28.400995850622408
2020-03-08,22.991535269709544,30.96663900414938,26.97908713692946
2020-03-09,23.30157676348548,30.254273858921163,26.77792531120332
2020-03-11,23.857178423236515,30.978091286307052,27.417634854771784
2020-03-12,23.37792531120332,30.266058091286308,26.821991701244812
2020-03-13,24.37460580912863,30.5354356846473,27.455020746887968
2020-03-14,24.34091286307054,28.82331950207469,26.582116182572612
2020-03-15,25.604066390041496,30.79966804979253,28.201867219917013
2020-03-16,24.284979253112034,30.395269709543566,27.3401244813278
2020-03-17,22.62265560165975,32.1,27.361327800829876
2020-03-18,24.767717842323652,31.924232365145226,28.34597510373444
2020-03-19,24.284398340248963,32.559170124481334,28.421784232365148
2020-03-20,22.73850622406639,31.667468879668053,27.202987551867224
2020-03-21,17.52896265560166,31.744398340248964,24.636680497925312
2020-03-22,18.41244813278008,31.07535269709544,24.743900414937762
2020-03-23,18.63991701244813,32.36199170124481,25.50095435684647
2020-03-24,15.43219917012448,29.865062240663903,22.64863070539419
2020-03-25,24.023983402489627,30.278423236514524,27.151203319502073
2020-03-26,14.949792531120332,29.76738589211618,22.358589211618256
2020-03-27,21.92863070539419,28.66182572614108,25.295228215767636
2020-03-28,17.65817427385892,29.670290456431534,23.664232365145224
2020-03-29,23.54,29.501825726141078,26.52091286307054
2020-03-30,21.93875518672199,31.344896265560166,26.64182572614108
2020-03-31,23.40589211618257,31.255103734439835,27.330497925311203
2020-04-01,22.830622406639005,30.789958506224067,26.810290456431538
2020-04-02,23.57701244813278,31.400995850622405,27.489004149377593
2020-04-03,23.419170124481326,30.56116182572614,26.990165975103732
2020-04-04,23.54149377593361,31.814522821576762,27.678008298755188
2020-04-05,24.47219917012448,33.7190041493776,29.09560165975104
2020-04-06,22.74863070539419,33.14871369294606,27.948672199170126
2020-04-07,23.39020746887967,31.399751037344394,27.394979253112034
2020-04-08,16.13244813278008,32.224647302904565,24.17854771784232
2020-04-09,19.392448132780086,31.648547717842323,25.520497925311204
2020-04-10,17.50149377593361,31.148713692946057,24.325103734439836
2020-04-11,22.176348547717843,31.843153526970955,27.0097510373444
2020-04-12,22.522572614107883,31.91377593360996,27.21817427385892
2020-04-13,23.41336099585062,30.73867219917012,27.07601659751037
2020-04-14,18.403319502074687,32.78041493775934,25.591867219917013
2020-04-15,13.236597510373445,30.627883817427385,21.932240663900416
2020-04-16,31.95535269709543,31.767966804979256,31.861659751037344
2020-04-17,12.798589211618257,30.434688796680494,21.616639004149377
2020-04-18,20.163402489626556,30.672199170124482,25.417800829875517
2020-04-19,23.622738589211618,29.921410788381746,26.772074688796682
2020-04-20,23.064315352697097,30.03908713692946,26.55170124481328
2020-04-21,20.43991701244813,30.73336099585062,25.586639004149376
2020-04-22,22.331867219917015,29.048298755186725,25.690082987551868
2020-04-23,23.57933609958506,29.814854771784233,26.697095435684645
2020-04-24,18.054771784232365,29.6402489626556,23.84751037344398
2020-04-25,21.95253112033195,30.500746887966805,26.226639004149376
2020-04-26,22.212033195020748,29.51319502074689,25.862614107883818
2020-04-27,22.532614107883816,30.314356846473032,26.423485477178424
2020-04-28,22.590373443983403,29.828381742738586,26.209377593360994
2020-04-29,20.618174273858923,30.50174273858921,25.559958506224067
2020-04-30,21.866141078838176,30.070373443983407,25.96825726141079
2020-05-01,21.96954356846473,31.1551867219917,26.562365145228213
2020-05-02,22.893941908713693,31.02224066390042,26.958091286307056
2020-05-03,22.50066390041494,31.320414937759335,26.910539419087137
2020-05-04,22.97103734439834,31.807717842323655,27.389377593360997
2020-05-05,21.66215767634855,31.136763485477182,26.399460580912866
2020-05-06,21.83278008298755,31.464979253112034,26.648879668049794
2020-05-07,18.783402489626557,30.907302904564318,24.845352697095436
2020-05-08,20.879917012448132,27.982074688796683,24.43099585062241
2020-05-09,12.035186721991701,30.068215767634854,21.051701244813277
2020-05-10,19.00572614107884,31.955103734439835,25.480414937759335
2020-05-11,17.811950207468882,31.182406639004153,24.49717842323652
2020-05-12,20.65825726141079,28.665726141078835,24.661991701244812
2020-05-13,19.92755186721992,29.211369294605806,24.56946058091286
2020-05-14,22.925560165975103,31.009709543568462,26.96763485477178
2020-05-15,19.99634854771784,30.64688796680498,25.32161825726141
2020-05-16,18.825643153526972,32.93153526970954,25.878589211618255
2020-05-17,22.40298755186722,31.20730290456432,26.80514522821577
2020-05-18,21.01759336099585,30.169377593360995,25.593485477178422
2020-05-19,21.822489626556017,29.569211618257263,25.69585062240664
2020-05-20,20.02896265560166,28.747717842323652,24.388340248962656
2020-05-21,20.97585062240664,28.984066390041495,24.979958506224065
2020-05-22,20.62182572614108,29.406556016597513,25.014190871369294
2020-05-23,21.402406639004152,28.437925311203315,24.920165975103735
2020-05-24,19.93792531120332,32.313941908713694,26.12593360995851
2020-05-25,21.27435684647303,30.861659751037347,26.06800829875519
2020-05-26,19.657510373443984,28.05452282157676,23.856016597510372
2020-05-27,16.999834024896266,30.275601659751036,23.637717842323653
2020-05-28,17.19817427385892,30.37601659751037,23.78709543568465
2020-05-29,18.631286307053944,28.373360995850625,23.502323651452286
2020-05-30,14.75701244813278,27.288298755186723,21.02265560165975
2020-05-31,20.809709543568466,29.89427385892116,25.351991701244813
2020-06-01,17.26879668049793,31.126058091286307,24.19742738589212
2020-06-02,19.521659751037344,30.790539419087136,25.15609958506224
2020-06-03,21.14688796680498,30.370622406639004,25.75875518672199
2020-06-04,21.377510373443986,30.01759336099585,25.697551867219918
2020-06-05,20.657178423236516,29.74473029045643,25.200954356846474
2020-06-06,20.974688796680496,29.560165975103736,25.267427385892116
2020-06-07,19.59219917012448,28.971867219917012,24.282033195020745
2020-06-08,22.152946058091285,29.656265560165977,25.904605809128633
2020-06-10,22.92398340248963,30.41751037344398,26.670746887966807
2020-06-11,22.31726141078838,29.39933609958506,25.85829875518672
2020-06-12,22.938008298755186,29.51286307053942,26.2254356846473
2020-06-13,20.6896265560166,29.01858921161826,24.854107883817427
2020-06-14,21.683734439834026,27.98921161825726,24.836473029045642
2020-06-15,21.345809128630705,28.47676348547718,24.911286307053942
2020-06-16,20.958340248962656,27.90207468879668,24.43020746887967
2020-06-17,10.871535269709543,26.85278008298755,18.862157676348545
2020-06-18,19.905809128630704,27.74058091286307,23.823195020746887
2020-06-19,21.934273858921163,30.556348547717842,26.245311203319503
2020-06-20,22.153029045643155,29.856182572614106,26.00460580912863
2020-06-21,22.294688796680497,29.8701244813278,26.082406639004148
2020-06-22,20.488298755186722,29.305809128630706,24.897053941908716
2020-06-23,19.77908713692946,28.893443983402488,24.336265560165973
2020-06-24,21.291369294605808,25.66647302904564,23.478921161825724
2020-06-25,20.204232365145227,30.135020746887964,25.169626556016595
2020-06-26,21.37286307053942,30.045394190871367,25.709128630705393
2020-06-27,20.785477178423236,30.275435684647306,25.53045643153527
2020-06-28,20.536929460580915,29.680082987551867,25.10850622406639
2020-06-29,18.108215767634857,29.415352697095436,23.761784232365144
2020-06-30,15.727385892116182,29.274273858921163,22.500829875518672
2020-07-01,19.61435684647303,28.52688796680498,24.070622406639004
2020-07-02,21.024232365145227,30.709460580912864,25.866846473029046
2020-07-03,21.763734439834025,28.672946058091288,25.218340248962654
2020-07-04,20.370539419087137,29.10381742738589,24.737178423236514
2020-07-05,21.258672199170125,29.312448132780084,25.285560165975106
2020-07-06,20.877842323651453,29.863153526970954,25.370497925311206
2020-07-07,21.20780082987552,30.609958506224068,25.908879668049792
2020-07-08,20.77709543568465,27.89933609958506,24.338215767634857
2020-07-09,18.906224066390042,28.24,23.57311203319502
2020-07-10,21.248215767634854,30.159087136929458,25.703651452282156
2020-07-11,20.452365145228214,30.80381742738589,25.628091286307054
2020-07-12,18.213858921161826,29.961908713692946,24.087883817427386
2020-07-13,19.633278008298753,29.487634854771784,24.56045643153527
2020-07-14,19.908464730290458,27.38348547717842,23.64597510373444
2020-07-15,20.496265560165973,30.932033195020747,25.71414937759336
2020-07-16,22.508464730290456,26.114522821576763,24.31149377593361
2020-07-17,19.519253112033194,24.936514522821575,22.227883817427383
2020-07-18,18.423651452282158,27.69344398340249,23.058547717842323
2020-07-19,12.391286307053942,28.652365145228213,20.521825726141078
2020-07-20,15.598838174273858,28.152199170124483,21.87551867219917
2020-07-21,15.037344398340249,28.295435684647302,21.666390041493777
2020-07-22,15.64356846473029,27.647883817427385,21.64572614107884
2020-07-23,14.748713692946058,28.15817427385892,21.453443983402487
2020-07-24,14.518257261410788,28.695103734439833,21.60668049792531
2020-07-25,11.70630705394191,28.92307053941909,20.3146887966805
2020-07-26,16.240912863070537,28.76390041493776,22.50240663900415
2020-07-27,20.28033195020747,28.679585062240665,24.479958506224065
2020-07-28,19.40273858921162,29.8154356846473,24.60908713692946
2020-07-29,21.352697095435683,29.358008298755188,25.355352697095434
2020-07-30,20.283402489626557,29.852946058091288,25.068174273858922
2020-07-31,20.16232365145228,29.43286307053942,24.797593360995847
2020-08-01,18.947053941908713,26.66954356846473,22.80829875518672
2020-08-02,19.70564315352697,27.811203319502074,23.758423236514524
2020-08-03,17.368215767634855,27.006390041493777,22.187302904564316
2020-08-04,17.286224066390044,27.51311203319502,22.39966804979253
2020-08-05,17.973858921161824,27.791037344398337,22.88244813278008
2020-08-06,18.832863070539418,26.9450622406639,22.88896265560166
2020-08-07,13.490290456431534,26.799253112033195,20.144771784232365
2020-08-08,13.476680497925312,27.556182572614105,20.51643153526971
2020-08-09,15.613775933609958,27.375601659751037,21.4946887966805
2020-08-10,18.562821576763486,26.92323651452282,22.743029045643155
2020-08-11,19.16232365145228,28.652365145228213,23.907344398340246
2020-08-12,18.31668049792531,27.94597510373444,23.131327800829876
2020-08-13,17.773360995850624,31.286141078838178,24.5297510373444
2020-08-14,16.89253112033195,32.36804979253112,24.63029045643153
2020-08-15,18.156763485477178,29.943402489626557,24.050082987551868
2020-08-16,21.219502074688798,31.122738589211618,26.171120331950206
2020-08-17,20.42423236514523,31.52290456431535,25.973568464730292
2020-08-18,21.61966804979253,33.16937759336099,27.39452282157676
2020-08-19,19.440995850622407,32.773941908713695,26.10746887966805
2020-08-20,22.29219917012448,29.32331950207469,25.807759336099586
2020-08-21,22.157095435684646,31.26746887966805,26.71228215767635
2020-08-22,17.994688796680496,27.50141078838174,22.74804979253112
2020-08-23,18.181078838174276,25.898921161825726,22.04
2020-08-24,16.955435684647302,28.78423236514523,22.869834024896264
2020-08-25,17.915601659751037,26.967136929460583,22.44136929460581
2020-08-26,16.851452282157677,26.482738589211618,21.667095435684647
2020-08-27,18.939834024896264,28.8458091286307,23.89282157676348
2020-08-28,18.81161825726141,27.335269709543567,23.07344398340249
2020-08-29,21.430622406639007,30.181161825726143,25.805892116182577
2020-08-30,19.70804979253112,29.42257261410788,24.565311203319503
2020-08-31,21.445477178423236,30.2901244813278,25.86780082987552
2020-09-01,21.049377593360997,30.498174273858922,25.77377593360996
2020-09-02,21.163236514522822,28.944647302904567,25.053941908713696
2020-09-03,17.801327800829874,27.771452282157675,22.786390041493775
2020-09-04,18.401078838174275,31.297676348547714,24.849377593360995
2020-09-05,20.190539419087134,28.27294605809129,24.23174273858921
2020-09-06,18.565809128630704,30.585062240663902,24.575435684647303
2020-09-07,19.94639004149378,28.0,23.97319502074689
2020-09-09,20.92082987551867,29.714522821576764,25.317676348547717
2020-09-10,19.82630705394191,29.620497925311202,24.723402489626558
2020-09-11,19.012448132780083,29.96,24.486224066390044
2020-09-12,19.236265560165975,32.05800829875519,25.647136929460583
2020-09-13,16.60904564315353,30.615352697095435,23.612199170124484
2020-09-14,18.513029045643155,29.253526970954358,23.883278008298756
2020-09-15,19.84655601659751,29.55692946058091,24.70174273858921
2020-09-16,17.013278008298755,29.777842323651456,23.395560165975105
2020-09-17,19.161078838174273,29.57692946058091,24.36900414937759
2020-09-18,19.642074688796683,31.203485477178422,25.42278008298755
2020-09-19,20.646141078838173,33.9308713692946,27.28850622406639
2020-09-20,21.6404979253112,33.46207468879668,27.551286307053942
2020-09-21,22.384896265560165,34.96863070539419,28.676763485477178
2020-09-22,21.726473029045643,28.481908713692945,25.104190871369294
2020-09-23,21.802489626556017,34.388796680497926,28.09564315352697
2020-09-24,21.273029045643153,28.889294605809127,25.08116182572614
2020-09-25,18.88995850622407,30.18871369294606,24.539336099585064
2020-09-26,20.62066390041494,30.04755186721992,25.33410788381743
2020-09-27,22.410124481327802,33.013775933609956,27.71195020746888
2020-09-28,23.00174273858921,30.356016597510372,26.67887966804979
2020-09-29,22.30796680497925,34.33261410788382,28.320290456431536
2020-09-30,22.513858921161827,32.88572614107884,27.699792531120334
2020-10-01,22.794771784232367,30.457510373443984,26.626141078838174
2020-10-02,22.159917012448133,33.824564315352696,27.992240663900414
2020-10-03,22.62414937759336,29.70589211618257,26.165020746887965
2020-10-04,22.535020746887966,31.721576763485476,27.12829875518672
2020-10-05,22.77344398340249,31.162821576763484,26.96813278008299
2020-10-06,21.751618257261413,32.10149377593361,26.926556016597512
2020-10-07,23.153526970954356,31.89842323651452,27.52597510373444
2020-10-08,22.699502074688798,31.49460580912863,27.09705394190871
2020-10-09,24.786473029045645,34.49958506224066,29.643029045643154
2020-10-10,23.38273858921162,33.20149377593361,28.292116182572617
2020-10-11,24.521659751037344,37.352033195020745,30.936846473029043
2020-10-12,23.41908713692946,30.212614107883816,26.815850622406636
2020-10-13,22.448796680497924,32.94390041493776,27.69634854771784
2020-10-14,22.18273858921162,32.33145228215768,27.257095435684647
2020-10-15,22.08248962655602,31.141410788381744,26.61195020746888
2020-10-16,21.2349377593361,32.65070539419087,26.942821576763485
2020-10-17,21.40954356846473,29.91751037344398,25.663526970954358
2020-10-18,21.164979253112033,27.350954356846476,24.257966804979255
2020-10-19,20.321078838174277,27.41668049792531,23.868879668049793
2020-10-20,23.361825726141078,24.68240663900415,24.022116182572613
2020-10-21,22.402489626556015,28.89526970954357,25.648879668049794
2020-10-22,22.99609958506224,27.393858921161826,25.19497925311203
2020-10-23,22.41643153526971,29.038340248962655,25.72738589211618
2020-10-24,23.830539419087135,26.14796680497925,24.989253112033193
2020-10-25,24.602821576763485,29.502987551867218,27.05290456431535
2020-10-26,23.72564315352697,30.11734439834025,26.921493775933612
2020-10-27,23.22273858921162,34.07161825726141,28.647178423236518
2020-10-28,21.85676348547718,31.71668049792531,26.786721991701246
2020-10-29,32.200497925311204,32.71941908713693,32.45995850622407
2020-10-30,21.456182572614107,32.89095435684647,27.173568464730288
2020-10-31,17.02273858921162,32.09178423236514,24.55726141078838
2020-11-01,20.503153526970955,32.22265560165975,26.362904564315354
2020-11-02,19.600663900414936,29.31128630705394,24.45597510373444
2020-11-03,22.118008298755186,31.096846473029043,26.607427385892116
2020-11-04,23.812780082987555,30.686390041493773,27.249585062240662
2020-11-05,22.67585062240664,32.1660580912863,27.420954356846472
2020-11-06,23.081410788381742,32.15261410788382,27.617012448132783
2020-11-07,23.331452282157677,32.8501244813278,28.09078838174274
2020-11-08,23.512946058091284,33.65585062240664,28.58439834024896
2020-11-09,24.103070539419086,31.78804979253112,27.945560165975103
2020-11-10,22.880497925311204,31.560995850622408,27.220746887966804
2020-11-11,22.21875518672199,31.443319502074687,26.83103734439834
2020-11-12,20.86680497925311,35.46572614107883,28.16626556016597
2020-11-13,23.19717842323651,32.927800829875515,28.062489626556015
2020-11-14,22.956597510373445,31.057427385892115,27.00701244813278
2020-11-15,23.128547717842324,29.821659751037345,26.475103734439834
2020-11-16,23.488547717842323,31.286721991701246,27.387634854771782
2020-11-17,23.055269709543566,30.866970954356844,26.961120331950205
2020-11-18,23.043319502074688,31.539004149377593,27.291161825726142
2020-11-19,22.956514522821575,31.391203319502075,27.173858921161823
2020-11-20,23.293195020746886,30.794688796680497,27.04394190871369
2020-11-21,22.9050622406639,30.40365145228216,26.65435684647303
2020-11-22,21.9850622406639,30.971784232365145,26.478423236514523
2020-11-23,22.6448132780083,29.021410788381747,25.83311203319502
2020-11-24,22.609128630705396,29.122738589211618,25.865933609958507
2020-11-25,21.727966804979253,28.76547717842324,25.246721991701246
2020-11-26,22.54,29.37460580912863,25.957302904564315
2020-11-27,22.814107883817428,28.44082987551867,25.62746887966805
2020-11-28,22.703485477178425,29.65153526970954,26.177510373443983
2020-11-29,22.37253112033195,28.952863070539415,25.662697095435682
2020-11-30,21.103070539419086,28.36265560165975,24.732863070539416
2020-12-01,23.421244813278008,31.168547717842323,27.294896265560165
2020-12-02,23.43369294605809,30.730456431535266,27.08207468879668
2020-12-03,24.50058091286307,30.33161825726141,27.41609958506224
2020-12-04,24.60116182572614,33.396514522821576,28.998838174273857
2020-12-05,23.90921161825726,35.61211618257261,29.760663900414936
2020-12-06,22.653941908713694,28.29045643153527,25.472199170124483
2020-12-07,23.026390041493777,32.946804979253116,27.986597510373446
2020-12-09,22.192614107883816,25.171535269709544,23.682074688796682
2020-12-10,22.470871369294606,29.24373443983402,25.857302904564314
2020-12-11,22.467053941908713,28.615435684647302,25.541244813278006
2020-12-12,23.55576763485477,29.63136929460581,26.59356846473029
2020-12-13,23.21112033195021,32.44439834024896,27.827759336099582
2020-12-14,22.325228215767638,33.97435684647303,28.149792531120333
2020-12-15,21.73460580912863,35.3151867219917,28.524896265560166
2020-12-16,23.027302904564316,37.772863070539415,30.400082987551865
2020-12-17,22.588547717842324,32.08257261410788,27.335560165975103
2020-12-18,23.92497925311203,37.5144398340249,30.719709543568463
2020-12-19,23.503153526970955,31.468132780082986,27.485643153526972
2020-12-20,24.312199170124483,32.0445643153527,28.178381742738594
2020-12-21,23.60572614107884,32.73701244813278,28.17136929460581
2020-12-22,23.281742738589212,31.09917012448133,27.19045643153527
2020-12-23,23.3296265560166,31.934771784232368,27.632199170124483
2020-12-24,22.422406639004148,28.75502074688797,25.588713692946058
2020-12-25,22.397510373443982,30.129626556016596,26.26356846473029
2020-12-26,21.48572614107884,28.535518672199174,25.01062240663901
2020-12-27,23.55726141078838,29.118340248962653,26.33780082987552
2020-12-28,21.956763485477175,29.256680497925313,25.606721991701242
2020-12-29,21.91253112033195,29.21435684647303,25.56344398340249
2020-12-30,20.755435684647303,29.635352697095435,25.19539419087137
