pixel_id,latitude,longitude,seasonal_heat_days,annual_heat_days,heat_days_difference,seasonal_threshold_mean,annual_percentile,annual_max_temp
0_0,-13.021080043312464,-38.69493086344839,8.0,11.0,-3.0,34.56262295081972,34.6,37.6
0_1,-13.021080043312464,-38.685947710607195,8.0,11.0,-3.0,34.56262295081972,34.6,37.6
0_2,-13.021080043312464,-38.676964557766,8.0,11.0,-3.0,34.5486065573771,34.5,37.6
0_3,-13.021080043312464,-38.6679814049248,8.0,11.0,-3.0,34.58617486338804,34.6,37.6
0_4,-13.021080043312464,-38.658998252083606,8.0,11.0,-3.0,34.652841530054715,34.7,37.6
0_5,-13.021080043312464,-38.65001509924242,8.0,11.0,-3.0,34.67327868852466,34.7,37.6
0_6,-13.021080043312464,-38.64103194640122,0.0,0.0,0.0,31.9,31.9,
0_7,-13.021080043312464,-38.632048793560024,0.0,0.0,0.0,31.9,31.9,
0_8,-13.021080043312464,-38.62306564071883,0.0,0.0,0.0,31.9,31.9,
0_9,-13.021080043312464,-38.61408248787763,0.0,0.0,0.0,31.9,31.9,
0_10,-13.021080043312464,-38.605099335036435,0.0,0.0,0.0,31.9,31.9,
0_11,-13.021080043312464,-38.596116182195246,0.0,0.0,0.0,31.9,31.9,
0_12,-13.021080043312464,-38.58713302935405,0.0,0.0,0.0,31.9,31.9,
0_13,-13.021080043312464,-38.57814987651285,0.0,0.0,0.0,31.9,31.9,
0_14,-13.021080043312464,-38.56916672367166,0.0,0.0,0.0,31.9,31.9,
0_15,-13.021080043312464,-38.56018357083046,0.0,0.0,0.0,31.9,31.9,
0_16,-13.021080043312464,-38.551200417989264,0.0,0.0,0.0,31.9,31.9,
0_17,-13.021080043312464,-38.542217265148075,0.0,0.0,0.0,31.9,31.9,
0_18,-13.021080043312464,-38.53323411230688,0.0,0.0,0.0,31.9,31.9,
0_19,-13.021080043312464,-38.52425095946568,0.0,0.0,0.0,31.9,31.9,
0_20,-13.021080043312464,-38.515267806624486,0.0,0.0,0.0,31.9,31.9,
0_21,-13.021080043312464,-38.50628465378329,0.0,0.0,0.0,31.9,31.9,
0_22,-13.021080043312464,-38.49730150094209,0.0,0.0,0.0,31.9,31.9,
0_23,-13.021080043312464,-38.4883183481009,0.0,0.0,0.0,31.9,31.9,
0_24,-13.021080043312464,-38.47933519525971,0.0,0.0,0.0,31.9,31.9,
0_25,-13.021080043312464,-38.47035204241851,0.0,0.0,0.0,31.9,31.9,
0_26,-13.021080043312464,-38.461368889577315,0.0,0.0,0.0,31.9,31.9,
0_27,-13.021080043312464,-38.45238573673612,0.0,0.0,0.0,31.9,31.9,
0_28,-13.021080043312464,-38.44340258389492,0.0,0.0,0.0,31.9,31.9,
0_29,-13.021080043312464,-38.434419431053726,0.0,0.0,0.0,31.9,31.9,
0_30,-13.021080043312464,-38.42543627821254,0.0,0.0,0.0,31.9,31.9,
0_31,-13.021080043312464,-38.41645312537134,0.0,0.0,0.0,31.9,31.9,
0_32,-13.021080043312464,-38.407469972530144,0.0,0.0,0.0,31.9,31.9,
0_33,-13.021080043312464,-38.39848681968895,0.0,0.0,0.0,31.9,31.9,
0_34,-13.021080043312464,-38.38950366684775,0.0,0.0,0.0,31.9,31.9,
0_35,-13.021080043312464,-38.380520514006555,0.0,0.0,0.0,31.9,31.9,
0_36,-13.021080043312464,-38.37153736116536,0.0,0.0,0.0,31.9,31.9,
0_37,-13.021080043312464,-38.36255420832417,0.0,0.0,0.0,31.9,31.9,
0_38,-13.021080043312464,-38.35357105548297,0.0,0.0,0.0,31.9,31.9,
0_39,-13.021080043312464,-38.34458790264178,0.0,0.0,0.0,31.9,31.9,
0_40,-13.021080043312464,-38.33560474980058,0.0,0.0,0.0,31.9,31.9,
0_41,-13.021080043312464,-38.326621596959384,0.0,0.0,0.0,31.9,31.9,
0_42,-13.021080043312464,-38.31763844411819,0.0,0.0,0.0,31.9,31.9,
0_43,-13.021080043312464,-38.308655291277,0.0,0.0,0.0,31.9,31.9,
1_0,-13.01209689047127,-38.69493086344839,8.0,11.0,-3.0,34.55363387978144,34.5,37.5
1_1,-13.01209689047127,-38.685947710607195,7.0,10.0,-3.0,34.54934426229514,34.5,37.6
1_2,-13.01209689047127,-38.676964557766,8.0,11.0,-3.0,34.55128415300553,34.5,37.6
1_3,-13.01209689047127,-38.6679814049248,8.0,11.0,-3.0,34.59035519125689,34.6,37.6
1_4,-13.01209689047127,-38.658998252083606,8.0,11.0,-3.0,34.646256830601125,34.6,37.6
1_5,-13.01209689047127,-38.65001509924242,8.0,11.0,-3.0,34.67792349726781,34.7,37.6
1_6,-13.01209689047127,-38.64103194640122,0.0,0.0,0.0,31.9,31.9,
1_7,-13.01209689047127,-38.632048793560024,0.0,0.0,0.0,31.9,31.9,
1_8,-13.01209689047127,-38.62306564071883,0.0,0.0,0.0,31.9,31.9,
1_9,-13.01209689047127,-38.61408248787763,0.0,0.0,0.0,31.9,31.9,
1_10,-13.01209689047127,-38.605099335036435,0.0,0.0,0.0,31.9,31.9,
1_11,-13.01209689047127,-38.596116182195246,0.0,0.0,0.0,31.9,31.9,
1_12,-13.01209689047127,-38.58713302935405,0.0,0.0,0.0,31.9,31.9,
1_13,-13.01209689047127,-38.57814987651285,0.0,0.0,0.0,31.9,31.9,
1_14,-13.01209689047127,-38.56916672367166,0.0,0.0,0.0,31.9,31.9,
1_15,-13.01209689047127,-38.56018357083046,0.0,0.0,0.0,31.9,31.9,
1_16,-13.01209689047127,-38.551200417989264,0.0,0.0,0.0,31.9,31.9,
1_17,-13.01209689047127,-38.542217265148075,0.0,0.0,0.0,31.9,31.9,
1_18,-13.01209689047127,-38.53323411230688,0.0,0.0,0.0,31.9,31.9,
1_19,-13.01209689047127,-38.52425095946568,0.0,0.0,0.0,31.9,31.9,
1_20,-13.01209689047127,-38.515267806624486,0.0,0.0,0.0,31.9,31.9,
1_21,-13.01209689047127,-38.50628465378329,0.0,0.0,0.0,31.9,31.9,
1_22,-13.01209689047127,-38.49730150094209,0.0,0.0,0.0,31.9,31.9,
1_23,-13.01209689047127,-38.4883183481009,8.0,11.0,-3.0,34.891666666666644,34.9,37.8
1_24,-13.01209689047127,-38.47933519525971,8.0,12.0,-4.0,34.8782513661202,34.9,37.8
1_25,-13.01209689047127,-38.47035204241851,0.0,0.0,0.0,31.9,31.9,
1_26,-13.01209689047127,-38.461368889577315,0.0,0.0,0.0,31.9,31.9,
1_27,-13.01209689047127,-38.45238573673612,0.0,0.0,0.0,31.9,31.9,
1_28,-13.01209689047127,-38.44340258389492,0.0,0.0,0.0,31.9,31.9,
1_29,-13.01209689047127,-38.434419431053726,0.0,0.0,0.0,31.9,31.9,
1_30,-13.01209689047127,-38.42543627821254,0.0,0.0,0.0,31.9,31.9,
1_31,-13.01209689047127,-38.41645312537134,0.0,0.0,0.0,31.9,31.9,
1_32,-13.01209689047127,-38.407469972530144,0.0,0.0,0.0,31.9,31.9,
1_33,-13.01209689047127,-38.39848681968895,0.0,0.0,0.0,31.9,31.9,
1_34,-13.01209689047127,-38.38950366684775,0.0,0.0,0.0,31.9,31.9,
1_35,-13.01209689047127,-38.380520514006555,0.0,0.0,0.0,31.9,31.9,
1_36,-13.01209689047127,-38.37153736116536,0.0,0.0,0.0,31.9,31.9,
1_37,-13.01209689047127,-38.36255420832417,0.0,0.0,0.0,31.9,31.9,
1_38,-13.01209689047127,-38.35357105548297,0.0,0.0,0.0,31.9,31.9,
1_39,-13.01209689047127,-38.34458790264178,0.0,0.0,0.0,31.9,31.9,
1_40,-13.01209689047127,-38.33560474980058,0.0,0.0,0.0,31.9,31.9,
1_41,-13.01209689047127,-38.326621596959384,0.0,0.0,0.0,31.9,31.9,
1_42,-13.01209689047127,-38.31763844411819,0.0,0.0,0.0,31.9,31.9,
1_43,-13.01209689047127,-38.308655291277,0.0,0.0,0.0,31.9,31.9,
2_0,-13.003113737630073,-38.69493086344839,7.0,10.0,-3.0,34.56620218579237,34.5,37.5
2_1,-13.003113737630073,-38.685947710607195,7.0,10.0,-3.0,34.54316939890716,34.5,37.6
2_2,-13.003113737630073,-38.676964557766,8.0,11.0,-3.0,34.5420765027323,34.5,37.6
2_3,-13.003113737630073,-38.6679814049248,8.0,11.0,-3.0,34.58174863387983,34.6,37.6
2_4,-13.003113737630073,-38.658998252083606,8.0,11.0,-3.0,34.62426229508197,34.6,37.6
2_5,-13.003113737630073,-38.65001509924242,8.0,11.0,-3.0,34.68557377049182,34.7,37.6
2_6,-13.003113737630073,-38.64103194640122,8.0,11.0,-3.0,34.807486338797816,34.8,37.6
2_7,-13.003113737630073,-38.632048793560024,0.0,0.0,0.0,31.9,31.9,
2_8,-13.003113737630073,-38.62306564071883,0.0,0.0,0.0,31.9,31.9,
2_9,-13.003113737630073,-38.61408248787763,0.0,0.0,0.0,31.9,31.9,
2_10,-13.003113737630073,-38.605099335036435,0.0,0.0,0.0,31.9,31.9,
2_11,-13.003113737630073,-38.596116182195246,0.0,0.0,0.0,31.9,31.9,
2_12,-13.003113737630073,-38.58713302935405,0.0,0.0,0.0,31.9,31.9,
2_13,-13.003113737630073,-38.57814987651285,0.0,0.0,0.0,31.9,31.9,
2_14,-13.003113737630073,-38.56916672367166,0.0,0.0,0.0,31.9,31.9,
2_15,-13.003113737630073,-38.56018357083046,0.0,0.0,0.0,31.9,31.9,
2_16,-13.003113737630073,-38.551200417989264,0.0,0.0,0.0,31.9,31.9,
2_17,-13.003113737630073,-38.542217265148075,0.0,0.0,0.0,31.9,31.9,
2_18,-13.003113737630073,-38.53323411230688,0.0,0.0,0.0,31.9,31.9,
2_19,-13.003113737630073,-38.52425095946568,4.0,3.0,1.0,37.324043715847004,37.2,37.7
2_20,-13.003113737630073,-38.515267806624486,4.0,3.0,1.0,37.37680327868851,37.3,37.7
2_21,-13.003113737630073,-38.50628465378329,8.0,12.0,-4.0,34.84770491803276,34.9,37.8
2_22,-13.003113737630073,-38.49730150094209,8.0,12.0,-4.0,34.85830601092892,34.9,37.8
2_23,-13.003113737630073,-38.4883183481009,8.0,11.0,-3.0,34.86412568306012,34.9,37.8
2_24,-13.003113737630073,-38.47933519525971,8.0,11.0,-3.0,34.84161202185798,34.8,37.8
2_25,-13.003113737630073,-38.47035204241851,8.0,11.0,-3.0,34.836830601092856,34.8,37.8
2_26,-13.003113737630073,-38.461368889577315,8.0,11.0,-3.0,34.87336065573769,34.8,37.8
2_27,-13.003113737630073,-38.45238573673612,8.0,11.0,-3.0,34.87336065573769,34.8,37.8
2_28,-13.003113737630073,-38.44340258389492,0.0,0.0,0.0,31.9,31.9,
2_29,-13.003113737630073,-38.434419431053726,0.0,0.0,0.0,31.9,31.9,
2_30,-13.003113737630073,-38.42543627821254,0.0,0.0,0.0,31.9,31.9,
2_31,-13.003113737630073,-38.41645312537134,0.0,0.0,0.0,31.9,31.9,
2_32,-13.003113737630073,-38.407469972530144,0.0,0.0,0.0,31.9,31.9,
2_33,-13.003113737630073,-38.39848681968895,0.0,0.0,0.0,31.9,31.9,
2_34,-13.003113737630073,-38.38950366684775,0.0,0.0,0.0,31.9,31.9,
2_35,-13.003113737630073,-38.380520514006555,0.0,0.0,0.0,31.9,31.9,
2_36,-13.003113737630073,-38.37153736116536,0.0,0.0,0.0,31.9,31.9,
2_37,-13.003113737630073,-38.36255420832417,0.0,0.0,0.0,31.9,31.9,
2_38,-13.003113737630073,-38.35357105548297,0.0,0.0,0.0,31.9,31.9,
2_39,-13.003113737630073,-38.34458790264178,0.0,0.0,0.0,31.9,31.9,
2_40,-13.003113737630073,-38.33560474980058,0.0,0.0,0.0,32.0,32.0,
2_41,-13.003113737630073,-38.326621596959384,0.0,0.0,0.0,32.0,32.0,
2_42,-13.003113737630073,-38.31763844411819,0.0,0.0,0.0,32.0,32.0,
2_43,-13.003113737630073,-38.308655291277,0.0,0.0,0.0,32.0,32.0,
3_0,-12.994130584788879,-38.69493086344839,7.0,9.0,-2.0,34.572814207650275,34.6,37.6
3_1,-12.994130584788879,-38.685947710607195,7.0,9.0,-2.0,34.5482240437159,34.6,37.6
3_2,-12.994130584788879,-38.676964557766,7.0,9.0,-2.0,34.55937158469953,34.6,37.6
3_3,-12.994130584788879,-38.6679814049248,8.0,11.0,-3.0,34.580136612021874,34.6,37.6
3_4,-12.994130584788879,-38.658998252083606,8.0,11.0,-3.0,34.60595628415301,34.6,37.6
3_5,-12.994130584788879,-38.65001509924242,8.0,11.0,-3.0,34.61868852459014,34.6,37.6
3_6,-12.994130584788879,-38.64103194640122,8.0,11.0,-3.0,34.654016393442646,34.7,37.6
3_7,-12.994130584788879,-38.632048793560024,0.0,0.0,0.0,31.9,31.9,
3_8,-12.994130584788879,-38.62306564071883,0.0,0.0,0.0,31.9,31.9,
3_9,-12.994130584788879,-38.61408248787763,0.0,0.0,0.0,31.9,31.9,
3_10,-12.994130584788879,-38.605099335036435,0.0,0.0,0.0,31.9,31.9,
3_11,-12.994130584788879,-38.596116182195246,0.0,0.0,0.0,31.9,31.9,
3_12,-12.994130584788879,-38.58713302935405,0.0,0.0,0.0,31.9,31.9,
3_13,-12.994130584788879,-38.57814987651285,0.0,0.0,0.0,31.9,31.9,
3_14,-12.994130584788879,-38.56916672367166,0.0,0.0,0.0,31.9,31.9,
3_15,-12.994130584788879,-38.56018357083046,0.0,0.0,0.0,31.9,31.9,
3_16,-12.994130584788879,-38.551200417989264,0.0,0.0,0.0,31.9,31.9,
3_17,-12.994130584788879,-38.542217265148075,0.0,0.0,0.0,31.9,31.9,
3_18,-12.994130584788879,-38.53323411230688,0.0,0.0,0.0,31.9,31.9,
3_19,-12.994130584788879,-38.52425095946568,4.0,3.0,1.0,37.31030054644804,37.2,37.7
3_20,-12.994130584788879,-38.515267806624486,4.0,3.0,1.0,37.36054644808746,37.3,37.7
3_21,-12.994130584788879,-38.50628465378329,8.0,12.0,-4.0,34.86918032786882,34.8,37.8
3_22,-12.994130584788879,-38.49730150094209,8.0,12.0,-4.0,34.88592896174864,34.9,37.8
3_23,-12.994130584788879,-38.4883183481009,8.0,11.0,-3.0,34.874890710382495,34.9,37.8
3_24,-12.994130584788879,-38.47933519525971,8.0,11.0,-3.0,34.87814207650272,34.9,37.8
3_25,-12.994130584788879,-38.47035204241851,8.0,11.0,-3.0,34.87814207650272,34.9,37.8
3_26,-12.994130584788879,-38.461368889577315,8.0,11.0,-3.0,34.88204918032785,34.9,37.8
3_27,-12.994130584788879,-38.45238573673612,8.0,11.0,-3.0,34.8936338797814,34.9,37.8
3_28,-12.994130584788879,-38.44340258389492,8.0,11.0,-3.0,34.86057377049182,34.9,37.8
3_29,-12.994130584788879,-38.434419431053726,0.0,0.0,0.0,31.9,31.9,
3_30,-12.994130584788879,-38.42543627821254,0.0,0.0,0.0,31.9,31.9,
3_31,-12.994130584788879,-38.41645312537134,0.0,0.0,0.0,31.9,31.9,
3_32,-12.994130584788879,-38.407469972530144,0.0,0.0,0.0,31.9,31.9,
3_33,-12.994130584788879,-38.39848681968895,0.0,0.0,0.0,31.9,31.9,
3_34,-12.994130584788879,-38.38950366684775,0.0,0.0,0.0,31.9,31.9,
3_35,-12.994130584788879,-38.380520514006555,0.0,0.0,0.0,31.9,31.9,
3_36,-12.994130584788879,-38.37153736116536,0.0,0.0,0.0,31.9,31.9,
3_37,-12.994130584788879,-38.36255420832417,0.0,0.0,0.0,31.9,31.9,
3_38,-12.994130584788879,-38.35357105548297,0.0,0.0,0.0,31.9,31.9,
3_39,-12.994130584788879,-38.34458790264178,0.0,0.0,0.0,31.9,31.9,
3_40,-12.994130584788879,-38.33560474980058,0.0,0.0,0.0,32.0,32.0,
3_41,-12.994130584788879,-38.326621596959384,0.0,0.0,0.0,32.10000000000001,32.1,
3_42,-12.994130584788879,-38.31763844411819,0.0,0.0,0.0,32.300000000000004,32.3,
3_43,-12.994130584788879,-38.308655291277,0.0,0.0,0.0,32.5,32.5,
4_0,-12.985147431947684,-38.69493086344839,8.0,11.0,-3.0,34.5774316939891,34.6,37.6
4_1,-12.985147431947684,-38.685947710607195,8.0,10.0,-2.0,34.56866120218581,34.6,37.6
4_2,-12.985147431947684,-38.676964557766,8.0,10.0,-2.0,34.56319672131153,34.5,37.6
4_3,-12.985147431947684,-38.6679814049248,8.0,11.0,-3.0,34.5541803278689,34.6,37.6
4_4,-12.985147431947684,-38.658998252083606,8.0,11.0,-3.0,34.57554644808746,34.6,37.6
4_5,-12.985147431947684,-38.65001509924242,8.0,10.0,-2.0,34.54767759562845,34.5,37.6
4_6,-12.985147431947684,-38.64103194640122,8.0,11.0,-3.0,34.622267759562874,34.6,37.6
4_7,-12.985147431947684,-38.632048793560024,8.0,11.0,-3.0,34.622267759562874,34.6,37.6
4_8,-12.985147431947684,-38.62306564071883,8.0,11.0,-3.0,34.60986338797817,34.6,37.6
4_9,-12.985147431947684,-38.61408248787763,0.0,0.0,0.0,31.9,31.9,
4_10,-12.985147431947684,-38.605099335036435,0.0,0.0,0.0,31.9,31.9,
4_11,-12.985147431947684,-38.596116182195246,0.0,0.0,0.0,31.9,31.9,
4_12,-12.985147431947684,-38.58713302935405,0.0,0.0,0.0,31.9,31.9,
4_13,-12.985147431947684,-38.57814987651285,0.0,0.0,0.0,31.9,31.9,
4_14,-12.985147431947684,-38.56916672367166,0.0,0.0,0.0,31.9,31.9,
4_15,-12.985147431947684,-38.56018357083046,0.0,0.0,0.0,31.9,31.9,
4_16,-12.985147431947684,-38.551200417989264,0.0,0.0,0.0,31.9,31.9,
4_17,-12.985147431947684,-38.542217265148075,0.0,0.0,0.0,31.9,31.9,
4_18,-12.985147431947684,-38.53323411230688,0.0,0.0,0.0,31.9,31.9,
4_19,-12.985147431947684,-38.52425095946568,0.0,0.0,0.0,31.800000000000008,31.8,
4_20,-12.985147431947684,-38.515267806624486,4.0,3.0,1.0,37.3328961748634,37.3,37.7
4_21,-12.985147431947684,-38.50628465378329,4.0,3.0,1.0,37.36346994535521,37.3,37.8
4_22,-12.985147431947684,-38.49730150094209,8.0,12.0,-4.0,34.874071038251365,34.9,37.8
4_23,-12.985147431947684,-38.4883183481009,8.0,12.0,-4.0,34.90571038251365,34.9,37.8
4_24,-12.985147431947684,-38.47933519525971,8.0,11.0,-3.0,34.90997267759562,34.9,37.8
4_25,-12.985147431947684,-38.47035204241851,8.0,11.0,-3.0,34.94363387978141,35.0,37.8
4_26,-12.985147431947684,-38.461368889577315,8.0,11.0,-3.0,34.941147540983586,35.0,37.8
4_27,-12.985147431947684,-38.45238573673612,8.0,11.0,-3.0,34.91628415300542,34.9,37.8
4_28,-12.985147431947684,-38.44340258389492,8.0,11.0,-3.0,34.871530054644836,34.9,37.8
4_29,-12.985147431947684,-38.434419431053726,8.0,11.0,-3.0,34.86647540983607,34.9,37.8
4_30,-12.985147431947684,-38.42543627821254,0.0,0.0,0.0,31.9,31.9,
4_31,-12.985147431947684,-38.41645312537134,0.0,0.0,0.0,31.9,31.9,
4_32,-12.985147431947684,-38.407469972530144,0.0,0.0,0.0,31.9,31.9,
4_33,-12.985147431947684,-38.39848681968895,0.0,0.0,0.0,31.9,31.9,
4_34,-12.985147431947684,-38.38950366684775,0.0,0.0,0.0,31.9,31.9,
4_35,-12.985147431947684,-38.380520514006555,0.0,0.0,0.0,31.9,31.9,
4_36,-12.985147431947684,-38.37153736116536,0.0,0.0,0.0,31.9,31.9,
4_37,-12.985147431947684,-38.36255420832417,0.0,0.0,0.0,31.9,31.9,
4_38,-12.985147431947684,-38.35357105548297,0.0,0.0,0.0,31.9,31.9,
4_39,-12.985147431947684,-38.34458790264178,0.0,0.0,0.0,31.9,31.9,
4_40,-12.985147431947684,-38.33560474980058,0.0,0.0,0.0,31.9,31.9,
4_41,-12.985147431947684,-38.326621596959384,0.0,0.0,0.0,32.0,32.0,
4_42,-12.985147431947684,-38.31763844411819,0.0,0.0,0.0,32.199999999999996,32.2,
4_43,-12.985147431947684,-38.308655291277,0.0,0.0,0.0,32.39999999999999,32.4,
5_0,-12.976164279106488,-38.69493086344839,4.0,3.0,1.0,37.117404371584705,37.1,37.6
5_1,-12.976164279106488,-38.685947710607195,4.0,3.0,1.0,37.11863387978141,37.1,37.6
5_2,-12.976164279106488,-38.676964557766,8.0,11.0,-3.0,34.562486338797854,34.5,37.6
5_3,-12.976164279106488,-38.6679814049248,8.0,11.0,-3.0,34.55855191256834,34.5,37.6
5_4,-12.976164279106488,-38.658998252083606,8.0,11.0,-3.0,34.58516393442625,34.6,37.6
5_5,-12.976164279106488,-38.65001509924242,8.0,10.0,-2.0,34.57360655737705,34.5,37.6
5_6,-12.976164279106488,-38.64103194640122,8.0,11.0,-3.0,34.57202185792352,34.5,37.6
5_7,-12.976164279106488,-38.632048793560024,8.0,11.0,-3.0,34.58295081967215,34.6,37.6
5_8,-12.976164279106488,-38.62306564071883,8.0,11.0,-3.0,34.59592896174866,34.6,37.6
5_9,-12.976164279106488,-38.61408248787763,8.0,11.0,-3.0,34.624535519125715,34.6,37.6
5_10,-12.976164279106488,-38.605099335036435,0.0,0.0,0.0,31.9,31.9,
5_11,-12.976164279106488,-38.596116182195246,0.0,0.0,0.0,31.9,31.9,
5_12,-12.976164279106488,-38.58713302935405,0.0,0.0,0.0,31.9,31.9,
5_13,-12.976164279106488,-38.57814987651285,0.0,0.0,0.0,31.9,31.9,
5_14,-12.976164279106488,-38.56916672367166,0.0,0.0,0.0,31.9,31.9,
5_15,-12.976164279106488,-38.56018357083046,0.0,0.0,0.0,31.9,31.9,
5_16,-12.976164279106488,-38.551200417989264,0.0,0.0,0.0,31.9,31.9,
5_17,-12.976164279106488,-38.542217265148075,0.0,0.0,0.0,31.9,31.9,
5_18,-12.976164279106488,-38.53323411230688,0.0,0.0,0.0,31.9,31.9,
5_19,-12.976164279106488,-38.52425095946568,0.0,0.0,0.0,31.9,31.9,
5_20,-12.976164279106488,-38.515267806624486,4.0,3.0,1.0,37.32349726775955,37.2,37.7
5_21,-12.976164279106488,-38.50628465378329,4.0,3.0,1.0,37.32349726775955,37.2,37.7
5_22,-12.976164279106488,-38.49730150094209,4.0,3.0,1.0,37.34191256830601,37.3,37.8
5_23,-12.976164279106488,-38.4883183481009,8.0,12.0,-4.0,34.90163934426228,34.9,37.8
5_24,-12.976164279106488,-38.47933519525971,8.0,11.0,-3.0,34.92412568306011,34.9,37.8
5_25,-12.976164279106488,-38.47035204241851,8.0,11.0,-3.0,34.939234972677625,35.0,37.8
5_26,-12.976164279106488,-38.461368889577315,8.0,11.0,-3.0,34.94896174863389,35.0,37.8
5_27,-12.976164279106488,-38.45238573673612,8.0,11.0,-3.0,34.92051912568302,34.9,37.8
5_28,-12.976164279106488,-38.44340258389492,8.0,11.0,-3.0,34.84439890710384,34.8,37.8
5_29,-12.976164279106488,-38.434419431053726,8.0,11.0,-3.0,34.858497267759596,34.9,37.8
5_30,-12.976164279106488,-38.42543627821254,8.0,11.0,-3.0,34.8732786885246,34.9,37.8
5_31,-12.976164279106488,-38.41645312537134,0.0,0.0,0.0,31.9,31.9,
5_32,-12.976164279106488,-38.407469972530144,0.0,0.0,0.0,31.9,31.9,
5_33,-12.976164279106488,-38.39848681968895,0.0,0.0,0.0,31.9,31.9,
5_34,-12.976164279106488,-38.38950366684775,0.0,0.0,0.0,31.9,31.9,
5_35,-12.976164279106488,-38.380520514006555,0.0,0.0,0.0,31.9,31.9,
5_36,-12.976164279106488,-38.37153736116536,0.0,0.0,0.0,31.9,31.9,
5_37,-12.976164279106488,-38.36255420832417,0.0,0.0,0.0,31.9,31.9,
5_38,-12.976164279106488,-38.35357105548297,0.0,0.0,0.0,31.9,31.9,
5_39,-12.976164279106488,-38.34458790264178,0.0,0.0,0.0,31.9,31.9,
5_40,-12.976164279106488,-38.33560474980058,0.0,0.0,0.0,31.9,31.9,
5_41,-12.976164279106488,-38.326621596959384,0.0,0.0,0.0,31.9,31.9,
5_42,-12.976164279106488,-38.31763844411819,0.0,0.0,0.0,32.0,32.0,
5_43,-12.976164279106488,-38.308655291277,0.0,0.0,0.0,31.9,31.9,
6_0,-12.967181126265293,-38.69493086344839,0.0,0.0,0.0,31.9,31.9,
6_1,-12.967181126265293,-38.685947710607195,7.0,10.0,-3.0,34.570109289617534,34.6,37.6
6_2,-12.967181126265293,-38.676964557766,8.0,11.0,-3.0,34.56573770491804,34.6,37.6
6_3,-12.967181126265293,-38.6679814049248,8.0,11.0,-3.0,34.56573770491804,34.6,37.6
6_4,-12.967181126265293,-38.658998252083606,8.0,11.0,-3.0,34.58508196721313,34.6,37.6
6_5,-12.967181126265293,-38.65001509924242,8.0,11.0,-3.0,34.58166666666666,34.6,37.6
6_6,-12.967181126265293,-38.64103194640122,8.0,11.0,-3.0,34.58557377049182,34.6,37.6
6_7,-12.967181126265293,-38.632048793560024,8.0,11.0,-3.0,34.586530054644825,34.6,37.6
6_8,-12.967181126265293,-38.62306564071883,8.0,11.0,-3.0,34.58177595628418,34.6,37.6
6_9,-12.967181126265293,-38.61408248787763,8.0,11.0,-3.0,34.623551912568324,34.6,37.6
6_10,-12.967181126265293,-38.605099335036435,0.0,0.0,0.0,31.9,31.9,
6_11,-12.967181126265293,-38.596116182195246,0.0,0.0,0.0,31.9,31.9,
6_12,-12.967181126265293,-38.58713302935405,0.0,0.0,0.0,31.9,31.9,
6_13,-12.967181126265293,-38.57814987651285,0.0,0.0,0.0,31.9,31.9,
6_14,-12.967181126265293,-38.56916672367166,0.0,0.0,0.0,31.9,31.9,
6_15,-12.967181126265293,-38.56018357083046,0.0,0.0,0.0,31.9,31.9,
6_16,-12.967181126265293,-38.551200417989264,0.0,0.0,0.0,31.9,31.9,
6_17,-12.967181126265293,-38.542217265148075,0.0,0.0,0.0,31.9,31.9,
6_18,-12.967181126265293,-38.53323411230688,0.0,0.0,0.0,31.9,31.9,
6_19,-12.967181126265293,-38.52425095946568,0.0,0.0,0.0,31.9,31.9,
6_20,-12.967181126265293,-38.515267806624486,0.0,0.0,0.0,31.9,31.9,
6_21,-12.967181126265293,-38.50628465378329,0.0,0.0,0.0,31.9,31.9,
6_22,-12.967181126265293,-38.49730150094209,4.0,3.0,1.0,37.34792349726778,37.3,37.8
6_23,-12.967181126265293,-38.4883183481009,4.0,3.0,1.0,37.403060109289605,37.3,37.8
6_24,-12.967181126265293,-38.47933519525971,8.0,11.0,-3.0,34.92401639344263,34.9,37.8
6_25,-12.967181126265293,-38.47035204241851,8.0,11.0,-3.0,34.87983606557377,34.9,37.8
6_26,-12.967181126265293,-38.461368889577315,8.0,11.0,-3.0,34.86237704918034,34.9,37.8
6_27,-12.967181126265293,-38.45238573673612,8.0,11.0,-3.0,34.815683060109265,34.8,37.8
6_28,-12.967181126265293,-38.44340258389492,8.0,11.0,-3.0,34.79901639344264,34.8,37.8
6_29,-12.967181126265293,-38.434419431053726,8.0,11.0,-3.0,34.83554644808744,34.8,37.8
6_30,-12.967181126265293,-38.42543627821254,8.0,11.0,-3.0,34.786885245901665,34.7,37.8
6_31,-12.967181126265293,-38.41645312537134,8.0,11.0,-3.0,34.728715846994554,34.7,37.8
6_32,-12.967181126265293,-38.407469972530144,0.0,0.0,0.0,31.9,31.9,
6_33,-12.967181126265293,-38.39848681968895,0.0,0.0,0.0,31.9,31.9,
6_34,-12.967181126265293,-38.38950366684775,0.0,0.0,0.0,31.9,31.9,
6_35,-12.967181126265293,-38.380520514006555,0.0,0.0,0.0,31.9,31.9,
6_36,-12.967181126265293,-38.37153736116536,0.0,0.0,0.0,31.9,31.9,
6_37,-12.967181126265293,-38.36255420832417,0.0,0.0,0.0,31.9,31.9,
6_38,-12.967181126265293,-38.35357105548297,0.0,0.0,0.0,31.9,31.9,
6_39,-12.967181126265293,-38.34458790264178,0.0,0.0,0.0,31.9,31.9,
6_40,-12.967181126265293,-38.33560474980058,0.0,0.0,0.0,31.9,31.9,
6_41,-12.967181126265293,-38.326621596959384,0.0,0.0,0.0,31.9,31.9,
6_42,-12.967181126265293,-38.31763844411819,0.0,0.0,0.0,31.9,31.9,
6_43,-12.967181126265293,-38.308655291277,0.0,0.0,0.0,31.9,31.9,
7_0,-12.958197973424099,-38.69493086344839,0.0,0.0,0.0,31.9,31.9,
7_1,-12.958197973424099,-38.685947710607195,0.0,0.0,0.0,31.9,31.9,
7_2,-12.958197973424099,-38.676964557766,0.0,0.0,0.0,31.9,31.9,
7_3,-12.958197973424099,-38.6679814049248,8.0,11.0,-3.0,34.575819672131125,34.6,37.6
7_4,-12.958197973424099,-38.658998252083606,8.0,11.0,-3.0,34.58483606557378,34.6,37.6
7_5,-12.958197973424099,-38.65001509924242,8.0,11.0,-3.0,34.58390710382512,34.6,37.6
7_6,-12.958197973424099,-38.64103194640122,8.0,11.0,-3.0,34.60497267759564,34.6,37.6
7_7,-12.958197973424099,-38.632048793560024,8.0,11.0,-3.0,34.60218579234974,34.6,37.6
7_8,-12.958197973424099,-38.62306564071883,8.0,11.0,-3.0,34.56743169398905,34.6,37.6
7_9,-12.958197973424099,-38.61408248787763,8.0,11.0,-3.0,34.61530054644809,34.6,37.6
7_10,-12.958197973424099,-38.605099335036435,0.0,0.0,0.0,31.9,31.9,
7_11,-12.958197973424099,-38.596116182195246,0.0,0.0,0.0,31.9,31.9,
7_12,-12.958197973424099,-38.58713302935405,0.0,0.0,0.0,31.9,31.9,
7_13,-12.958197973424099,-38.57814987651285,0.0,0.0,0.0,31.9,31.9,
7_14,-12.958197973424099,-38.56916672367166,0.0,0.0,0.0,31.9,31.9,
7_15,-12.958197973424099,-38.56018357083046,0.0,0.0,0.0,31.9,31.9,
7_16,-12.958197973424099,-38.551200417989264,0.0,0.0,0.0,31.9,31.9,
7_17,-12.958197973424099,-38.542217265148075,0.0,0.0,0.0,31.9,31.9,
7_18,-12.958197973424099,-38.53323411230688,0.0,0.0,0.0,31.9,31.9,
7_19,-12.958197973424099,-38.52425095946568,0.0,0.0,0.0,31.9,31.9,
7_20,-12.958197973424099,-38.515267806624486,0.0,0.0,0.0,31.9,31.9,
7_21,-12.958197973424099,-38.50628465378329,0.0,0.0,0.0,31.9,31.9,
7_22,-12.958197973424099,-38.49730150094209,4.0,3.0,1.0,37.37338797814208,37.3,37.8
7_23,-12.958197973424099,-38.4883183481009,4.0,3.0,1.0,37.39598360655738,37.3,37.8
7_24,-12.958197973424099,-38.47933519525971,4.0,3.0,1.0,37.42109289617485,37.4,37.8
7_25,-12.958197973424099,-38.47035204241851,8.0,11.0,-3.0,34.87672131147538,34.9,37.8
7_26,-12.958197973424099,-38.461368889577315,8.0,11.0,-3.0,34.834945355191266,34.8,37.8
7_27,-12.958197973424099,-38.45238573673612,8.0,11.0,-3.0,34.8039890710382,34.8,37.8
7_28,-12.958197973424099,-38.44340258389492,8.0,11.0,-3.0,34.81344262295083,34.8,37.8
7_29,-12.958197973424099,-38.434419431053726,8.0,11.0,-3.0,34.793196721311496,34.8,37.8
7_30,-12.958197973424099,-38.42543627821254,8.0,11.0,-3.0,34.721448087431696,34.7,37.8
7_31,-12.958197973424099,-38.41645312537134,8.0,11.0,-3.0,34.68401639344261,34.7,37.8
7_32,-12.958197973424099,-38.407469972530144,8.0,11.0,-3.0,34.70010928961747,34.7,37.8
7_33,-12.958197973424099,-38.39848681968895,4.0,3.0,1.0,37.33357923497267,37.209999999999994,37.8
7_34,-12.958197973424099,-38.38950366684775,0.0,0.0,0.0,31.9,31.9,
7_35,-12.958197973424099,-38.380520514006555,0.0,0.0,0.0,31.9,31.9,
7_36,-12.958197973424099,-38.37153736116536,0.0,0.0,0.0,31.9,31.9,
7_37,-12.958197973424099,-38.36255420832417,0.0,0.0,0.0,31.9,31.9,
7_38,-12.958197973424099,-38.35357105548297,0.0,0.0,0.0,31.9,31.9,
7_39,-12.958197973424099,-38.34458790264178,0.0,0.0,0.0,31.9,31.9,
7_40,-12.958197973424099,-38.33560474980058,0.0,0.0,0.0,31.9,31.9,
7_41,-12.958197973424099,-38.326621596959384,0.0,0.0,0.0,31.9,31.9,
7_42,-12.958197973424099,-38.31763844411819,0.0,0.0,0.0,31.9,31.9,
7_43,-12.958197973424099,-38.308655291277,0.0,0.0,0.0,31.9,31.9,
8_0,-12.949214820582903,-38.69493086344839,0.0,0.0,0.0,31.9,31.9,
8_1,-12.949214820582903,-38.685947710607195,0.0,0.0,0.0,31.9,31.9,
8_2,-12.949214820582903,-38.676964557766,8.0,10.0,-2.0,34.55855191256831,34.5,37.6
8_3,-12.949214820582903,-38.6679814049248,8.0,11.0,-3.0,34.60699453551912,34.6,37.6
8_4,-12.949214820582903,-38.658998252083606,8.0,11.0,-3.0,34.59923497267761,34.6,37.6
8_5,-12.949214820582903,-38.65001509924242,8.0,11.0,-3.0,34.60896174863391,34.6,37.6
8_6,-12.949214820582903,-38.64103194640122,8.0,10.0,-2.0,34.593879781420775,34.6,37.6
8_7,-12.949214820582903,-38.632048793560024,8.0,10.0,-2.0,34.602377049180355,34.6,37.6
8_8,-12.949214820582903,-38.62306564071883,8.0,11.0,-3.0,34.56825136612023,34.5,37.6
8_9,-12.949214820582903,-38.61408248787763,0.0,0.0,0.0,31.9,31.9,
8_10,-12.949214820582903,-38.605099335036435,0.0,0.0,0.0,31.9,31.9,
8_11,-12.949214820582903,-38.596116182195246,0.0,0.0,0.0,31.9,31.9,
8_12,-12.949214820582903,-38.58713302935405,0.0,0.0,0.0,31.9,31.9,
8_13,-12.949214820582903,-38.57814987651285,0.0,0.0,0.0,31.9,31.9,
8_14,-12.949214820582903,-38.56916672367166,0.0,0.0,0.0,31.9,31.9,
8_15,-12.949214820582903,-38.56018357083046,0.0,0.0,0.0,31.9,31.9,
8_16,-12.949214820582903,-38.551200417989264,0.0,0.0,0.0,31.9,31.9,
8_17,-12.949214820582903,-38.542217265148075,0.0,0.0,0.0,31.9,31.9,
8_18,-12.949214820582903,-38.53323411230688,0.0,0.0,0.0,31.9,31.9,
8_19,-12.949214820582903,-38.52425095946568,0.0,0.0,0.0,31.9,31.9,
8_20,-12.949214820582903,-38.515267806624486,0.0,0.0,0.0,31.9,31.9,
8_21,-12.949214820582903,-38.50628465378329,0.0,0.0,0.0,31.9,31.9,
8_22,-12.949214820582903,-38.49730150094209,4.0,3.0,1.0,37.4785792349727,37.4,37.8
8_23,-12.949214820582903,-38.4883183481009,8.0,13.0,-5.0,34.9509016393443,35.0,37.8
8_24,-12.949214820582903,-38.47933519525971,8.0,11.0,-3.0,34.90953551912571,34.9,37.8
8_25,-12.949214820582903,-38.47035204241851,8.0,11.0,-3.0,34.84948087431692,34.9,37.8
8_26,-12.949214820582903,-38.461368889577315,8.0,11.0,-3.0,34.8568032786885,34.9,37.8
8_27,-12.949214820582903,-38.45238573673612,8.0,11.0,-3.0,34.8568032786885,34.9,37.8
8_28,-12.949214820582903,-38.44340258389492,8.0,11.0,-3.0,34.8754644808743,34.9,37.8
8_29,-12.949214820582903,-38.434419431053726,8.0,11.0,-3.0,34.87131147540987,34.9,37.8
8_30,-12.949214820582903,-38.42543627821254,8.0,11.0,-3.0,34.81748633879781,34.8,37.8
8_31,-12.949214820582903,-38.41645312537134,8.0,11.0,-3.0,34.80193989071041,34.8,37.8
8_32,-12.949214820582903,-38.407469972530144,8.0,11.0,-3.0,34.75136612021854,34.8,37.8
8_33,-12.949214820582903,-38.39848681968895,8.0,11.0,-3.0,34.76486338797816,34.8,37.9
8_34,-12.949214820582903,-38.38950366684775,8.0,11.0,-3.0,34.79557377049179,34.8,37.9
8_35,-12.949214820582903,-38.380520514006555,8.0,11.0,-3.0,34.84467213114755,34.8,37.9
8_36,-12.949214820582903,-38.37153736116536,8.0,11.0,-3.0,34.90825136612024,34.9,37.9
8_37,-12.949214820582903,-38.36255420832417,8.0,11.0,-3.0,34.93081967213117,34.9,37.9
8_38,-12.949214820582903,-38.35357105548297,8.0,11.0,-3.0,34.90489071038251,34.9,37.9
8_39,-12.949214820582903,-38.34458790264178,8.0,11.0,-3.0,34.883743169398905,34.9,37.9
8_40,-12.949214820582903,-38.33560474980058,0.0,0.0,0.0,31.9,31.9,
8_41,-12.949214820582903,-38.326621596959384,0.0,0.0,0.0,31.9,31.9,
8_42,-12.949214820582903,-38.31763844411819,0.0,0.0,0.0,31.9,31.9,
8_43,-12.949214820582903,-38.308655291277,0.0,0.0,0.0,31.9,31.9,
9_0,-12.940231667741708,-38.69493086344839,0.0,0.0,0.0,31.9,31.9,
9_1,-12.940231667741708,-38.685947710607195,0.0,0.0,0.0,31.9,31.9,
9_2,-12.940231667741708,-38.676964557766,0.0,0.0,0.0,31.9,31.9,
9_3,-12.940231667741708,-38.6679814049248,8.0,11.0,-3.0,34.61612021857925,34.6,37.6
9_4,-12.940231667741708,-38.658998252083606,8.0,11.0,-3.0,34.60377049180329,34.6,37.6
9_5,-12.940231667741708,-38.65001509924242,8.0,11.0,-3.0,34.59456284153007,34.6,37.6
9_6,-12.940231667741708,-38.64103194640122,8.0,10.0,-2.0,34.595136612021854,34.6,37.6
9_7,-12.940231667741708,-38.632048793560024,8.0,11.0,-3.0,34.60396174863389,34.6,37.6
9_8,-12.940231667741708,-38.62306564071883,8.0,11.0,-3.0,34.59765027322406,34.6,37.6
9_9,-12.940231667741708,-38.61408248787763,8.0,11.0,-3.0,34.59765027322406,34.6,37.6
9_10,-12.940231667741708,-38.605099335036435,0.0,0.0,0.0,31.9,31.9,
9_11,-12.940231667741708,-38.596116182195246,0.0,0.0,0.0,31.9,31.9,
9_12,-12.940231667741708,-38.58713302935405,0.0,0.0,0.0,31.9,31.9,
9_13,-12.940231667741708,-38.57814987651285,0.0,0.0,0.0,31.9,31.9,
9_14,-12.940231667741708,-38.56916672367166,0.0,0.0,0.0,31.9,31.9,
9_15,-12.940231667741708,-38.56018357083046,0.0,0.0,0.0,31.9,31.9,
9_16,-12.940231667741708,-38.551200417989264,0.0,0.0,0.0,31.9,31.9,
9_17,-12.940231667741708,-38.542217265148075,0.0,0.0,0.0,31.9,31.9,
9_18,-12.940231667741708,-38.53323411230688,0.0,0.0,0.0,31.9,31.9,
9_19,-12.940231667741708,-38.52425095946568,0.0,0.0,0.0,31.9,31.9,
9_20,-12.940231667741708,-38.515267806624486,0.0,0.0,0.0,31.9,31.9,
9_21,-12.940231667741708,-38.50628465378329,0.0,0.0,0.0,31.9,31.9,
9_22,-12.940231667741708,-38.49730150094209,7.0,13.0,-6.0,34.974781420765076,35.0,37.8
9_23,-12.940231667741708,-38.4883183481009,8.0,13.0,-5.0,34.89860655737707,34.9,37.8
9_24,-12.940231667741708,-38.47933519525971,8.0,11.0,-3.0,34.8894535519126,34.9,37.8
9_25,-12.940231667741708,-38.47035204241851,8.0,11.0,-3.0,34.8894535519126,34.9,37.8
9_26,-12.940231667741708,-38.461368889577315,8.0,11.0,-3.0,34.83808743169397,34.8,37.8
9_27,-12.940231667741708,-38.45238573673612,8.0,11.0,-3.0,34.820409836065544,34.9,37.8
9_28,-12.940231667741708,-38.44340258389492,8.0,11.0,-3.0,34.82846994535517,34.8,37.8
9_29,-12.940231667741708,-38.434419431053726,8.0,11.0,-3.0,34.829289617486296,34.9,37.8
9_30,-12.940231667741708,-38.42543627821254,8.0,11.0,-3.0,34.81095628415301,34.8,37.8
9_31,-12.940231667741708,-38.41645312537134,8.0,11.0,-3.0,34.792131147541006,34.8,37.8
9_32,-12.940231667741708,-38.407469972530144,8.0,11.0,-3.0,34.75571038251368,34.7,37.8
9_33,-12.940231667741708,-38.39848681968895,8.0,11.0,-3.0,34.7609016393443,34.8,37.9
9_34,-12.940231667741708,-38.38950366684775,8.0,11.0,-3.0,34.79587431693992,34.8,37.9
9_35,-12.940231667741708,-38.380520514006555,8.0,11.0,-3.0,34.873497267759525,34.9,37.9
9_36,-12.940231667741708,-38.37153736116536,8.0,11.0,-3.0,34.917377049180345,34.9,37.9
9_37,-12.940231667741708,-38.36255420832417,8.0,11.0,-3.0,34.949098360655746,34.9,37.9
9_38,-12.940231667741708,-38.35357105548297,8.0,11.0,-3.0,34.90532786885248,34.9,37.9
9_39,-12.940231667741708,-38.34458790264178,8.0,11.0,-3.0,34.88297814207653,34.9,37.9
9_40,-12.940231667741708,-38.33560474980058,8.0,11.0,-3.0,34.84724043715852,34.8,37.9
9_41,-12.940231667741708,-38.326621596959384,0.0,0.0,0.0,31.9,31.9,
9_42,-12.940231667741708,-38.31763844411819,0.0,0.0,0.0,31.9,31.9,
9_43,-12.940231667741708,-38.308655291277,0.0,0.0,0.0,31.9,31.9,
10_0,-12.931248514900513,-38.69493086344839,0.0,0.0,0.0,31.9,31.9,
10_1,-12.931248514900513,-38.685947710607195,0.0,0.0,0.0,31.9,31.9,
10_2,-12.931248514900513,-38.676964557766,0.0,0.0,0.0,31.9,31.9,
10_3,-12.931248514900513,-38.6679814049248,4.0,3.0,1.0,37.147377049180356,37.10999999999999,37.6
10_4,-12.931248514900513,-38.658998252083606,8.0,11.0,-3.0,34.60434426229511,34.6,37.6
10_5,-12.931248514900513,-38.65001509924242,8.0,11.0,-3.0,34.57898907103823,34.6,37.6
10_6,-12.931248514900513,-38.64103194640122,8.0,11.0,-3.0,34.56803278688525,34.6,37.6
10_7,-12.931248514900513,-38.632048793560024,8.0,11.0,-3.0,34.56803278688525,34.6,37.6
10_8,-12.931248514900513,-38.62306564071883,8.0,10.0,-2.0,34.568524590163946,34.6,37.6
10_9,-12.931248514900513,-38.61408248787763,0.0,0.0,0.0,31.9,31.9,
10_10,-12.931248514900513,-38.605099335036435,0.0,0.0,0.0,31.9,31.9,
10_11,-12.931248514900513,-38.596116182195246,0.0,0.0,0.0,31.9,31.9,
10_12,-12.931248514900513,-38.58713302935405,0.0,0.0,0.0,31.9,31.9,
10_13,-12.931248514900513,-38.57814987651285,0.0,0.0,0.0,31.9,31.9,
10_14,-12.931248514900513,-38.56916672367166,0.0,0.0,0.0,31.9,31.9,
10_15,-12.931248514900513,-38.56018357083046,0.0,0.0,0.0,31.9,31.9,
10_16,-12.931248514900513,-38.551200417989264,0.0,0.0,0.0,31.9,31.9,
10_17,-12.931248514900513,-38.542217265148075,0.0,0.0,0.0,31.9,31.9,
10_18,-12.931248514900513,-38.53323411230688,0.0,0.0,0.0,31.9,31.9,
10_19,-12.931248514900513,-38.52425095946568,0.0,0.0,0.0,31.9,31.9,
10_20,-12.931248514900513,-38.515267806624486,0.0,0.0,0.0,31.9,31.9,
10_21,-12.931248514900513,-38.50628465378329,0.0,0.0,0.0,31.9,31.9,
10_22,-12.931248514900513,-38.49730150094209,4.0,3.0,1.0,37.4104918032787,37.3,37.8
10_23,-12.931248514900513,-38.4883183481009,8.0,11.0,-3.0,34.85795081967211,34.8,37.8
10_24,-12.931248514900513,-38.47933519525971,4.0,3.0,1.0,37.380792349726796,37.3,37.8
10_25,-12.931248514900513,-38.47035204241851,8.0,12.0,-4.0,34.85896174863384,34.9,37.8
10_26,-12.931248514900513,-38.461368889577315,8.0,12.0,-4.0,34.847431693989094,34.9,37.8
10_27,-12.931248514900513,-38.45238573673612,8.0,11.0,-3.0,34.817377049180315,34.8,37.8
10_28,-12.931248514900513,-38.44340258389492,8.0,11.0,-3.0,34.83049180327868,34.9,37.8
10_29,-12.931248514900513,-38.434419431053726,8.0,11.0,-3.0,34.826092896174835,34.9,37.8
10_30,-12.931248514900513,-38.42543627821254,8.0,11.0,-3.0,34.77193989071039,34.8,37.8
10_31,-12.931248514900513,-38.41645312537134,8.0,11.0,-3.0,34.75920765027323,34.8,37.8
10_32,-12.931248514900513,-38.407469972530144,8.0,11.0,-3.0,34.72614754098362,34.7,37.8
10_33,-12.931248514900513,-38.39848681968895,8.0,11.0,-3.0,34.73284153005467,34.7,37.9
10_34,-12.931248514900513,-38.38950366684775,8.0,11.0,-3.0,34.780054644808764,34.8,37.9
10_35,-12.931248514900513,-38.380520514006555,8.0,11.0,-3.0,34.86926229508193,34.8,37.9
10_36,-12.931248514900513,-38.37153736116536,8.0,11.0,-3.0,34.925491803278696,34.9,37.9
10_37,-12.931248514900513,-38.36255420832417,8.0,11.0,-3.0,34.9619398907104,35.0,37.9
10_38,-12.931248514900513,-38.35357105548297,8.0,11.0,-3.0,34.9619398907104,35.0,37.9
10_39,-12.931248514900513,-38.34458790264178,8.0,11.0,-3.0,34.949726775956314,34.9,37.9
10_40,-12.931248514900513,-38.33560474980058,8.0,11.0,-3.0,34.84002732240442,34.8,37.9
10_41,-12.931248514900513,-38.326621596959384,8.0,11.0,-3.0,34.819754098360654,34.8,37.9
10_42,-12.931248514900513,-38.31763844411819,0.0,0.0,0.0,31.9,31.9,
10_43,-12.931248514900513,-38.308655291277,0.0,0.0,0.0,31.9,31.9,
11_0,-12.922265362059317,-38.69493086344839,0.0,0.0,0.0,31.9,31.9,
11_1,-12.922265362059317,-38.685947710607195,0.0,0.0,0.0,31.9,31.9,
11_2,-12.922265362059317,-38.676964557766,0.0,0.0,0.0,31.9,31.9,
11_3,-12.922265362059317,-38.6679814049248,8.0,11.0,-3.0,34.628087431694,34.7,37.6
11_4,-12.922265362059317,-38.658998252083606,8.0,11.0,-3.0,34.60972677595631,34.6,37.6
11_5,-12.922265362059317,-38.65001509924242,8.0,11.0,-3.0,34.60972677595631,34.6,37.6
11_6,-12.922265362059317,-38.64103194640122,8.0,10.0,-2.0,34.568442622950805,34.6,37.6
11_7,-12.922265362059317,-38.632048793560024,8.0,10.0,-2.0,34.57177595628416,34.6,37.6
11_8,-12.922265362059317,-38.62306564071883,0.0,0.0,0.0,31.9,31.9,
11_9,-12.922265362059317,-38.61408248787763,0.0,0.0,0.0,31.9,31.9,
11_10,-12.922265362059317,-38.605099335036435,0.0,0.0,0.0,31.9,31.9,
11_11,-12.922265362059317,-38.596116182195246,0.0,0.0,0.0,31.9,31.9,
11_12,-12.922265362059317,-38.58713302935405,0.0,0.0,0.0,31.9,31.9,
11_13,-12.922265362059317,-38.57814987651285,0.0,0.0,0.0,31.9,31.9,
11_14,-12.922265362059317,-38.56916672367166,0.0,0.0,0.0,31.9,31.9,
11_15,-12.922265362059317,-38.56018357083046,0.0,0.0,0.0,31.9,31.9,
11_16,-12.922265362059317,-38.551200417989264,0.0,0.0,0.0,31.9,31.9,
11_17,-12.922265362059317,-38.542217265148075,0.0,0.0,0.0,31.9,31.9,
11_18,-12.922265362059317,-38.53323411230688,0.0,0.0,0.0,31.9,31.9,
11_19,-12.922265362059317,-38.52425095946568,0.0,0.0,0.0,31.9,31.9,
11_20,-12.922265362059317,-38.515267806624486,0.0,0.0,0.0,31.9,31.9,
11_21,-12.922265362059317,-38.50628465378329,0.0,0.0,0.0,31.9,31.9,
11_22,-12.922265362059317,-38.49730150094209,0.0,0.0,0.0,31.9,31.9,
11_23,-12.922265362059317,-38.4883183481009,0.0,0.0,0.0,31.9,31.9,
11_24,-12.922265362059317,-38.47933519525971,4.0,3.0,1.0,37.33989071038249,37.3,37.8
11_25,-12.922265362059317,-38.47035204241851,4.0,3.0,1.0,37.37560109289617,37.3,37.8
11_26,-12.922265362059317,-38.461368889577315,8.0,10.0,-2.0,34.82956284153005,34.9,37.8
11_27,-12.922265362059317,-38.45238573673612,8.0,10.0,-2.0,34.82874316939893,34.8,37.8
11_28,-12.922265362059317,-38.44340258389492,8.0,11.0,-3.0,34.82196721311477,34.8,37.8
11_29,-12.922265362059317,-38.434419431053726,8.0,11.0,-3.0,34.813661202185806,34.8,37.8
11_30,-12.922265362059317,-38.42543627821254,8.0,11.0,-3.0,34.77986338797815,34.8,37.8
11_31,-12.922265362059317,-38.41645312537134,8.0,11.0,-3.0,34.754836065573784,34.8,37.8
11_32,-12.922265362059317,-38.407469972530144,8.0,11.0,-3.0,34.70617486338801,34.7,37.8
11_33,-12.922265362059317,-38.39848681968895,8.0,11.0,-3.0,34.72281420765026,34.7,37.9
11_34,-12.922265362059317,-38.38950366684775,8.0,11.0,-3.0,34.76199453551911,34.8,37.9
11_35,-12.922265362059317,-38.380520514006555,8.0,11.0,-3.0,34.84437158469944,34.8,37.9
11_36,-12.922265362059317,-38.37153736116536,8.0,11.0,-3.0,34.84437158469944,34.8,37.9
11_37,-12.922265362059317,-38.36255420832417,8.0,11.0,-3.0,34.9268306010929,34.9,37.9
11_38,-12.922265362059317,-38.35357105548297,8.0,11.0,-3.0,34.97215846994537,35.0,37.9
11_39,-12.922265362059317,-38.34458790264178,8.0,11.0,-3.0,34.98385245901639,35.0,37.9
11_40,-12.922265362059317,-38.33560474980058,8.0,11.0,-3.0,34.93136612021857,34.9,37.9
11_41,-12.922265362059317,-38.326621596959384,8.0,11.0,-3.0,34.895819672131154,34.9,37.9
11_42,-12.922265362059317,-38.31763844411819,8.0,11.0,-3.0,34.859535519125686,34.8,37.9
11_43,-12.922265362059317,-38.308655291277,0.0,0.0,0.0,31.9,31.9,
12_0,-12.913282209218123,-38.69493086344839,0.0,0.0,0.0,31.9,31.9,
12_1,-12.913282209218123,-38.685947710607195,8.0,10.0,-2.0,34.61081967213118,34.6,37.6
12_2,-12.913282209218123,-38.676964557766,8.0,10.0,-2.0,34.61278688524593,34.6,37.6
12_3,-12.913282209218123,-38.6679814049248,8.0,10.0,-2.0,34.61278688524593,34.6,37.6
12_4,-12.913282209218123,-38.658998252083606,8.0,10.0,-2.0,34.605655737704936,34.6,37.6
12_5,-12.913282209218123,-38.65001509924242,8.0,11.0,-3.0,34.59980874316943,34.6,37.6
12_6,-12.913282209218123,-38.64103194640122,8.0,11.0,-3.0,34.567185792349726,34.5,37.6
12_7,-12.913282209218123,-38.632048793560024,8.0,11.0,-3.0,34.611857923497276,34.6,37.6
12_8,-12.913282209218123,-38.62306564071883,0.0,0.0,0.0,31.9,31.9,
12_9,-12.913282209218123,-38.61408248787763,0.0,0.0,0.0,31.9,31.9,
12_10,-12.913282209218123,-38.605099335036435,0.0,0.0,0.0,31.9,31.9,
12_11,-12.913282209218123,-38.596116182195246,0.0,0.0,0.0,31.9,31.9,
12_12,-12.913282209218123,-38.58713302935405,0.0,0.0,0.0,31.9,31.9,
12_13,-12.913282209218123,-38.57814987651285,0.0,0.0,0.0,31.9,31.9,
12_14,-12.913282209218123,-38.56916672367166,0.0,0.0,0.0,31.9,31.9,
12_15,-12.913282209218123,-38.56018357083046,0.0,0.0,0.0,31.9,31.9,
12_16,-12.913282209218123,-38.551200417989264,0.0,0.0,0.0,31.9,31.9,
12_17,-12.913282209218123,-38.542217265148075,0.0,0.0,0.0,31.9,31.9,
12_18,-12.913282209218123,-38.53323411230688,0.0,0.0,0.0,31.9,31.9,
12_19,-12.913282209218123,-38.52425095946568,0.0,0.0,0.0,31.9,31.9,
12_20,-12.913282209218123,-38.515267806624486,0.0,0.0,0.0,31.9,31.9,
12_21,-12.913282209218123,-38.50628465378329,0.0,0.0,0.0,31.9,31.9,
12_22,-12.913282209218123,-38.49730150094209,0.0,0.0,0.0,31.9,31.9,
12_23,-12.913282209218123,-38.4883183481009,0.0,0.0,0.0,31.9,31.9,
12_24,-12.913282209218123,-38.47933519525971,4.0,3.0,1.0,37.36278688524591,37.3,37.8
12_25,-12.913282209218123,-38.47035204241851,8.0,11.0,-3.0,34.77934426229511,34.8,37.8
12_26,-12.913282209218123,-38.461368889577315,8.0,10.0,-2.0,34.817213114754075,34.8,37.8
12_27,-12.913282209218123,-38.45238573673612,8.0,10.0,-2.0,34.839972677595625,34.9,37.8
12_28,-12.913282209218123,-38.44340258389492,8.0,11.0,-3.0,34.830054644808754,34.8,37.8
12_29,-12.913282209218123,-38.434419431053726,8.0,11.0,-3.0,34.83620218579234,34.9,37.8
12_30,-12.913282209218123,-38.42543627821254,8.0,11.0,-3.0,34.81002732240441,34.8,37.8
12_31,-12.913282209218123,-38.41645312537134,8.0,11.0,-3.0,34.77464480874318,34.8,37.8
12_32,-12.913282209218123,-38.407469972530144,8.0,11.0,-3.0,34.74101092896177,34.7,37.8
12_33,-12.913282209218123,-38.39848681968895,8.0,11.0,-3.0,34.74101092896177,34.7,37.8
12_34,-12.913282209218123,-38.38950366684775,8.0,11.0,-3.0,34.74306010928964,34.7,37.9
12_35,-12.913282209218123,-38.380520514006555,8.0,11.0,-3.0,34.76540983606558,34.7,37.9
12_36,-12.913282209218123,-38.37153736116536,8.0,11.0,-3.0,34.81327868852461,34.8,37.9
12_37,-12.913282209218123,-38.36255420832417,8.0,11.0,-3.0,34.90379781420764,34.9,37.9
12_38,-12.913282209218123,-38.35357105548297,8.0,12.0,-4.0,34.96543715846993,34.9,37.9
12_39,-12.913282209218123,-38.34458790264178,8.0,11.0,-3.0,34.99243169398905,35.0,37.9
12_40,-12.913282209218123,-38.33560474980058,8.0,12.0,-4.0,34.9763387978142,35.0,37.9
12_41,-12.913282209218123,-38.326621596959384,8.0,12.0,-4.0,34.94510928961748,34.9,37.9
12_42,-12.913282209218123,-38.31763844411819,8.0,11.0,-3.0,34.892158469945386,34.9,37.9
12_43,-12.913282209218123,-38.308655291277,0.0,0.0,0.0,31.9,31.9,
13_0,-12.904299056376926,-38.69493086344839,0.0,0.0,0.0,31.9,31.9,
13_1,-12.904299056376926,-38.685947710607195,0.0,0.0,0.0,31.9,31.9,
13_2,-12.904299056376926,-38.676964557766,8.0,10.0,-2.0,34.62688524590168,34.6,37.6
13_3,-12.904299056376926,-38.6679814049248,8.0,10.0,-2.0,34.61696721311474,34.6,37.6
13_4,-12.904299056376926,-38.658998252083606,8.0,10.0,-2.0,34.60218579234973,34.6,37.6
13_5,-12.904299056376926,-38.65001509924242,8.0,10.0,-2.0,34.58486338797814,34.6,37.6
13_6,-12.904299056376926,-38.64103194640122,0.0,0.0,0.0,31.9,31.9,
13_7,-12.904299056376926,-38.632048793560024,0.0,0.0,0.0,31.9,31.9,
13_8,-12.904299056376926,-38.62306564071883,0.0,0.0,0.0,31.9,31.9,
13_9,-12.904299056376926,-38.61408248787763,0.0,0.0,0.0,31.9,31.9,
13_10,-12.904299056376926,-38.605099335036435,0.0,0.0,0.0,31.9,31.9,
13_11,-12.904299056376926,-38.596116182195246,0.0,0.0,0.0,31.9,31.9,
13_12,-12.904299056376926,-38.58713302935405,0.0,0.0,0.0,31.9,31.9,
13_13,-12.904299056376926,-38.57814987651285,0.0,0.0,0.0,31.9,31.9,
13_14,-12.904299056376926,-38.56916672367166,0.0,0.0,0.0,31.9,31.9,
13_15,-12.904299056376926,-38.56018357083046,0.0,0.0,0.0,31.9,31.9,
13_16,-12.904299056376926,-38.551200417989264,0.0,0.0,0.0,31.9,31.9,
13_17,-12.904299056376926,-38.542217265148075,0.0,0.0,0.0,31.9,31.9,
13_18,-12.904299056376926,-38.53323411230688,0.0,0.0,0.0,31.9,31.9,
13_19,-12.904299056376926,-38.52425095946568,0.0,0.0,0.0,31.9,31.9,
13_20,-12.904299056376926,-38.515267806624486,0.0,0.0,0.0,31.9,31.9,
13_21,-12.904299056376926,-38.50628465378329,0.0,0.0,0.0,31.9,31.9,
13_22,-12.904299056376926,-38.49730150094209,0.0,0.0,0.0,31.9,31.9,
13_23,-12.904299056376926,-38.4883183481009,0.0,0.0,0.0,31.9,31.9,
13_24,-12.904299056376926,-38.47933519525971,4.0,3.0,1.0,37.34295081967214,37.3,37.8
13_25,-12.904299056376926,-38.47035204241851,8.0,11.0,-3.0,34.75133879781424,34.8,37.8
13_26,-12.904299056376926,-38.461368889577315,8.0,11.0,-3.0,34.771857923497265,34.8,37.8
13_27,-12.904299056376926,-38.45238573673612,8.0,11.0,-3.0,34.82327868852457,34.8,37.8
13_28,-12.904299056376926,-38.44340258389492,8.0,11.0,-3.0,34.82240437158471,34.8,37.8
13_29,-12.904299056376926,-38.434419431053726,8.0,11.0,-3.0,34.828360655737725,34.8,37.8
13_30,-12.904299056376926,-38.42543627821254,8.0,11.0,-3.0,34.80109289617491,34.8,37.8
13_31,-12.904299056376926,-38.41645312537134,8.0,11.0,-3.0,34.7680327868853,34.8,37.8
13_32,-12.904299056376926,-38.407469972530144,8.0,11.0,-3.0,34.752732240437176,34.8,37.8
13_33,-12.904299056376926,-38.39848681968895,8.0,11.0,-3.0,34.726584699453575,34.7,37.8
13_34,-12.904299056376926,-38.38950366684775,8.0,10.0,-2.0,34.69969945355195,34.7,37.8
13_35,-12.904299056376926,-38.380520514006555,8.0,10.0,-2.0,34.700191256830614,34.7,37.9
13_36,-12.904299056376926,-38.37153736116536,8.0,10.0,-2.0,34.74248633879784,34.7,37.9
13_37,-12.904299056376926,-38.36255420832417,8.0,10.0,-2.0,34.81177595628417,34.8,37.9
13_38,-12.904299056376926,-38.35357105548297,8.0,11.0,-3.0,34.92412568306012,34.9,37.9
13_39,-12.904299056376926,-38.34458790264178,8.0,11.0,-3.0,34.976202185792346,35.0,37.9
13_40,-12.904299056376926,-38.33560474980058,8.0,11.0,-3.0,34.964945355191276,34.9,37.9
13_41,-12.904299056376926,-38.326621596959384,8.0,11.0,-3.0,34.94603825136612,34.9,37.9
13_42,-12.904299056376926,-38.31763844411819,8.0,11.0,-3.0,34.90210382513663,34.9,37.9
13_43,-12.904299056376926,-38.308655291277,8.0,11.0,-3.0,34.85980874316938,34.8,37.9
14_0,-12.895315903535732,-38.69493086344839,0.0,0.0,0.0,31.9,31.9,
14_1,-12.895315903535732,-38.685947710607195,0.0,0.0,0.0,31.9,31.9,
14_2,-12.895315903535732,-38.676964557766,8.0,10.0,-2.0,34.59784153005466,34.6,37.6
14_3,-12.895315903535732,-38.6679814049248,8.0,10.0,-2.0,34.595601092896175,34.6,37.6
14_4,-12.895315903535732,-38.658998252083606,0.0,0.0,0.0,31.9,31.9,
14_5,-12.895315903535732,-38.65001509924242,0.0,0.0,0.0,31.9,31.9,
14_6,-12.895315903535732,-38.64103194640122,0.0,0.0,0.0,31.9,31.9,
14_7,-12.895315903535732,-38.632048793560024,0.0,0.0,0.0,31.9,31.9,
14_8,-12.895315903535732,-38.62306564071883,0.0,0.0,0.0,31.9,31.9,
14_9,-12.895315903535732,-38.61408248787763,0.0,0.0,0.0,31.9,31.9,
14_10,-12.895315903535732,-38.605099335036435,0.0,0.0,0.0,31.9,31.9,
14_11,-12.895315903535732,-38.596116182195246,0.0,0.0,0.0,31.9,31.9,
14_12,-12.895315903535732,-38.58713302935405,0.0,0.0,0.0,31.9,31.9,
14_13,-12.895315903535732,-38.57814987651285,0.0,0.0,0.0,31.9,31.9,
14_14,-12.895315903535732,-38.56916672367166,0.0,0.0,0.0,31.9,31.9,
14_15,-12.895315903535732,-38.56018357083046,0.0,0.0,0.0,31.9,31.9,
14_16,-12.895315903535732,-38.551200417989264,0.0,0.0,0.0,31.9,31.9,
14_17,-12.895315903535732,-38.542217265148075,0.0,0.0,0.0,31.9,31.9,
14_18,-12.895315903535732,-38.53323411230688,0.0,0.0,0.0,31.9,31.9,
14_19,-12.895315903535732,-38.52425095946568,0.0,0.0,0.0,31.9,31.9,
14_20,-12.895315903535732,-38.515267806624486,0.0,0.0,0.0,31.9,31.9,
14_21,-12.895315903535732,-38.50628465378329,0.0,0.0,0.0,31.9,31.9,
14_22,-12.895315903535732,-38.49730150094209,0.0,0.0,0.0,31.9,31.9,
14_23,-12.895315903535732,-38.4883183481009,4.0,3.0,1.0,37.26259562841531,37.3,37.8
14_24,-12.895315903535732,-38.47933519525971,8.0,10.0,-2.0,34.6998087431694,34.7,37.8
14_25,-12.895315903535732,-38.47035204241851,8.0,10.0,-2.0,34.649426229508215,34.6,37.8
14_26,-12.895315903535732,-38.461368889577315,8.0,11.0,-3.0,34.64303278688526,34.6,37.8
14_27,-12.895315903535732,-38.45238573673612,8.0,10.0,-2.0,34.70887978142076,34.7,37.8
14_28,-12.895315903535732,-38.44340258389492,8.0,11.0,-3.0,34.7683606557377,34.8,37.8
14_29,-12.895315903535732,-38.434419431053726,8.0,11.0,-3.0,34.7683606557377,34.8,37.8
14_30,-12.895315903535732,-38.42543627821254,8.0,11.0,-3.0,34.77510928961749,34.8,37.8
14_31,-12.895315903535732,-38.41645312537134,8.0,11.0,-3.0,34.74357923497269,34.7,37.8
14_32,-12.895315903535732,-38.407469972530144,8.0,11.0,-3.0,34.710437158469944,34.7,37.8
14_33,-12.895315903535732,-38.39848681968895,8.0,11.0,-3.0,34.667131147540964,34.6,37.8
14_34,-12.895315903535732,-38.38950366684775,8.0,10.0,-2.0,34.62333333333337,34.6,37.8
14_35,-12.895315903535732,-38.380520514006555,8.0,10.0,-2.0,34.61702185792349,34.6,37.9
14_36,-12.895315903535732,-38.37153736116536,8.0,10.0,-2.0,34.66281420765026,34.6,37.9
14_37,-12.895315903535732,-38.36255420832417,8.0,10.0,-2.0,34.74232240437156,34.7,37.9
14_38,-12.895315903535732,-38.35357105548297,8.0,10.0,-2.0,34.86122950819672,34.9,37.9
14_39,-12.895315903535732,-38.34458790264178,8.0,11.0,-3.0,34.94352459016394,34.9,37.9
14_40,-12.895315903535732,-38.33560474980058,8.0,11.0,-3.0,34.959999999999994,34.9,37.9
14_41,-12.895315903535732,-38.326621596959384,8.0,11.0,-3.0,34.958497267759576,34.9,37.9
14_42,-12.895315903535732,-38.31763844411819,8.0,11.0,-3.0,34.934644808743194,34.9,37.9
14_43,-12.895315903535732,-38.308655291277,8.0,11.0,-3.0,34.86278688524595,34.8,37.9
15_0,-12.886332750694537,-38.69493086344839,0.0,0.0,0.0,31.9,31.9,
15_1,-12.886332750694537,-38.685947710607195,0.0,0.0,0.0,31.9,31.9,
15_2,-12.886332750694537,-38.676964557766,4.0,3.0,1.0,37.10510928961748,37.1,37.6
15_3,-12.886332750694537,-38.6679814049248,0.0,0.0,0.0,31.9,31.9,
15_4,-12.886332750694537,-38.658998252083606,0.0,0.0,0.0,31.9,31.9,
15_5,-12.886332750694537,-38.65001509924242,0.0,0.0,0.0,31.9,31.9,
15_6,-12.886332750694537,-38.64103194640122,0.0,0.0,0.0,31.9,31.9,
15_7,-12.886332750694537,-38.632048793560024,0.0,0.0,0.0,31.9,31.9,
15_8,-12.886332750694537,-38.62306564071883,0.0,0.0,0.0,31.9,31.9,
15_9,-12.886332750694537,-38.61408248787763,0.0,0.0,0.0,31.9,31.9,
15_10,-12.886332750694537,-38.605099335036435,0.0,0.0,0.0,31.9,31.9,
15_11,-12.886332750694537,-38.596116182195246,0.0,0.0,0.0,31.9,31.9,
15_12,-12.886332750694537,-38.58713302935405,0.0,0.0,0.0,31.9,31.9,
15_13,-12.886332750694537,-38.57814987651285,0.0,0.0,0.0,31.9,31.9,
15_14,-12.886332750694537,-38.56916672367166,0.0,0.0,0.0,31.9,31.9,
15_15,-12.886332750694537,-38.56018357083046,0.0,0.0,0.0,31.9,31.9,
15_16,-12.886332750694537,-38.551200417989264,0.0,0.0,0.0,31.9,31.9,
15_17,-12.886332750694537,-38.542217265148075,0.0,0.0,0.0,31.9,31.9,
15_18,-12.886332750694537,-38.53323411230688,0.0,0.0,0.0,31.9,31.9,
15_19,-12.886332750694537,-38.52425095946568,0.0,0.0,0.0,31.9,31.9,
15_20,-12.886332750694537,-38.515267806624486,0.0,0.0,0.0,31.9,31.9,
15_21,-12.886332750694537,-38.50628465378329,0.0,0.0,0.0,31.9,31.9,
15_22,-12.886332750694537,-38.49730150094209,0.0,0.0,0.0,31.9,31.9,
15_23,-12.886332750694537,-38.4883183481009,8.0,10.0,-2.0,34.67049180327866,34.6,37.8
15_24,-12.886332750694537,-38.47933519525971,8.0,10.0,-2.0,34.65027322404371,34.6,37.8
15_25,-12.886332750694537,-38.47035204241851,8.0,10.0,-2.0,34.60778688524592,34.6,37.8
15_26,-12.886332750694537,-38.461368889577315,8.0,10.0,-2.0,34.586748633879786,34.6,37.8
15_27,-12.886332750694537,-38.45238573673612,8.0,10.0,-2.0,34.586748633879786,34.6,37.8
15_28,-12.886332750694537,-38.44340258389492,8.0,10.0,-2.0,34.61907103825135,34.6,37.8
15_29,-12.886332750694537,-38.434419431053726,8.0,11.0,-3.0,34.69762295081965,34.7,37.8
15_30,-12.886332750694537,-38.42543627821254,8.0,11.0,-3.0,34.74576502732242,34.7,37.8
15_31,-12.886332750694537,-38.41645312537134,8.0,11.0,-3.0,34.70907103825136,34.7,37.8
15_32,-12.886332750694537,-38.407469972530144,8.0,10.0,-2.0,34.62669398907106,34.6,37.8
15_33,-12.886332750694537,-38.39848681968895,8.0,10.0,-2.0,34.602486338797846,34.6,37.8
15_34,-12.886332750694537,-38.38950366684775,8.0,10.0,-2.0,34.596693989071014,34.6,37.8
15_35,-12.886332750694537,-38.380520514006555,8.0,10.0,-2.0,34.59387978142077,34.6,37.9
15_36,-12.886332750694537,-38.37153736116536,8.0,11.0,-3.0,34.64221311475408,34.6,37.9
15_37,-12.886332750694537,-38.36255420832417,8.0,10.0,-2.0,34.70767759562841,34.7,37.9
15_38,-12.886332750694537,-38.35357105548297,8.0,10.0,-2.0,34.79112021857926,34.8,37.9
15_39,-12.886332750694537,-38.34458790264178,8.0,11.0,-3.0,34.83745901639348,34.8,37.9
15_40,-12.886332750694537,-38.33560474980058,8.0,11.0,-3.0,34.881420765027386,34.9,37.9
15_41,-12.886332750694537,-38.326621596959384,8.0,11.0,-3.0,34.93010928961752,34.9,37.9
15_42,-12.886332750694537,-38.31763844411819,8.0,11.0,-3.0,34.93010928961752,34.9,37.9
15_43,-12.886332750694537,-38.308655291277,8.0,11.0,-3.0,34.93303278688526,34.9,37.9
16_0,-12.87734959785334,-38.69493086344839,0.0,0.0,0.0,31.9,31.9,
16_1,-12.87734959785334,-38.685947710607195,0.0,0.0,0.0,31.9,31.9,
16_2,-12.87734959785334,-38.676964557766,0.0,0.0,0.0,31.9,31.9,
16_3,-12.87734959785334,-38.6679814049248,0.0,0.0,0.0,31.9,31.9,
16_4,-12.87734959785334,-38.658998252083606,0.0,0.0,0.0,31.9,31.9,
16_5,-12.87734959785334,-38.65001509924242,0.0,0.0,0.0,31.9,31.9,
16_6,-12.87734959785334,-38.64103194640122,0.0,0.0,0.0,31.9,31.9,
16_7,-12.87734959785334,-38.632048793560024,0.0,0.0,0.0,31.9,31.9,
16_8,-12.87734959785334,-38.62306564071883,0.0,0.0,0.0,31.9,31.9,
16_9,-12.87734959785334,-38.61408248787763,0.0,0.0,0.0,31.9,31.9,
16_10,-12.87734959785334,-38.605099335036435,0.0,0.0,0.0,31.9,31.9,
16_11,-12.87734959785334,-38.596116182195246,0.0,0.0,0.0,31.9,31.9,
16_12,-12.87734959785334,-38.58713302935405,0.0,0.0,0.0,31.9,31.9,
16_13,-12.87734959785334,-38.57814987651285,0.0,0.0,0.0,31.9,31.9,
16_14,-12.87734959785334,-38.56916672367166,0.0,0.0,0.0,31.9,31.9,
16_15,-12.87734959785334,-38.56018357083046,0.0,0.0,0.0,31.9,31.9,
16_16,-12.87734959785334,-38.551200417989264,0.0,0.0,0.0,31.9,31.9,
16_17,-12.87734959785334,-38.542217265148075,0.0,0.0,0.0,31.9,31.9,
16_18,-12.87734959785334,-38.53323411230688,0.0,0.0,0.0,31.9,31.9,
16_19,-12.87734959785334,-38.52425095946568,0.0,0.0,0.0,31.9,31.9,
16_20,-12.87734959785334,-38.515267806624486,0.0,0.0,0.0,31.9,31.9,
16_21,-12.87734959785334,-38.50628465378329,0.0,0.0,0.0,31.9,31.9,
16_22,-12.87734959785334,-38.49730150094209,0.0,0.0,0.0,31.9,31.9,
16_23,-12.87734959785334,-38.4883183481009,0.0,0.0,0.0,31.9,31.9,
16_24,-12.87734959785334,-38.47933519525971,0.0,0.0,0.0,31.9,31.9,
16_25,-12.87734959785334,-38.47035204241851,8.0,10.0,-2.0,34.664453551912565,34.6,37.8
16_26,-12.87734959785334,-38.461368889577315,8.0,10.0,-2.0,34.6246994535519,34.6,37.8
16_27,-12.87734959785334,-38.45238573673612,8.0,10.0,-2.0,34.59128415300546,34.6,37.8
16_28,-12.87734959785334,-38.44340258389492,8.0,10.0,-2.0,34.61046448087432,34.6,37.8
16_29,-12.87734959785334,-38.434419431053726,8.0,11.0,-3.0,34.69363387978143,34.7,37.8
16_30,-12.87734959785334,-38.42543627821254,8.0,11.0,-3.0,34.73262295081967,34.7,37.8
16_31,-12.87734959785334,-38.41645312537134,8.0,11.0,-3.0,34.68633879781424,34.7,37.8
16_32,-12.87734959785334,-38.407469972530144,8.0,10.0,-2.0,34.59816939890713,34.6,37.8
16_33,-12.87734959785334,-38.39848681968895,8.0,10.0,-2.0,34.58923497267763,34.6,37.8
16_34,-12.87734959785334,-38.38950366684775,8.0,10.0,-2.0,34.57453551912568,34.6,37.8
16_35,-12.87734959785334,-38.380520514006555,8.0,10.0,-2.0,34.59008196721312,34.6,37.9
16_36,-12.87734959785334,-38.37153736116536,8.0,10.0,-2.0,34.63218579234972,34.6,37.9
16_37,-12.87734959785334,-38.36255420832417,8.0,10.0,-2.0,34.69592896174866,34.7,37.9
16_38,-12.87734959785334,-38.35357105548297,8.0,10.0,-2.0,34.73000000000001,34.7,37.9
16_39,-12.87734959785334,-38.34458790264178,8.0,11.0,-3.0,34.752322404371604,34.7,37.9
16_40,-12.87734959785334,-38.33560474980058,8.0,11.0,-3.0,34.77407103825136,34.7,37.9
16_41,-12.87734959785334,-38.326621596959384,8.0,11.0,-3.0,34.81174863387978,34.8,37.9
16_42,-12.87734959785334,-38.31763844411819,8.0,11.0,-3.0,34.86019125683063,34.8,37.9
16_43,-12.87734959785334,-38.308655291277,8.0,11.0,-3.0,34.88950819672135,34.8,37.9
17_0,-12.868366445012146,-38.69493086344839,0.0,0.0,0.0,31.9,31.9,
17_1,-12.868366445012146,-38.685947710607195,0.0,0.0,0.0,31.9,31.9,
17_2,-12.868366445012146,-38.676964557766,0.0,0.0,0.0,31.9,31.9,
17_3,-12.868366445012146,-38.6679814049248,0.0,0.0,0.0,31.9,31.9,
17_4,-12.868366445012146,-38.658998252083606,0.0,0.0,0.0,31.9,31.9,
17_5,-12.868366445012146,-38.65001509924242,0.0,0.0,0.0,31.9,31.9,
17_6,-12.868366445012146,-38.64103194640122,0.0,0.0,0.0,31.9,31.9,
17_7,-12.868366445012146,-38.632048793560024,0.0,0.0,0.0,31.9,31.9,
17_8,-12.868366445012146,-38.62306564071883,0.0,0.0,0.0,31.9,31.9,
17_9,-12.868366445012146,-38.61408248787763,0.0,0.0,0.0,31.9,31.9,
17_10,-12.868366445012146,-38.605099335036435,0.0,0.0,0.0,31.9,31.9,
17_11,-12.868366445012146,-38.596116182195246,0.0,0.0,0.0,31.9,31.9,
17_12,-12.868366445012146,-38.58713302935405,0.0,0.0,0.0,31.9,31.9,
17_13,-12.868366445012146,-38.57814987651285,0.0,0.0,0.0,31.9,31.9,
17_14,-12.868366445012146,-38.56916672367166,0.0,0.0,0.0,31.9,31.9,
17_15,-12.868366445012146,-38.56018357083046,0.0,0.0,0.0,31.9,31.9,
17_16,-12.868366445012146,-38.551200417989264,0.0,0.0,0.0,31.9,31.9,
17_17,-12.868366445012146,-38.542217265148075,0.0,0.0,0.0,31.9,31.9,
17_18,-12.868366445012146,-38.53323411230688,0.0,0.0,0.0,31.9,31.9,
17_19,-12.868366445012146,-38.52425095946568,0.0,0.0,0.0,31.9,31.9,
17_20,-12.868366445012146,-38.515267806624486,0.0,0.0,0.0,31.9,31.9,
17_21,-12.868366445012146,-38.50628465378329,0.0,0.0,0.0,31.9,31.9,
17_22,-12.868366445012146,-38.49730150094209,0.0,0.0,0.0,31.9,31.9,
17_23,-12.868366445012146,-38.4883183481009,0.0,0.0,0.0,31.9,31.9,
17_24,-12.868366445012146,-38.47933519525971,4.0,3.0,1.0,37.32538251366121,37.3,37.8
17_25,-12.868366445012146,-38.47035204241851,4.0,3.0,1.0,37.33849726775959,37.3,37.8
17_26,-12.868366445012146,-38.461368889577315,8.0,10.0,-2.0,34.75956284153005,34.7,37.8
17_27,-12.868366445012146,-38.45238573673612,8.0,10.0,-2.0,34.69021857923501,34.7,37.8
17_28,-12.868366445012146,-38.44340258389492,8.0,11.0,-3.0,34.655846994535494,34.7,37.8
17_29,-12.868366445012146,-38.434419431053726,8.0,10.0,-2.0,34.65161202185791,34.7,37.8
17_30,-12.868366445012146,-38.42543627821254,8.0,10.0,-2.0,34.67352459016392,34.7,37.8
17_31,-12.868366445012146,-38.41645312537134,8.0,10.0,-2.0,34.664890710382515,34.6,37.8
17_32,-12.868366445012146,-38.407469972530144,8.0,10.0,-2.0,34.60822404371582,34.6,37.8
17_33,-12.868366445012146,-38.39848681968895,8.0,10.0,-2.0,34.5831693989071,34.5,37.8
17_34,-12.868366445012146,-38.38950366684775,8.0,10.0,-2.0,34.576967213114756,34.6,37.9
17_35,-12.868366445012146,-38.380520514006555,8.0,10.0,-2.0,34.614043715847,34.6,37.9
17_36,-12.868366445012146,-38.37153736116536,8.0,10.0,-2.0,34.614043715847,34.6,37.9
17_37,-12.868366445012146,-38.36255420832417,8.0,10.0,-2.0,34.65112021857925,34.6,37.9
17_38,-12.868366445012146,-38.35357105548297,8.0,10.0,-2.0,34.66423497267759,34.7,37.9
17_39,-12.868366445012146,-38.34458790264178,8.0,10.0,-2.0,34.63877049180325,34.6,37.9
17_40,-12.868366445012146,-38.33560474980058,8.0,10.0,-2.0,34.649125683060085,34.6,37.9
17_41,-12.868366445012146,-38.326621596959384,8.0,10.0,-2.0,34.67562841530055,34.6,37.9
17_42,-12.868366445012146,-38.31763844411819,8.0,10.0,-2.0,34.7018579234973,34.7,37.9
17_43,-12.868366445012146,-38.308655291277,8.0,10.0,-2.0,34.731666666666676,34.7,37.9
18_0,-12.859383292170952,-38.69493086344839,0.0,0.0,0.0,31.9,31.9,
18_1,-12.859383292170952,-38.685947710607195,0.0,0.0,0.0,31.9,31.9,
18_2,-12.859383292170952,-38.676964557766,0.0,0.0,0.0,31.9,31.9,
18_3,-12.859383292170952,-38.6679814049248,0.0,0.0,0.0,31.9,31.9,
18_4,-12.859383292170952,-38.658998252083606,0.0,0.0,0.0,31.9,31.9,
18_5,-12.859383292170952,-38.65001509924242,0.0,0.0,0.0,31.9,31.9,
18_6,-12.859383292170952,-38.64103194640122,0.0,0.0,0.0,31.9,31.9,
18_7,-12.859383292170952,-38.632048793560024,0.0,0.0,0.0,31.9,31.9,
18_8,-12.859383292170952,-38.62306564071883,0.0,0.0,0.0,31.9,31.9,
18_9,-12.859383292170952,-38.61408248787763,0.0,0.0,0.0,31.9,31.9,
18_10,-12.859383292170952,-38.605099335036435,0.0,0.0,0.0,31.9,31.9,
18_11,-12.859383292170952,-38.596116182195246,0.0,0.0,0.0,31.9,31.9,
18_12,-12.859383292170952,-38.58713302935405,0.0,0.0,0.0,31.9,31.9,
18_13,-12.859383292170952,-38.57814987651285,0.0,0.0,0.0,31.9,31.9,
18_14,-12.859383292170952,-38.56916672367166,0.0,0.0,0.0,31.9,31.9,
18_15,-12.859383292170952,-38.56018357083046,0.0,0.0,0.0,31.9,31.9,
18_16,-12.859383292170952,-38.551200417989264,0.0,0.0,0.0,31.9,31.9,
18_17,-12.859383292170952,-38.542217265148075,0.0,0.0,0.0,31.9,31.9,
18_18,-12.859383292170952,-38.53323411230688,0.0,0.0,0.0,31.9,31.9,
18_19,-12.859383292170952,-38.52425095946568,0.0,0.0,0.0,31.9,31.9,
18_20,-12.859383292170952,-38.515267806624486,0.0,0.0,0.0,31.9,31.9,
18_21,-12.859383292170952,-38.50628465378329,0.0,0.0,0.0,31.9,31.9,
18_22,-12.859383292170952,-38.49730150094209,0.0,0.0,0.0,31.9,31.9,
18_23,-12.859383292170952,-38.4883183481009,0.0,0.0,0.0,31.9,31.9,
18_24,-12.859383292170952,-38.47933519525971,0.0,0.0,0.0,31.9,31.9,
18_25,-12.859383292170952,-38.47035204241851,8.0,10.0,-2.0,34.79281420765026,34.8,37.8
18_26,-12.859383292170952,-38.461368889577315,8.0,10.0,-2.0,34.7831693989071,34.8,37.8
18_27,-12.859383292170952,-38.45238573673612,8.0,10.0,-2.0,34.75612021857926,34.7,37.8
18_28,-12.859383292170952,-38.44340258389492,8.0,10.0,-2.0,34.69491803278694,34.7,37.8
18_29,-12.859383292170952,-38.434419431053726,8.0,10.0,-2.0,34.68937158469943,34.7,37.8
18_30,-12.859383292170952,-38.42543627821254,8.0,10.0,-2.0,34.66428961748637,34.7,37.8
18_31,-12.859383292170952,-38.41645312537134,8.0,10.0,-2.0,34.650983606557375,34.6,37.8
18_32,-12.859383292170952,-38.407469972530144,8.0,10.0,-2.0,34.575273224043684,34.5,37.8
18_33,-12.859383292170952,-38.39848681968895,8.0,10.0,-2.0,34.575273224043684,34.5,37.8
18_34,-12.859383292170952,-38.38950366684775,8.0,10.0,-2.0,34.5660382513661,34.5,37.8
18_35,-12.859383292170952,-38.380520514006555,8.0,10.0,-2.0,34.59797814207652,34.6,37.9
18_36,-12.859383292170952,-38.37153736116536,8.0,10.0,-2.0,34.622595628415276,34.6,37.9
18_37,-12.859383292170952,-38.36255420832417,8.0,10.0,-2.0,34.6556830601093,34.6,37.9
18_38,-12.859383292170952,-38.35357105548297,8.0,10.0,-2.0,34.64625683060109,34.6,37.9
18_39,-12.859383292170952,-38.34458790264178,8.0,10.0,-2.0,34.6296174863388,34.6,37.9
18_40,-12.859383292170952,-38.33560474980058,8.0,10.0,-2.0,34.63489071038253,34.6,37.9
18_41,-12.859383292170952,-38.326621596959384,8.0,10.0,-2.0,34.64685792349728,34.6,37.9
18_42,-12.859383292170952,-38.31763844411819,8.0,10.0,-2.0,34.665601092896175,34.6,37.9
18_43,-12.859383292170952,-38.308655291277,8.0,10.0,-2.0,34.67581967213114,34.6,37.9
19_0,-12.850400139329755,-38.69493086344839,0.0,0.0,0.0,31.9,31.9,
19_1,-12.850400139329755,-38.685947710607195,0.0,0.0,0.0,31.9,31.9,
19_2,-12.850400139329755,-38.676964557766,0.0,0.0,0.0,31.9,31.9,
19_3,-12.850400139329755,-38.6679814049248,0.0,0.0,0.0,31.9,31.9,
19_4,-12.850400139329755,-38.658998252083606,0.0,0.0,0.0,31.9,31.9,
19_5,-12.850400139329755,-38.65001509924242,0.0,0.0,0.0,31.9,31.9,
19_6,-12.850400139329755,-38.64103194640122,0.0,0.0,0.0,31.9,31.9,
19_7,-12.850400139329755,-38.632048793560024,0.0,0.0,0.0,31.9,31.9,
19_8,-12.850400139329755,-38.62306564071883,0.0,0.0,0.0,31.9,31.9,
19_9,-12.850400139329755,-38.61408248787763,0.0,0.0,0.0,31.9,31.9,
19_10,-12.850400139329755,-38.605099335036435,0.0,0.0,0.0,31.9,31.9,
19_11,-12.850400139329755,-38.596116182195246,0.0,0.0,0.0,31.9,31.9,
19_12,-12.850400139329755,-38.58713302935405,0.0,0.0,0.0,31.9,31.9,
19_13,-12.850400139329755,-38.57814987651285,0.0,0.0,0.0,31.9,31.9,
19_14,-12.850400139329755,-38.56916672367166,0.0,0.0,0.0,31.9,31.9,
19_15,-12.850400139329755,-38.56018357083046,0.0,0.0,0.0,31.9,31.9,
19_16,-12.850400139329755,-38.551200417989264,0.0,0.0,0.0,31.9,31.9,
19_17,-12.850400139329755,-38.542217265148075,0.0,0.0,0.0,31.9,31.9,
19_18,-12.850400139329755,-38.53323411230688,0.0,0.0,0.0,31.9,31.9,
19_19,-12.850400139329755,-38.52425095946568,0.0,0.0,0.0,31.9,31.9,
19_20,-12.850400139329755,-38.515267806624486,0.0,0.0,0.0,31.9,31.9,
19_21,-12.850400139329755,-38.50628465378329,0.0,0.0,0.0,31.9,31.9,
19_22,-12.850400139329755,-38.49730150094209,0.0,0.0,0.0,31.9,31.9,
19_23,-12.850400139329755,-38.4883183481009,0.0,0.0,0.0,31.9,31.9,
19_24,-12.850400139329755,-38.47933519525971,0.0,0.0,0.0,31.9,31.9,
19_25,-12.850400139329755,-38.47035204241851,4.0,2.0,2.0,37.349890710382496,37.4,37.8
19_26,-12.850400139329755,-38.461368889577315,8.0,10.0,-2.0,34.78401639344262,34.8,37.8
19_27,-12.850400139329755,-38.45238573673612,8.0,10.0,-2.0,34.695000000000036,34.6,37.8
19_28,-12.850400139329755,-38.44340258389492,8.0,10.0,-2.0,34.66352459016391,34.7,37.8
19_29,-12.850400139329755,-38.434419431053726,8.0,10.0,-2.0,34.67997267759561,34.7,37.8
19_30,-12.850400139329755,-38.42543627821254,8.0,10.0,-2.0,34.67428961748633,34.7,37.8
19_31,-12.850400139329755,-38.41645312537134,8.0,10.0,-2.0,34.65128415300548,34.6,37.8
19_32,-12.850400139329755,-38.407469972530144,8.0,10.0,-2.0,34.625000000000014,34.6,37.8
19_33,-12.850400139329755,-38.39848681968895,8.0,10.0,-2.0,34.60180327868853,34.6,37.8
19_34,-12.850400139329755,-38.38950366684775,8.0,10.0,-2.0,34.603688524590176,34.6,37.8
19_35,-12.850400139329755,-38.380520514006555,8.0,10.0,-2.0,34.62412568306012,34.6,37.9
19_36,-12.850400139329755,-38.37153736116536,8.0,10.0,-2.0,34.66445355191257,34.7,37.9
19_37,-12.850400139329755,-38.36255420832417,8.0,10.0,-2.0,34.686885245901685,34.7,37.9
19_38,-12.850400139329755,-38.35357105548297,8.0,10.0,-2.0,34.671612021857946,34.7,37.9
19_39,-12.850400139329755,-38.34458790264178,8.0,10.0,-2.0,34.63781420765028,34.6,37.9
19_40,-12.850400139329755,-38.33560474980058,8.0,10.0,-2.0,34.604999999999976,34.6,37.9
19_41,-12.850400139329755,-38.326621596959384,8.0,10.0,-2.0,34.61866120218579,34.6,37.9
19_42,-12.850400139329755,-38.31763844411819,8.0,10.0,-2.0,34.62642076502731,34.6,37.9
19_43,-12.850400139329755,-38.308655291277,8.0,10.0,-2.0,34.62934426229509,34.6,37.9
20_0,-12.84141698648856,-38.69493086344839,0.0,0.0,0.0,31.9,31.9,
20_1,-12.84141698648856,-38.685947710607195,0.0,0.0,0.0,31.9,31.9,
20_2,-12.84141698648856,-38.676964557766,0.0,0.0,0.0,31.9,31.9,
20_3,-12.84141698648856,-38.6679814049248,0.0,0.0,0.0,31.9,31.9,
20_4,-12.84141698648856,-38.658998252083606,0.0,0.0,0.0,31.9,31.9,
20_5,-12.84141698648856,-38.65001509924242,0.0,0.0,0.0,31.9,31.9,
20_6,-12.84141698648856,-38.64103194640122,0.0,0.0,0.0,31.9,31.9,
20_7,-12.84141698648856,-38.632048793560024,0.0,0.0,0.0,31.9,31.9,
20_8,-12.84141698648856,-38.62306564071883,0.0,0.0,0.0,31.9,31.9,
20_9,-12.84141698648856,-38.61408248787763,0.0,0.0,0.0,31.9,31.9,
20_10,-12.84141698648856,-38.605099335036435,0.0,0.0,0.0,31.9,31.9,
20_11,-12.84141698648856,-38.596116182195246,0.0,0.0,0.0,31.9,31.9,
20_12,-12.84141698648856,-38.58713302935405,0.0,0.0,0.0,31.9,31.9,
20_13,-12.84141698648856,-38.57814987651285,0.0,0.0,0.0,31.9,31.9,
20_14,-12.84141698648856,-38.56916672367166,0.0,0.0,0.0,31.9,31.9,
20_15,-12.84141698648856,-38.56018357083046,0.0,0.0,0.0,31.9,31.9,
20_16,-12.84141698648856,-38.551200417989264,0.0,0.0,0.0,31.9,31.9,
20_17,-12.84141698648856,-38.542217265148075,0.0,0.0,0.0,31.9,31.9,
20_18,-12.84141698648856,-38.53323411230688,0.0,0.0,0.0,31.9,31.9,
20_19,-12.84141698648856,-38.52425095946568,0.0,0.0,0.0,31.9,31.9,
20_20,-12.84141698648856,-38.515267806624486,0.0,0.0,0.0,31.9,31.9,
20_21,-12.84141698648856,-38.50628465378329,0.0,0.0,0.0,31.9,31.9,
20_22,-12.84141698648856,-38.49730150094209,0.0,0.0,0.0,31.9,31.9,
20_23,-12.84141698648856,-38.4883183481009,0.0,0.0,0.0,31.9,31.9,
20_24,-12.84141698648856,-38.47933519525971,4.0,2.0,2.0,37.29521857923494,37.3,37.8
20_25,-12.84141698648856,-38.47035204241851,8.0,10.0,-2.0,34.72565573770493,34.7,37.8
20_26,-12.84141698648856,-38.461368889577315,8.0,10.0,-2.0,34.66445355191253,34.6,37.8
20_27,-12.84141698648856,-38.45238573673612,8.0,10.0,-2.0,34.61371584699453,34.6,37.8
20_28,-12.84141698648856,-38.44340258389492,8.0,10.0,-2.0,34.61726775956285,34.6,37.8
20_29,-12.84141698648856,-38.434419431053726,8.0,10.0,-2.0,34.61726775956285,34.6,37.8
20_30,-12.84141698648856,-38.42543627821254,8.0,10.0,-2.0,34.6697267759563,34.7,37.8
20_31,-12.84141698648856,-38.41645312537134,8.0,10.0,-2.0,34.69109289617488,34.7,37.8
20_32,-12.84141698648856,-38.407469972530144,8.0,10.0,-2.0,34.68218579234975,34.7,37.8
20_33,-12.84141698648856,-38.39848681968895,8.0,10.0,-2.0,34.66745901639348,34.7,37.8
20_34,-12.84141698648856,-38.38950366684775,8.0,10.0,-2.0,34.639781420765026,34.6,37.9
20_35,-12.84141698648856,-38.380520514006555,8.0,10.0,-2.0,34.63918032786884,34.6,37.9
20_36,-12.84141698648856,-38.37153736116536,8.0,10.0,-2.0,34.66628415300545,34.6,37.9
20_37,-12.84141698648856,-38.36255420832417,8.0,10.0,-2.0,34.677185792349746,34.7,37.9
20_38,-12.84141698648856,-38.35357105548297,8.0,10.0,-2.0,34.67486338797813,34.7,37.9
20_39,-12.84141698648856,-38.34458790264178,8.0,10.0,-2.0,34.62538251366118,34.6,37.9
20_40,-12.84141698648856,-38.33560474980058,8.0,10.0,-2.0,34.590792349726755,34.6,37.9
20_41,-12.84141698648856,-38.326621596959384,8.0,10.0,-2.0,34.60647540983604,34.6,37.9
20_42,-12.84141698648856,-38.31763844411819,8.0,10.0,-2.0,34.59912568306006,34.6,37.9
20_43,-12.84141698648856,-38.308655291277,8.0,10.0,-2.0,34.59092896174865,34.6,37.9
21_0,-12.832433833647364,-38.69493086344839,0.0,0.0,0.0,31.9,31.9,
21_1,-12.832433833647364,-38.685947710607195,0.0,0.0,0.0,31.9,31.9,
21_2,-12.832433833647364,-38.676964557766,0.0,0.0,0.0,31.9,31.9,
21_3,-12.832433833647364,-38.6679814049248,0.0,0.0,0.0,31.9,31.9,
21_4,-12.832433833647364,-38.658998252083606,0.0,0.0,0.0,31.9,31.9,
21_5,-12.832433833647364,-38.65001509924242,0.0,0.0,0.0,31.9,31.9,
21_6,-12.832433833647364,-38.64103194640122,0.0,0.0,0.0,31.9,31.9,
21_7,-12.832433833647364,-38.632048793560024,0.0,0.0,0.0,31.9,31.9,
21_8,-12.832433833647364,-38.62306564071883,0.0,0.0,0.0,31.9,31.9,
21_9,-12.832433833647364,-38.61408248787763,0.0,0.0,0.0,31.9,31.9,
21_10,-12.832433833647364,-38.605099335036435,0.0,0.0,0.0,31.9,31.9,
21_11,-12.832433833647364,-38.596116182195246,0.0,0.0,0.0,31.9,31.9,
21_12,-12.832433833647364,-38.58713302935405,0.0,0.0,0.0,31.9,31.9,
21_13,-12.832433833647364,-38.57814987651285,0.0,0.0,0.0,31.9,31.9,
21_14,-12.832433833647364,-38.56916672367166,0.0,0.0,0.0,31.9,31.9,
21_15,-12.832433833647364,-38.56018357083046,0.0,0.0,0.0,31.9,31.9,
21_16,-12.832433833647364,-38.551200417989264,0.0,0.0,0.0,31.9,31.9,
21_17,-12.832433833647364,-38.542217265148075,0.0,0.0,0.0,31.9,31.9,
21_18,-12.832433833647364,-38.53323411230688,0.0,0.0,0.0,31.9,31.9,
21_19,-12.832433833647364,-38.52425095946568,0.0,0.0,0.0,31.9,31.9,
21_20,-12.832433833647364,-38.515267806624486,0.0,0.0,0.0,31.9,31.9,
21_21,-12.832433833647364,-38.50628465378329,0.0,0.0,0.0,31.9,31.9,
21_22,-12.832433833647364,-38.49730150094209,0.0,0.0,0.0,31.9,31.9,
21_23,-12.832433833647364,-38.4883183481009,8.0,10.0,-2.0,34.628497267759556,34.6,37.8
21_24,-12.832433833647364,-38.47933519525971,8.0,10.0,-2.0,34.63557377049179,34.6,37.8
21_25,-12.832433833647364,-38.47035204241851,8.0,10.0,-2.0,34.650464480874334,34.6,37.8
21_26,-12.832433833647364,-38.461368889577315,8.0,10.0,-2.0,34.59363387978142,34.6,37.8
21_27,-12.832433833647364,-38.45238573673612,8.0,10.0,-2.0,34.59363387978142,34.6,37.8
21_28,-12.832433833647364,-38.44340258389492,8.0,10.0,-2.0,34.6018852459016,34.6,37.8
21_29,-12.832433833647364,-38.434419431053726,8.0,10.0,-2.0,34.611038251366075,34.6,37.8
21_30,-12.832433833647364,-38.42543627821254,8.0,10.0,-2.0,34.64229508196724,34.6,37.8
21_31,-12.832433833647364,-38.41645312537134,8.0,11.0,-3.0,34.69248633879781,34.7,37.8
21_32,-12.832433833647364,-38.407469972530144,8.0,11.0,-3.0,34.74226775956289,34.8,37.8
21_33,-12.832433833647364,-38.39848681968895,8.0,10.0,-2.0,34.703715846994534,34.7,37.9
21_34,-12.832433833647364,-38.38950366684775,8.0,10.0,-2.0,34.645956284153016,34.6,37.8
21_35,-12.832433833647364,-38.380520514006555,8.0,10.0,-2.0,34.61431693989069,34.6,37.9
21_36,-12.832433833647364,-38.37153736116536,8.0,10.0,-2.0,34.62234972677595,34.6,37.9
21_37,-12.832433833647364,-38.36255420832417,8.0,10.0,-2.0,34.60898907103824,34.6,37.9
21_38,-12.832433833647364,-38.35357105548297,8.0,10.0,-2.0,34.615956284153,34.6,37.9
21_39,-12.832433833647364,-38.34458790264178,8.0,10.0,-2.0,34.58573770491805,34.6,37.9
21_40,-12.832433833647364,-38.33560474980058,8.0,10.0,-2.0,34.57549180327869,34.5,37.9
21_41,-12.832433833647364,-38.326621596959384,8.0,10.0,-2.0,34.568142076502745,34.6,37.9
21_42,-12.832433833647364,-38.31763844411819,8.0,10.0,-2.0,34.568142076502745,34.6,37.9
21_43,-12.832433833647364,-38.308655291277,8.0,10.0,-2.0,34.59062841530054,34.6,37.9
22_0,-12.82345068080617,-38.69493086344839,0.0,0.0,0.0,31.9,31.9,
22_1,-12.82345068080617,-38.685947710607195,0.0,0.0,0.0,31.9,31.9,
22_2,-12.82345068080617,-38.676964557766,0.0,0.0,0.0,31.9,31.9,
22_3,-12.82345068080617,-38.6679814049248,0.0,0.0,0.0,31.9,31.9,
22_4,-12.82345068080617,-38.658998252083606,0.0,0.0,0.0,31.9,31.9,
22_5,-12.82345068080617,-38.65001509924242,0.0,0.0,0.0,31.9,31.9,
22_6,-12.82345068080617,-38.64103194640122,0.0,0.0,0.0,31.9,31.9,
22_7,-12.82345068080617,-38.632048793560024,0.0,0.0,0.0,31.9,31.9,
22_8,-12.82345068080617,-38.62306564071883,0.0,0.0,0.0,31.9,31.9,
22_9,-12.82345068080617,-38.61408248787763,0.0,0.0,0.0,31.9,31.9,
22_10,-12.82345068080617,-38.605099335036435,0.0,0.0,0.0,31.9,31.9,
22_11,-12.82345068080617,-38.596116182195246,0.0,0.0,0.0,31.9,31.9,
22_12,-12.82345068080617,-38.58713302935405,0.0,0.0,0.0,31.9,31.9,
22_13,-12.82345068080617,-38.57814987651285,0.0,0.0,0.0,31.9,31.9,
22_14,-12.82345068080617,-38.56916672367166,0.0,0.0,0.0,31.9,31.9,
22_15,-12.82345068080617,-38.56018357083046,0.0,0.0,0.0,31.9,31.9,
22_16,-12.82345068080617,-38.551200417989264,0.0,0.0,0.0,31.9,31.9,
22_17,-12.82345068080617,-38.542217265148075,0.0,0.0,0.0,31.9,31.9,
22_18,-12.82345068080617,-38.53323411230688,0.0,0.0,0.0,31.9,31.9,
22_19,-12.82345068080617,-38.52425095946568,0.0,0.0,0.0,31.9,31.9,
22_20,-12.82345068080617,-38.515267806624486,0.0,0.0,0.0,31.9,31.9,
22_21,-12.82345068080617,-38.50628465378329,0.0,0.0,0.0,31.9,31.9,
22_22,-12.82345068080617,-38.49730150094209,0.0,0.0,0.0,31.9,31.9,
22_23,-12.82345068080617,-38.4883183481009,8.0,10.0,-2.0,34.61180327868848,34.6,37.8
22_24,-12.82345068080617,-38.47933519525971,8.0,10.0,-2.0,34.61180327868848,34.6,37.8
22_25,-12.82345068080617,-38.47035204241851,8.0,10.0,-2.0,34.59319672131142,34.5,37.8
22_26,-12.82345068080617,-38.461368889577315,8.0,10.0,-2.0,34.63087431693988,34.6,37.8
22_27,-12.82345068080617,-38.45238573673612,8.0,10.0,-2.0,34.5761202185792,34.5,37.8
22_28,-12.82345068080617,-38.44340258389492,8.0,10.0,-2.0,34.58614754098359,34.6,37.8
22_29,-12.82345068080617,-38.434419431053726,8.0,10.0,-2.0,34.591366120218524,34.6,37.8
22_30,-12.82345068080617,-38.42543627821254,8.0,10.0,-2.0,34.62092896174861,34.6,37.8
22_31,-12.82345068080617,-38.41645312537134,8.0,10.0,-2.0,34.66385245901639,34.6,37.8
22_32,-12.82345068080617,-38.407469972530144,8.0,10.0,-2.0,34.72685792349732,34.7,37.8
22_33,-12.82345068080617,-38.39848681968895,8.0,10.0,-2.0,34.74229508196722,34.7,37.9
22_34,-12.82345068080617,-38.38950366684775,8.0,10.0,-2.0,34.68087431693992,34.7,37.9
22_35,-12.82345068080617,-38.380520514006555,8.0,10.0,-2.0,34.615573770491764,34.6,37.9
22_36,-12.82345068080617,-38.37153736116536,8.0,10.0,-2.0,34.599562841530066,34.6,37.9
22_37,-12.82345068080617,-38.36255420832417,8.0,10.0,-2.0,34.59281420765031,34.6,37.9
22_38,-12.82345068080617,-38.35357105548297,8.0,10.0,-2.0,34.593005464480896,34.6,37.9
22_39,-12.82345068080617,-38.34458790264178,8.0,10.0,-2.0,34.56762295081969,34.6,37.9
22_40,-12.82345068080617,-38.33560474980058,8.0,10.0,-2.0,34.54461748633878,34.5,37.9
22_41,-12.82345068080617,-38.326621596959384,9.0,10.0,-1.0,34.28786885245904,34.3,37.9
22_42,-12.82345068080617,-38.31763844411819,8.0,10.0,-2.0,34.55040983606558,34.6,37.9
22_43,-12.82345068080617,-38.308655291277,8.0,10.0,-2.0,34.576366120218616,34.6,37.9
23_0,-12.814467527964975,-38.69493086344839,0.0,0.0,0.0,31.9,31.9,
23_1,-12.814467527964975,-38.685947710607195,0.0,0.0,0.0,31.9,31.9,
23_2,-12.814467527964975,-38.676964557766,0.0,0.0,0.0,31.9,31.9,
23_3,-12.814467527964975,-38.6679814049248,0.0,0.0,0.0,31.9,31.9,
23_4,-12.814467527964975,-38.658998252083606,0.0,0.0,0.0,31.9,31.9,
23_5,-12.814467527964975,-38.65001509924242,0.0,0.0,0.0,31.9,31.9,
23_6,-12.814467527964975,-38.64103194640122,0.0,0.0,0.0,31.9,31.9,
23_7,-12.814467527964975,-38.632048793560024,0.0,0.0,0.0,31.9,31.9,
23_8,-12.814467527964975,-38.62306564071883,0.0,0.0,0.0,31.9,31.9,
23_9,-12.814467527964975,-38.61408248787763,0.0,0.0,0.0,31.9,31.9,
23_10,-12.814467527964975,-38.605099335036435,0.0,0.0,0.0,31.9,31.9,
23_11,-12.814467527964975,-38.596116182195246,0.0,0.0,0.0,31.9,31.9,
23_12,-12.814467527964975,-38.58713302935405,0.0,0.0,0.0,31.9,31.9,
23_13,-12.814467527964975,-38.57814987651285,0.0,0.0,0.0,31.9,31.9,
23_14,-12.814467527964975,-38.56916672367166,0.0,0.0,0.0,31.9,31.9,
23_15,-12.814467527964975,-38.56018357083046,0.0,0.0,0.0,31.9,31.9,
23_16,-12.814467527964975,-38.551200417989264,0.0,0.0,0.0,31.9,31.9,
23_17,-12.814467527964975,-38.542217265148075,0.0,0.0,0.0,31.9,31.9,
23_18,-12.814467527964975,-38.53323411230688,0.0,0.0,0.0,31.9,31.9,
23_19,-12.814467527964975,-38.52425095946568,0.0,0.0,0.0,31.9,31.9,
23_20,-12.814467527964975,-38.515267806624486,0.0,0.0,0.0,31.9,31.9,
23_21,-12.814467527964975,-38.50628465378329,0.0,0.0,0.0,31.9,31.9,
23_22,-12.814467527964975,-38.49730150094209,0.0,0.0,0.0,31.9,31.9,
23_23,-12.814467527964975,-38.4883183481009,0.0,0.0,0.0,31.9,31.9,
23_24,-12.814467527964975,-38.47933519525971,8.0,10.0,-2.0,34.61180327868848,34.6,37.8
23_25,-12.814467527964975,-38.47035204241851,8.0,10.0,-2.0,34.59319672131142,34.5,37.8
23_26,-12.814467527964975,-38.461368889577315,8.0,10.0,-2.0,34.63087431693988,34.6,37.8
23_27,-12.814467527964975,-38.45238573673612,8.0,10.0,-2.0,34.5761202185792,34.5,37.8
23_28,-12.814467527964975,-38.44340258389492,8.0,10.0,-2.0,34.58614754098359,34.6,37.8
23_29,-12.814467527964975,-38.434419431053726,8.0,10.0,-2.0,34.591366120218524,34.6,37.8
23_30,-12.814467527964975,-38.42543627821254,8.0,10.0,-2.0,34.62092896174861,34.6,37.8
23_31,-12.814467527964975,-38.41645312537134,8.0,10.0,-2.0,34.66385245901639,34.6,37.8
23_32,-12.814467527964975,-38.407469972530144,8.0,10.0,-2.0,34.72685792349732,34.7,37.8
23_33,-12.814467527964975,-38.39848681968895,8.0,10.0,-2.0,34.74229508196722,34.7,37.9
23_34,-12.814467527964975,-38.38950366684775,8.0,10.0,-2.0,34.68087431693992,34.7,37.9
23_35,-12.814467527964975,-38.380520514006555,8.0,10.0,-2.0,34.615573770491764,34.6,37.9
23_36,-12.814467527964975,-38.37153736116536,8.0,10.0,-2.0,34.599562841530066,34.6,37.9
23_37,-12.814467527964975,-38.36255420832417,8.0,10.0,-2.0,34.59281420765031,34.6,37.9
23_38,-12.814467527964975,-38.35357105548297,8.0,10.0,-2.0,34.59281420765031,34.6,37.9
23_39,-12.814467527964975,-38.34458790264178,8.0,10.0,-2.0,34.593005464480896,34.6,37.9
23_40,-12.814467527964975,-38.33560474980058,8.0,10.0,-2.0,34.54461748633878,34.5,37.9
23_41,-12.814467527964975,-38.326621596959384,9.0,10.0,-1.0,34.28786885245904,34.3,37.9
23_42,-12.814467527964975,-38.31763844411819,8.0,10.0,-2.0,34.55040983606558,34.6,37.9
23_43,-12.814467527964975,-38.308655291277,8.0,10.0,-2.0,34.576366120218616,34.6,37.9
24_0,-12.805484375123779,-38.69493086344839,0.0,0.0,0.0,31.9,31.9,
24_1,-12.805484375123779,-38.685947710607195,0.0,0.0,0.0,31.9,31.9,
24_2,-12.805484375123779,-38.676964557766,0.0,0.0,0.0,31.9,31.9,
24_3,-12.805484375123779,-38.6679814049248,0.0,0.0,0.0,31.9,31.9,
24_4,-12.805484375123779,-38.658998252083606,0.0,0.0,0.0,31.9,31.9,
24_5,-12.805484375123779,-38.65001509924242,0.0,0.0,0.0,31.9,31.9,
24_6,-12.805484375123779,-38.64103194640122,4.0,3.0,1.0,37.07920765027324,37.1,37.6
24_7,-12.805484375123779,-38.632048793560024,0.0,0.0,0.0,31.9,31.9,
24_8,-12.805484375123779,-38.62306564071883,0.0,0.0,0.0,31.9,31.9,
24_9,-12.805484375123779,-38.61408248787763,0.0,0.0,0.0,31.9,31.9,
24_10,-12.805484375123779,-38.605099335036435,0.0,0.0,0.0,31.9,31.9,
24_11,-12.805484375123779,-38.596116182195246,0.0,0.0,0.0,31.9,31.9,
24_12,-12.805484375123779,-38.58713302935405,0.0,0.0,0.0,31.9,31.9,
24_13,-12.805484375123779,-38.57814987651285,0.0,0.0,0.0,31.9,31.9,
24_14,-12.805484375123779,-38.56916672367166,0.0,0.0,0.0,31.9,31.9,
24_15,-12.805484375123779,-38.56018357083046,0.0,0.0,0.0,31.9,31.9,
24_16,-12.805484375123779,-38.551200417989264,0.0,0.0,0.0,31.9,31.9,
24_17,-12.805484375123779,-38.542217265148075,0.0,0.0,0.0,31.9,31.9,
24_18,-12.805484375123779,-38.53323411230688,0.0,0.0,0.0,31.9,31.9,
24_19,-12.805484375123779,-38.52425095946568,0.0,0.0,0.0,31.9,31.9,
24_20,-12.805484375123779,-38.515267806624486,0.0,0.0,0.0,31.9,31.9,
24_21,-12.805484375123779,-38.50628465378329,0.0,0.0,0.0,31.9,31.9,
24_22,-12.805484375123779,-38.49730150094209,0.0,0.0,0.0,31.9,31.9,
24_23,-12.805484375123779,-38.4883183481009,0.0,0.0,0.0,34.99390710382514,35.27,
24_24,-12.805484375123779,-38.47933519525971,7.0,9.0,-2.0,34.57445355191251,34.5,37.8
24_25,-12.805484375123779,-38.47035204241851,0.0,0.0,0.0,31.9,31.9,
24_26,-12.805484375123779,-38.461368889577315,0.0,0.0,0.0,31.9,31.9,
24_27,-12.805484375123779,-38.45238573673612,0.0,0.0,0.0,33.32939890710381,33.8,
24_28,-12.805484375123779,-38.44340258389492,8.0,10.0,-2.0,34.59019125683055,34.6,37.8
24_29,-12.805484375123779,-38.434419431053726,8.0,10.0,-2.0,34.60300546448082,34.6,37.8
24_30,-12.805484375123779,-38.42543627821254,8.0,10.0,-2.0,34.62877049180326,34.6,37.8
24_31,-12.805484375123779,-38.41645312537134,8.0,10.0,-2.0,34.626120218579224,34.6,37.8
24_32,-12.805484375123779,-38.407469972530144,8.0,10.0,-2.0,34.70027322404371,34.7,37.8
24_33,-12.805484375123779,-38.39848681968895,8.0,10.0,-2.0,34.729890710382556,34.7,37.9
24_34,-12.805484375123779,-38.38950366684775,8.0,10.0,-2.0,34.69459016393446,34.7,37.9
24_35,-12.805484375123779,-38.380520514006555,8.0,10.0,-2.0,34.69459016393446,34.7,37.9
24_36,-12.805484375123779,-38.37153736116536,8.0,10.0,-2.0,34.64040983606561,34.6,37.9
24_37,-12.805484375123779,-38.36255420832417,8.0,10.0,-2.0,34.60789617486337,34.6,37.9
24_38,-12.805484375123779,-38.35357105548297,8.0,10.0,-2.0,34.595573770491775,34.6,37.9
24_39,-12.805484375123779,-38.34458790264178,8.0,10.0,-2.0,34.59292349726775,34.6,37.9
24_40,-12.805484375123779,-38.33560474980058,8.0,10.0,-2.0,34.56224043715848,34.5,37.9
24_41,-12.805484375123779,-38.326621596959384,8.0,10.0,-2.0,34.56901639344262,34.5,37.9
24_42,-12.805484375123779,-38.31763844411819,8.0,10.0,-2.0,34.5536885245902,34.5,37.9
24_43,-12.805484375123779,-38.308655291277,8.0,10.0,-2.0,34.58743169398907,34.6,37.9
25_0,-12.796501222282584,-38.69493086344839,0.0,0.0,0.0,31.9,31.9,
25_1,-12.796501222282584,-38.685947710607195,0.0,0.0,0.0,31.9,31.9,
25_2,-12.796501222282584,-38.676964557766,0.0,0.0,0.0,31.9,31.9,
25_3,-12.796501222282584,-38.6679814049248,0.0,0.0,0.0,31.9,31.9,
25_4,-12.796501222282584,-38.658998252083606,0.0,0.0,0.0,31.9,31.9,
25_5,-12.796501222282584,-38.65001509924242,0.0,0.0,0.0,31.9,31.9,
25_6,-12.796501222282584,-38.64103194640122,8.0,10.0,-2.0,34.538606557377065,34.5,37.6
25_7,-12.796501222282584,-38.632048793560024,8.0,10.0,-2.0,34.56316939890709,34.5,37.6
25_8,-12.796501222282584,-38.62306564071883,0.0,0.0,0.0,31.9,31.9,
25_9,-12.796501222282584,-38.61408248787763,0.0,0.0,0.0,31.9,31.9,
25_10,-12.796501222282584,-38.605099335036435,0.0,0.0,0.0,31.9,31.9,
25_11,-12.796501222282584,-38.596116182195246,0.0,0.0,0.0,31.9,31.9,
25_12,-12.796501222282584,-38.58713302935405,0.0,0.0,0.0,31.9,31.9,
25_13,-12.796501222282584,-38.57814987651285,0.0,0.0,0.0,31.9,31.9,
25_14,-12.796501222282584,-38.56916672367166,0.0,0.0,0.0,31.9,31.9,
25_15,-12.796501222282584,-38.56018357083046,0.0,0.0,0.0,31.9,31.9,
25_16,-12.796501222282584,-38.551200417989264,0.0,0.0,0.0,31.9,31.9,
25_17,-12.796501222282584,-38.542217265148075,0.0,0.0,0.0,31.9,31.9,
25_18,-12.796501222282584,-38.53323411230688,0.0,0.0,0.0,31.9,31.9,
25_19,-12.796501222282584,-38.52425095946568,4.0,2.0,2.0,37.241557377049176,37.2,37.7
25_20,-12.796501222282584,-38.515267806624486,0.0,0.0,0.0,31.9,31.9,
25_21,-12.796501222282584,-38.50628465378329,0.0,0.0,0.0,31.9,31.9,
25_22,-12.796501222282584,-38.49730150094209,0.0,0.0,0.0,31.9,31.9,
25_23,-12.796501222282584,-38.4883183481009,8.0,10.0,-2.0,34.55571038251365,34.5,37.8
25_24,-12.796501222282584,-38.47933519525971,0.0,0.0,0.0,33.259125683060155,33.7,
25_25,-12.796501222282584,-38.47035204241851,0.0,0.0,0.0,31.9,31.9,
25_26,-12.796501222282584,-38.461368889577315,0.0,0.0,0.0,31.9,31.9,
25_27,-12.796501222282584,-38.45238573673612,8.0,10.0,-2.0,34.611830601092905,34.6,37.8
25_28,-12.796501222282584,-38.44340258389492,8.0,10.0,-2.0,34.59071038251365,34.6,37.8
25_29,-12.796501222282584,-38.434419431053726,8.0,10.0,-2.0,34.588278688524596,34.6,37.8
25_30,-12.796501222282584,-38.42543627821254,8.0,10.0,-2.0,34.66262295081967,34.7,37.8
25_31,-12.796501222282584,-38.41645312537134,8.0,10.0,-2.0,34.66262295081967,34.7,37.8
25_32,-12.796501222282584,-38.407469972530144,8.0,10.0,-2.0,34.72620218579242,34.7,37.8
25_33,-12.796501222282584,-38.39848681968895,8.0,10.0,-2.0,34.765081967213135,34.8,37.8
25_34,-12.796501222282584,-38.38950366684775,8.0,10.0,-2.0,34.728797814207695,34.7,37.8
25_35,-12.796501222282584,-38.380520514006555,8.0,10.0,-2.0,34.68016393442625,34.7,37.9
25_36,-12.796501222282584,-38.37153736116536,8.0,10.0,-2.0,34.62636612021857,34.6,37.9
25_37,-12.796501222282584,-38.36255420832417,8.0,10.0,-2.0,34.613224043715846,34.6,37.9
25_38,-12.796501222282584,-38.35357105548297,8.0,10.0,-2.0,34.6036338797814,34.6,37.9
25_39,-12.796501222282584,-38.34458790264178,8.0,10.0,-2.0,34.60297814207648,34.6,37.9
25_40,-12.796501222282584,-38.33560474980058,8.0,10.0,-2.0,34.607950819672105,34.6,37.9
25_41,-12.796501222282584,-38.326621596959384,8.0,10.0,-2.0,34.57672131147542,34.5,37.9
25_42,-12.796501222282584,-38.31763844411819,8.0,10.0,-2.0,34.57371584699454,34.6,37.9
25_43,-12.796501222282584,-38.308655291277,8.0,10.0,-2.0,34.583387978142085,34.6,37.9
26_0,-12.78751806944139,-38.69493086344839,0.0,0.0,0.0,31.9,31.9,
26_1,-12.78751806944139,-38.685947710607195,0.0,0.0,0.0,31.9,31.9,
26_2,-12.78751806944139,-38.676964557766,0.0,0.0,0.0,31.9,31.9,
26_3,-12.78751806944139,-38.6679814049248,0.0,0.0,0.0,31.9,31.9,
26_4,-12.78751806944139,-38.658998252083606,0.0,0.0,0.0,31.9,31.9,
26_5,-12.78751806944139,-38.65001509924242,0.0,0.0,0.0,31.9,31.9,
26_6,-12.78751806944139,-38.64103194640122,4.0,3.0,1.0,37.099945355191224,37.1,37.6
26_7,-12.78751806944139,-38.632048793560024,8.0,10.0,-2.0,34.554180327868835,34.5,37.6
26_8,-12.78751806944139,-38.62306564071883,0.0,0.0,0.0,31.9,31.9,
26_9,-12.78751806944139,-38.61408248787763,0.0,0.0,0.0,31.9,31.9,
26_10,-12.78751806944139,-38.605099335036435,0.0,0.0,0.0,31.9,31.9,
26_11,-12.78751806944139,-38.596116182195246,0.0,0.0,0.0,31.9,31.9,
26_12,-12.78751806944139,-38.58713302935405,0.0,0.0,0.0,31.9,31.9,
26_13,-12.78751806944139,-38.57814987651285,0.0,0.0,0.0,31.9,31.9,
26_14,-12.78751806944139,-38.56916672367166,0.0,0.0,0.0,31.9,31.9,
26_15,-12.78751806944139,-38.56018357083046,0.0,0.0,0.0,31.9,31.9,
26_16,-12.78751806944139,-38.551200417989264,0.0,0.0,0.0,31.9,31.9,
26_17,-12.78751806944139,-38.542217265148075,0.0,0.0,0.0,31.9,31.9,
26_18,-12.78751806944139,-38.53323411230688,0.0,0.0,0.0,31.9,31.9,
26_19,-12.78751806944139,-38.52425095946568,4.0,3.0,1.0,37.14620218579233,37.2,37.7
26_20,-12.78751806944139,-38.515267806624486,8.0,10.0,-2.0,34.62639344262296,34.6,37.7
26_21,-12.78751806944139,-38.50628465378329,0.0,0.0,0.0,31.9,31.9,
26_22,-12.78751806944139,-38.49730150094209,0.0,0.0,0.0,31.9,31.9,
26_23,-12.78751806944139,-38.4883183481009,0.0,0.0,0.0,31.9,31.9,
26_24,-12.78751806944139,-38.47933519525971,0.0,0.0,0.0,31.9,31.9,
26_25,-12.78751806944139,-38.47035204241851,0.0,0.0,0.0,31.9,31.9,
26_26,-12.78751806944139,-38.461368889577315,0.0,0.0,0.0,31.9,31.9,
26_27,-12.78751806944139,-38.45238573673612,0.0,0.0,0.0,31.9,31.9,
26_28,-12.78751806944139,-38.44340258389492,8.0,10.0,-2.0,34.5707650273224,34.5,37.8
26_29,-12.78751806944139,-38.434419431053726,8.0,10.0,-2.0,34.5707650273224,34.5,37.8
26_30,-12.78751806944139,-38.42543627821254,8.0,10.0,-2.0,34.622185792349725,34.6,37.8
26_31,-12.78751806944139,-38.41645312537134,8.0,10.0,-2.0,34.652595628415305,34.6,37.8
26_32,-12.78751806944139,-38.407469972530144,8.0,10.0,-2.0,34.78180327868856,34.8,37.9
26_33,-12.78751806944139,-38.39848681968895,8.0,10.0,-2.0,34.8318579234973,34.8,37.9
26_34,-12.78751806944139,-38.38950366684775,8.0,10.0,-2.0,34.785327868852505,34.8,37.9
26_35,-12.78751806944139,-38.380520514006555,8.0,10.0,-2.0,34.73292349726776,34.7,37.9
26_36,-12.78751806944139,-38.37153736116536,8.0,10.0,-2.0,34.700628415300585,34.7,37.9
26_37,-12.78751806944139,-38.36255420832417,8.0,10.0,-2.0,34.64704918032789,34.6,37.9
26_38,-12.78751806944139,-38.35357105548297,8.0,10.0,-2.0,34.63054644808741,34.6,37.9
26_39,-12.78751806944139,-38.34458790264178,8.0,10.0,-2.0,34.6127049180328,34.6,37.9
26_40,-12.78751806944139,-38.33560474980058,8.0,10.0,-2.0,34.57874316939891,34.5,37.9
26_41,-12.78751806944139,-38.326621596959384,8.0,10.0,-2.0,34.5856010928962,34.6,37.9
26_42,-12.78751806944139,-38.31763844411819,8.0,10.0,-2.0,34.58846994535523,34.6,37.9
26_43,-12.78751806944139,-38.308655291277,8.0,10.0,-2.0,34.577732240437165,34.5,37.9
27_0,-12.778534916600194,-38.69493086344839,0.0,0.0,0.0,31.9,31.9,
27_1,-12.778534916600194,-38.685947710607195,0.0,0.0,0.0,31.9,31.9,
27_2,-12.778534916600194,-38.676964557766,0.0,0.0,0.0,31.9,31.9,
27_3,-12.778534916600194,-38.6679814049248,0.0,0.0,0.0,31.9,31.9,
27_4,-12.778534916600194,-38.658998252083606,0.0,0.0,0.0,31.9,31.9,
27_5,-12.778534916600194,-38.65001509924242,4.0,3.0,1.0,37.12691256830602,37.1,37.6
27_6,-12.778534916600194,-38.64103194640122,8.0,10.0,-2.0,34.56598360655738,34.5,37.6
27_7,-12.778534916600194,-38.632048793560024,8.0,10.0,-2.0,34.55073770491803,34.5,37.6
27_8,-12.778534916600194,-38.62306564071883,0.0,0.0,0.0,31.9,31.9,
27_9,-12.778534916600194,-38.61408248787763,0.0,0.0,0.0,31.9,31.9,
27_10,-12.778534916600194,-38.605099335036435,0.0,0.0,0.0,31.9,31.9,
27_11,-12.778534916600194,-38.596116182195246,0.0,0.0,0.0,31.9,31.9,
27_12,-12.778534916600194,-38.58713302935405,0.0,0.0,0.0,31.9,31.9,
27_13,-12.778534916600194,-38.57814987651285,0.0,0.0,0.0,31.9,31.9,
27_14,-12.778534916600194,-38.56916672367166,0.0,0.0,0.0,31.9,31.9,
27_15,-12.778534916600194,-38.56018357083046,0.0,0.0,0.0,31.9,31.9,
27_16,-12.778534916600194,-38.551200417989264,0.0,0.0,0.0,31.9,31.9,
27_17,-12.778534916600194,-38.542217265148075,0.0,0.0,0.0,31.9,31.9,
27_18,-12.778534916600194,-38.53323411230688,0.0,0.0,0.0,31.9,31.9,
27_19,-12.778534916600194,-38.52425095946568,8.0,10.0,-2.0,34.627213114754085,34.6,37.7
27_20,-12.778534916600194,-38.515267806624486,8.0,10.0,-2.0,34.62852459016394,34.6,37.7
27_21,-12.778534916600194,-38.50628465378329,0.0,0.0,0.0,31.9,31.9,
27_22,-12.778534916600194,-38.49730150094209,0.0,0.0,0.0,31.9,31.9,
27_23,-12.778534916600194,-38.4883183481009,0.0,0.0,0.0,31.9,31.9,
27_24,-12.778534916600194,-38.47933519525971,8.0,10.0,-2.0,34.63808743169402,34.6,37.8
27_25,-12.778534916600194,-38.47035204241851,8.0,10.0,-2.0,34.61284153005466,34.6,37.8
27_26,-12.778534916600194,-38.461368889577315,8.0,10.0,-2.0,34.61284153005466,34.6,37.8
27_27,-12.778534916600194,-38.45238573673612,0.0,0.0,0.0,31.9,31.9,
27_28,-12.778534916600194,-38.44340258389492,8.0,10.0,-2.0,34.27543715846995,34.29000000000005,37.8
27_29,-12.778534916600194,-38.434419431053726,8.0,10.0,-2.0,34.58374316939891,34.5,37.8
27_30,-12.778534916600194,-38.42543627821254,8.0,10.0,-2.0,34.61423497267762,34.6,37.8
27_31,-12.778534916600194,-38.41645312537134,8.0,10.0,-2.0,34.63540983606557,34.6,37.8
27_32,-12.778534916600194,-38.407469972530144,8.0,10.0,-2.0,34.728879781420794,34.7,37.8
27_33,-12.778534916600194,-38.39848681968895,8.0,10.0,-2.0,34.7491530054645,34.7,37.9
27_34,-12.778534916600194,-38.38950366684775,8.0,10.0,-2.0,34.72095628415306,34.7,37.9
27_35,-12.778534916600194,-38.380520514006555,8.0,10.0,-2.0,34.703879781420824,34.7,37.9
27_36,-12.778534916600194,-38.37153736116536,8.0,10.0,-2.0,34.66871584699456,34.6,37.9
27_37,-12.778534916600194,-38.36255420832417,8.0,10.0,-2.0,34.670628415300534,34.6,37.9
27_38,-12.778534916600194,-38.35357105548297,8.0,10.0,-2.0,34.64032786885246,34.6,37.9
27_39,-12.778534916600194,-38.34458790264178,8.0,10.0,-2.0,34.61275956284152,34.6,37.9
27_40,-12.778534916600194,-38.33560474980058,8.0,10.0,-2.0,34.62568306010928,34.6,37.9
27_41,-12.778534916600194,-38.326621596959384,8.0,10.0,-2.0,34.631557377049155,34.6,37.9
27_42,-12.778534916600194,-38.31763844411819,8.0,10.0,-2.0,34.631557377049155,34.6,37.9
27_43,-12.778534916600194,-38.308655291277,8.0,10.0,-2.0,34.61254098360656,34.6,37.9
28_0,-12.769551763758999,-38.69493086344839,0.0,0.0,0.0,31.9,31.9,
28_1,-12.769551763758999,-38.685947710607195,0.0,0.0,0.0,31.9,31.9,
28_2,-12.769551763758999,-38.676964557766,0.0,0.0,0.0,31.9,31.9,
28_3,-12.769551763758999,-38.6679814049248,0.0,0.0,0.0,31.9,31.9,
28_4,-12.769551763758999,-38.658998252083606,0.0,0.0,0.0,31.9,31.9,
28_5,-12.769551763758999,-38.65001509924242,0.0,0.0,0.0,31.9,31.9,
28_6,-12.769551763758999,-38.64103194640122,8.0,10.0,-2.0,34.59819672131147,34.5,37.6
28_7,-12.769551763758999,-38.632048793560024,8.0,10.0,-2.0,34.535437158469946,34.5,37.6
28_8,-12.769551763758999,-38.62306564071883,0.0,0.0,0.0,31.9,31.9,
28_9,-12.769551763758999,-38.61408248787763,0.0,0.0,0.0,31.9,31.9,
28_10,-12.769551763758999,-38.605099335036435,0.0,0.0,0.0,31.9,31.9,
28_11,-12.769551763758999,-38.596116182195246,0.0,0.0,0.0,31.9,31.9,
28_12,-12.769551763758999,-38.58713302935405,0.0,0.0,0.0,31.9,31.9,
28_13,-12.769551763758999,-38.57814987651285,0.0,0.0,0.0,31.9,31.9,
28_14,-12.769551763758999,-38.56916672367166,0.0,0.0,0.0,31.9,31.9,
28_15,-12.769551763758999,-38.56018357083046,0.0,0.0,0.0,31.9,31.9,
28_16,-12.769551763758999,-38.551200417989264,0.0,0.0,0.0,31.9,31.9,
28_17,-12.769551763758999,-38.542217265148075,0.0,0.0,0.0,31.9,31.9,
28_18,-12.769551763758999,-38.53323411230688,8.0,10.0,-2.0,34.62606557377049,34.6,37.7
28_19,-12.769551763758999,-38.52425095946568,8.0,10.0,-2.0,34.62683060109286,34.6,37.7
28_20,-12.769551763758999,-38.515267806624486,0.0,0.0,0.0,31.9,31.9,
28_21,-12.769551763758999,-38.50628465378329,0.0,0.0,0.0,31.9,31.9,
28_22,-12.769551763758999,-38.49730150094209,8.0,10.0,-2.0,34.6216393442623,34.6,37.7
28_23,-12.769551763758999,-38.4883183481009,8.0,10.0,-2.0,34.646420765027315,34.6,37.8
28_24,-12.769551763758999,-38.47933519525971,8.0,10.0,-2.0,34.646420765027315,34.6,37.8
28_25,-12.769551763758999,-38.47035204241851,8.0,10.0,-2.0,34.62521857923498,34.6,37.8
28_26,-12.769551763758999,-38.461368889577315,8.0,10.0,-2.0,34.59715846994534,34.6,37.8
28_27,-12.769551763758999,-38.45238573673612,0.0,0.0,0.0,31.9,31.9,
28_28,-12.769551763758999,-38.44340258389492,0.0,0.0,0.0,31.9,31.9,
28_29,-12.769551763758999,-38.434419431053726,9.0,10.0,-1.0,34.3266666666667,34.3,37.8
28_30,-12.769551763758999,-38.42543627821254,0.0,0.0,0.0,31.9,31.9,
28_31,-12.769551763758999,-38.41645312537134,8.0,10.0,-2.0,34.64147540983609,34.6,37.8
28_32,-12.769551763758999,-38.407469972530144,8.0,10.0,-2.0,34.65653005464481,34.6,37.8
28_33,-12.769551763758999,-38.39848681968895,8.0,10.0,-2.0,34.69278688524592,34.7,37.9
28_34,-12.769551763758999,-38.38950366684775,8.0,10.0,-2.0,34.69133879781425,34.7,37.8
28_35,-12.769551763758999,-38.380520514006555,8.0,10.0,-2.0,34.65396174863389,34.6,37.9
28_36,-12.769551763758999,-38.37153736116536,8.0,10.0,-2.0,34.65806010928962,34.6,37.9
28_37,-12.769551763758999,-38.36255420832417,8.0,10.0,-2.0,34.64289617486339,34.6,37.9
28_38,-12.769551763758999,-38.35357105548297,8.0,10.0,-2.0,34.61691256830601,34.6,37.9
28_39,-12.769551763758999,-38.34458790264178,8.0,10.0,-2.0,34.63327868852462,34.6,37.9
28_40,-12.769551763758999,-38.33560474980058,8.0,10.0,-2.0,34.64775956284153,34.6,37.9
28_41,-12.769551763758999,-38.326621596959384,8.0,10.0,-2.0,34.68469945355188,34.6,37.9
28_42,-12.769551763758999,-38.31763844411819,8.0,10.0,-2.0,34.67953551912566,34.6,37.9
28_43,-12.769551763758999,-38.308655291277,8.0,10.0,-2.0,34.66297814207652,34.6,37.9
29_0,-12.760568610917803,-38.69493086344839,0.0,0.0,0.0,31.9,31.9,
29_1,-12.760568610917803,-38.685947710607195,0.0,0.0,0.0,31.9,31.9,
29_2,-12.760568610917803,-38.676964557766,0.0,0.0,0.0,31.9,31.9,
29_3,-12.760568610917803,-38.6679814049248,0.0,0.0,0.0,31.9,31.9,
29_4,-12.760568610917803,-38.658998252083606,0.0,0.0,0.0,31.9,31.9,
29_5,-12.760568610917803,-38.65001509924242,0.0,0.0,0.0,31.9,31.9,
29_6,-12.760568610917803,-38.64103194640122,0.0,0.0,0.0,31.9,31.9,
29_7,-12.760568610917803,-38.632048793560024,0.0,0.0,0.0,31.9,31.9,
29_8,-12.760568610917803,-38.62306564071883,4.0,3.0,1.0,37.07573770491803,37.1,37.6
29_9,-12.760568610917803,-38.61408248787763,0.0,0.0,0.0,31.9,31.9,
29_10,-12.760568610917803,-38.605099335036435,0.0,0.0,0.0,31.9,31.9,
29_11,-12.760568610917803,-38.596116182195246,0.0,0.0,0.0,31.9,31.9,
29_12,-12.760568610917803,-38.58713302935405,0.0,0.0,0.0,31.9,31.9,
29_13,-12.760568610917803,-38.57814987651285,0.0,0.0,0.0,31.9,31.9,
29_14,-12.760568610917803,-38.56916672367166,0.0,0.0,0.0,31.9,31.9,
29_15,-12.760568610917803,-38.56018357083046,0.0,0.0,0.0,31.9,31.9,
29_16,-12.760568610917803,-38.551200417989264,0.0,0.0,0.0,31.9,31.9,
29_17,-12.760568610917803,-38.542217265148075,0.0,0.0,0.0,31.9,31.9,
29_18,-12.760568610917803,-38.53323411230688,8.0,10.0,-2.0,34.637841530054665,34.6,37.7
29_19,-12.760568610917803,-38.52425095946568,8.0,10.0,-2.0,34.624890710382495,34.6,37.7
29_20,-12.760568610917803,-38.515267806624486,0.0,0.0,0.0,31.9,31.9,
29_21,-12.760568610917803,-38.50628465378329,0.0,0.0,0.0,31.9,31.9,
29_22,-12.760568610917803,-38.49730150094209,0.0,0.0,0.0,31.9,31.9,
29_23,-12.760568610917803,-38.4883183481009,8.0,10.0,-2.0,34.62426229508194,34.6,37.8
29_24,-12.760568610917803,-38.47933519525971,8.0,10.0,-2.0,34.640874316939886,34.6,37.8
29_25,-12.760568610917803,-38.47035204241851,8.0,10.0,-2.0,34.624726775956304,34.6,37.8
29_26,-12.760568610917803,-38.461368889577315,8.0,10.0,-2.0,34.60710382513664,34.6,37.8
29_27,-12.760568610917803,-38.45238573673612,0.0,0.0,0.0,32.78112021857926,33.3,
29_28,-12.760568610917803,-38.44340258389492,0.0,0.0,0.0,31.9,31.9,
29_29,-12.760568610917803,-38.434419431053726,8.0,10.0,-2.0,34.63592896174863,34.6,37.8
29_30,-12.760568610917803,-38.42543627821254,8.0,10.0,-2.0,34.63103825136612,34.6,37.8
29_31,-12.760568610917803,-38.41645312537134,8.0,10.0,-2.0,34.64464480874318,34.6,37.8
29_32,-12.760568610917803,-38.407469972530144,8.0,10.0,-2.0,34.65355191256829,34.6,37.8
29_33,-12.760568610917803,-38.39848681968895,8.0,10.0,-2.0,34.65778688524592,34.6,37.8
29_34,-12.760568610917803,-38.38950366684775,8.0,10.0,-2.0,34.66674863387979,34.7,37.9
29_35,-12.760568610917803,-38.380520514006555,8.0,10.0,-2.0,34.651448087431675,34.7,37.9
29_36,-12.760568610917803,-38.37153736116536,8.0,10.0,-2.0,34.66355191256831,34.6,37.9
29_37,-12.760568610917803,-38.36255420832417,8.0,10.0,-2.0,34.654617486338786,34.6,37.9
29_38,-12.760568610917803,-38.35357105548297,8.0,10.0,-2.0,34.654617486338786,34.6,37.9
29_39,-12.760568610917803,-38.34458790264178,8.0,10.0,-2.0,34.64754098360656,34.6,37.9
29_40,-12.760568610917803,-38.33560474980058,8.0,10.0,-2.0,34.69707650273222,34.7,37.9
29_41,-12.760568610917803,-38.326621596959384,8.0,10.0,-2.0,34.73786885245904,34.7,37.9
29_42,-12.760568610917803,-38.31763844411819,8.0,10.0,-2.0,34.76032786885248,34.7,37.9
29_43,-12.760568610917803,-38.308655291277,8.0,10.0,-2.0,34.74887978142079,34.7,37.9
30_0,-12.751585458076608,-38.69493086344839,0.0,0.0,0.0,31.9,31.9,
30_1,-12.751585458076608,-38.685947710607195,0.0,0.0,0.0,31.9,31.9,
30_2,-12.751585458076608,-38.676964557766,0.0,0.0,0.0,31.9,31.9,
30_3,-12.751585458076608,-38.6679814049248,0.0,0.0,0.0,31.9,31.9,
30_4,-12.751585458076608,-38.658998252083606,0.0,0.0,0.0,31.9,31.9,
30_5,-12.751585458076608,-38.65001509924242,0.0,0.0,0.0,31.9,31.9,
30_6,-12.751585458076608,-38.64103194640122,0.0,0.0,0.0,31.9,31.9,
30_7,-12.751585458076608,-38.632048793560024,0.0,0.0,0.0,31.9,31.9,
30_8,-12.751585458076608,-38.62306564071883,0.0,0.0,0.0,31.9,31.9,
30_9,-12.751585458076608,-38.61408248787763,0.0,0.0,0.0,31.9,31.9,
30_10,-12.751585458076608,-38.605099335036435,0.0,0.0,0.0,31.9,31.9,
30_11,-12.751585458076608,-38.596116182195246,0.0,0.0,0.0,31.9,31.9,
30_12,-12.751585458076608,-38.58713302935405,0.0,0.0,0.0,31.9,31.9,
30_13,-12.751585458076608,-38.57814987651285,0.0,0.0,0.0,31.9,31.9,
30_14,-12.751585458076608,-38.56916672367166,0.0,0.0,0.0,31.9,31.9,
30_15,-12.751585458076608,-38.56018357083046,0.0,0.0,0.0,31.9,31.9,
30_16,-12.751585458076608,-38.551200417989264,0.0,0.0,0.0,31.9,31.9,
30_17,-12.751585458076608,-38.542217265148075,8.0,10.0,-2.0,34.618715846994526,34.6,37.7
30_18,-12.751585458076608,-38.53323411230688,8.0,10.0,-2.0,34.61887978142076,34.6,37.7
30_19,-12.751585458076608,-38.52425095946568,8.0,10.0,-2.0,34.62013661202186,34.6,37.7
30_20,-12.751585458076608,-38.515267806624486,8.0,10.0,-2.0,34.62013661202186,34.6,37.7
30_21,-12.751585458076608,-38.50628465378329,0.0,0.0,0.0,31.9,31.9,
30_22,-12.751585458076608,-38.49730150094209,0.0,0.0,0.0,31.9,31.9,
30_23,-12.751585458076608,-38.4883183481009,8.0,10.0,-2.0,34.62849726775953,34.6,37.8
30_24,-12.751585458076608,-38.47933519525971,8.0,10.0,-2.0,34.63390710382516,34.6,37.8
30_25,-12.751585458076608,-38.47035204241851,8.0,10.0,-2.0,34.639836065573775,34.6,37.8
30_26,-12.751585458076608,-38.461368889577315,8.0,10.0,-2.0,34.636830601092875,34.6,37.8
30_27,-12.751585458076608,-38.45238573673612,0.0,0.0,0.0,31.9,31.9,
30_28,-12.751585458076608,-38.44340258389492,8.0,10.0,-2.0,34.63625683060109,34.6,37.8
30_29,-12.751585458076608,-38.434419431053726,8.0,10.0,-2.0,34.62398907103824,34.6,37.8
30_30,-12.751585458076608,-38.42543627821254,8.0,10.0,-2.0,34.6243989071038,34.6,37.8
30_31,-12.751585458076608,-38.41645312537134,8.0,10.0,-2.0,34.62844262295079,34.6,37.8
30_32,-12.751585458076608,-38.407469972530144,8.0,10.0,-2.0,34.636748633879776,34.6,37.8
30_33,-12.751585458076608,-38.39848681968895,8.0,10.0,-2.0,34.63601092896174,34.6,37.8
30_34,-12.751585458076608,-38.38950366684775,8.0,10.0,-2.0,34.64292349726775,34.6,37.9
30_35,-12.751585458076608,-38.380520514006555,8.0,10.0,-2.0,34.64292349726775,34.6,37.9
30_36,-12.751585458076608,-38.37153736116536,8.0,10.0,-2.0,34.64049180327869,34.6,37.9
30_37,-12.751585458076608,-38.36255420832417,8.0,10.0,-2.0,34.65090163934429,34.6,37.9
30_38,-12.751585458076608,-38.35357105548297,8.0,10.0,-2.0,34.6614480874317,34.6,37.9
30_39,-12.751585458076608,-38.34458790264178,8.0,10.0,-2.0,34.68781420765027,34.7,37.9
30_40,-12.751585458076608,-38.33560474980058,8.0,10.0,-2.0,34.75448087431699,34.7,37.9
30_41,-12.751585458076608,-38.326621596959384,8.0,10.0,-2.0,34.78765027322407,34.8,37.9
30_42,-12.751585458076608,-38.31763844411819,8.0,10.0,-2.0,34.796666666666674,34.8,37.9
30_43,-12.751585458076608,-38.308655291277,8.0,10.0,-2.0,34.81956284153009,34.8,37.9
31_0,-12.742602305235414,-38.69493086344839,0.0,0.0,0.0,31.9,31.9,
31_1,-12.742602305235414,-38.685947710607195,0.0,0.0,0.0,31.9,31.9,
31_2,-12.742602305235414,-38.676964557766,0.0,0.0,0.0,31.9,31.9,
31_3,-12.742602305235414,-38.6679814049248,0.0,0.0,0.0,31.9,31.9,
31_4,-12.742602305235414,-38.658998252083606,0.0,0.0,0.0,31.9,31.9,
31_5,-12.742602305235414,-38.65001509924242,0.0,0.0,0.0,31.9,31.9,
31_6,-12.742602305235414,-38.64103194640122,0.0,0.0,0.0,31.9,31.9,
31_7,-12.742602305235414,-38.632048793560024,0.0,0.0,0.0,31.9,31.9,
31_8,-12.742602305235414,-38.62306564071883,0.0,0.0,0.0,31.9,31.9,
31_9,-12.742602305235414,-38.61408248787763,4.0,3.0,1.0,37.2471857923497,37.2,37.6
31_10,-12.742602305235414,-38.605099335036435,0.0,0.0,0.0,31.9,31.9,
31_11,-12.742602305235414,-38.596116182195246,0.0,0.0,0.0,31.9,31.9,
31_12,-12.742602305235414,-38.58713302935405,0.0,0.0,0.0,31.9,31.9,
31_13,-12.742602305235414,-38.57814987651285,0.0,0.0,0.0,31.9,31.9,
31_14,-12.742602305235414,-38.56916672367166,0.0,0.0,0.0,31.9,31.9,
31_15,-12.742602305235414,-38.56018357083046,0.0,0.0,0.0,31.9,31.9,
31_16,-12.742602305235414,-38.551200417989264,0.0,0.0,0.0,31.9,31.9,
31_17,-12.742602305235414,-38.542217265148075,0.0,0.0,0.0,31.9,31.9,
31_18,-12.742602305235414,-38.53323411230688,0.0,0.0,0.0,31.9,31.9,
31_19,-12.742602305235414,-38.52425095946568,4.0,3.0,1.0,37.12049180327868,37.1,37.7
31_20,-12.742602305235414,-38.515267806624486,0.0,0.0,0.0,31.9,31.9,
31_21,-12.742602305235414,-38.50628465378329,0.0,0.0,0.0,31.9,31.9,
31_22,-12.742602305235414,-38.49730150094209,0.0,0.0,0.0,31.9,31.9,
31_23,-12.742602305235414,-38.4883183481009,8.0,10.0,-2.0,34.606393442622945,34.6,37.8
31_24,-12.742602305235414,-38.47933519525971,8.0,10.0,-2.0,34.61396174863387,34.6,37.8
31_25,-12.742602305235414,-38.47035204241851,8.0,10.0,-2.0,34.60928961748634,34.6,37.8
31_26,-12.742602305235414,-38.461368889577315,8.0,10.0,-2.0,34.61398907103826,34.6,37.8
31_27,-12.742602305235414,-38.45238573673612,8.0,10.0,-2.0,34.6351912568306,34.6,37.8
31_28,-12.742602305235414,-38.44340258389492,8.0,10.0,-2.0,34.66032786885244,34.6,37.8
31_29,-12.742602305235414,-38.434419431053726,8.0,10.0,-2.0,34.647049180327855,34.6,37.8
31_30,-12.742602305235414,-38.42543627821254,8.0,10.0,-2.0,34.62811475409835,34.6,37.8
31_31,-12.742602305235414,-38.41645312537134,8.0,10.0,-2.0,34.600300546448075,34.6,37.8
31_32,-12.742602305235414,-38.407469972530144,8.0,10.0,-2.0,34.618524590163936,34.6,37.8
31_33,-12.742602305235414,-38.39848681968895,8.0,10.0,-2.0,34.618524590163936,34.6,37.8
31_34,-12.742602305235414,-38.38950366684775,8.0,10.0,-2.0,34.62210382513663,34.6,37.8
31_35,-12.742602305235414,-38.380520514006555,8.0,10.0,-2.0,34.64286885245903,34.6,37.9
31_36,-12.742602305235414,-38.37153736116536,8.0,10.0,-2.0,34.663415300546475,34.6,37.9
31_37,-12.742602305235414,-38.36255420832417,8.0,10.0,-2.0,34.65513661202191,34.6,37.9
31_38,-12.742602305235414,-38.35357105548297,8.0,10.0,-2.0,34.68314207650274,34.6,37.9
31_39,-12.742602305235414,-38.34458790264178,8.0,10.0,-2.0,34.70125683060112,34.7,37.9
31_40,-12.742602305235414,-38.33560474980058,8.0,10.0,-2.0,34.79934426229514,34.8,37.9
31_41,-12.742602305235414,-38.326621596959384,8.0,10.0,-2.0,34.812732240437214,34.8,37.9
31_42,-12.742602305235414,-38.31763844411819,8.0,10.0,-2.0,34.83655737704922,34.8,37.9
31_43,-12.742602305235414,-38.308655291277,8.0,10.0,-2.0,34.820491803278735,34.8,37.9
32_0,-12.733619152394217,-38.69493086344839,0.0,0.0,0.0,31.9,31.9,
32_1,-12.733619152394217,-38.685947710607195,0.0,0.0,0.0,31.9,31.9,
32_2,-12.733619152394217,-38.676964557766,0.0,0.0,0.0,31.9,31.9,
32_3,-12.733619152394217,-38.6679814049248,0.0,0.0,0.0,31.9,31.9,
32_4,-12.733619152394217,-38.658998252083606,0.0,0.0,0.0,31.9,31.9,
32_5,-12.733619152394217,-38.65001509924242,0.0,0.0,0.0,31.9,31.9,
32_6,-12.733619152394217,-38.64103194640122,0.0,0.0,0.0,31.9,31.9,
32_7,-12.733619152394217,-38.632048793560024,0.0,0.0,0.0,31.9,31.9,
32_8,-12.733619152394217,-38.62306564071883,0.0,0.0,0.0,31.9,31.9,
32_9,-12.733619152394217,-38.61408248787763,8.0,10.0,-2.0,34.71620218579237,34.7,37.7
32_10,-12.733619152394217,-38.605099335036435,4.0,3.0,1.0,37.245464480874304,37.2,37.7
32_11,-12.733619152394217,-38.596116182195246,0.0,0.0,0.0,31.9,31.9,
32_12,-12.733619152394217,-38.58713302935405,0.0,0.0,0.0,31.9,31.9,
32_13,-12.733619152394217,-38.57814987651285,0.0,0.0,0.0,31.9,31.9,
32_14,-12.733619152394217,-38.56916672367166,0.0,0.0,0.0,31.9,31.9,
32_15,-12.733619152394217,-38.56018357083046,0.0,0.0,0.0,31.9,31.9,
32_16,-12.733619152394217,-38.551200417989264,0.0,0.0,0.0,31.9,31.9,
32_17,-12.733619152394217,-38.542217265148075,0.0,0.0,0.0,31.9,31.9,
32_18,-12.733619152394217,-38.53323411230688,0.0,0.0,0.0,31.9,31.9,
32_19,-12.733619152394217,-38.52425095946568,0.0,0.0,0.0,31.9,31.9,
32_20,-12.733619152394217,-38.515267806624486,4.0,3.0,1.0,37.158606557377034,37.2,37.7
32_21,-12.733619152394217,-38.50628465378329,0.0,0.0,0.0,31.9,31.9,
32_22,-12.733619152394217,-38.49730150094209,0.0,0.0,0.0,31.9,31.9,
32_23,-12.733619152394217,-38.4883183481009,8.0,10.0,-2.0,34.64587431693989,34.6,37.8
32_24,-12.733619152394217,-38.47933519525971,8.0,10.0,-2.0,34.62357923497271,34.6,37.8
32_25,-12.733619152394217,-38.47035204241851,8.0,10.0,-2.0,34.635519125683096,34.6,37.8
32_26,-12.733619152394217,-38.461368889577315,8.0,10.0,-2.0,34.641311475409836,34.6,37.8
32_27,-12.733619152394217,-38.45238573673612,8.0,10.0,-2.0,34.65306010928962,34.6,37.8
32_28,-12.733619152394217,-38.44340258389492,7.0,9.0,-2.0,34.6481693989071,34.6,37.8
32_29,-12.733619152394217,-38.434419431053726,7.0,9.0,-2.0,34.61811475409836,34.6,37.8
32_30,-12.733619152394217,-38.42543627821254,8.0,10.0,-2.0,34.58655737704919,34.6,37.8
32_31,-12.733619152394217,-38.41645312537134,8.0,10.0,-2.0,34.58655737704919,34.6,37.8
32_32,-12.733619152394217,-38.407469972530144,8.0,10.0,-2.0,34.614234972677586,34.6,37.8
32_33,-12.733619152394217,-38.39848681968895,8.0,10.0,-2.0,34.62224043715846,34.6,37.8
32_34,-12.733619152394217,-38.38950366684775,8.0,10.0,-2.0,34.630191256830635,34.6,37.8
32_35,-12.733619152394217,-38.380520514006555,8.0,10.0,-2.0,34.626174863387995,34.6,37.9
32_36,-12.733619152394217,-38.37153736116536,8.0,10.0,-2.0,34.63986338797819,34.6,37.9
32_37,-12.733619152394217,-38.36255420832417,8.0,10.0,-2.0,34.660355191256855,34.6,37.9
32_38,-12.733619152394217,-38.35357105548297,8.0,10.0,-2.0,34.68890710382517,34.7,37.9
32_39,-12.733619152394217,-38.34458790264178,8.0,10.0,-2.0,34.717158469945375,34.7,37.9
32_40,-12.733619152394217,-38.33560474980058,8.0,10.0,-2.0,34.83278688524594,34.8,37.9
32_41,-12.733619152394217,-38.326621596959384,8.0,10.0,-2.0,34.86125683060113,34.9,37.9
32_42,-12.733619152394217,-38.31763844411819,8.0,10.0,-2.0,34.84669398907108,34.8,37.9
32_43,-12.733619152394217,-38.308655291277,8.0,10.0,-2.0,34.828934426229544,34.8,37.9
