date,tmax_vito,tmin_vito,tmax_isu,tmin_isu,bias_tmax,bias_tmin
2008-01-01,27.63823444964231,24.917090418553983,36.24148936170213,22.574468085106382,8.603254912059818,-2.3426223334476006
2008-01-02,27.640108413158146,24.946314447662246,34.34255319148936,21.782446808510638,6.702444778331213,-3.163867639151608
2008-01-03,28.036784485532564,24.97963689017604,34.11223404255319,22.14148936170213,6.075449557020626,-2.8381475284739075
2008-01-04,27.27868641865308,24.89190465582533,31.289893617021278,22.69255319148936,4.011207198368197,-2.199351464335969
2008-01-05,28.083114031830917,24.920059156951595,30.201063829787234,23.184574468085106,2.1179497979563173,-1.7354846888664888
2008-01-06,29.671490557164418,24.949126259251045,31.107978723404255,20.620212765957447,1.4364881662398368,-4.328913493293598
2008-01-07,29.952897700552057,25.057837429766607,29.29255319148936,21.033510638297873,-0.6603445090626963,-4.024326791468734
2008-01-08,30.202756119898027,26.24031954654589,30.52021276595745,21.622340425531913,0.3174566460594228,-4.617979121013978
2008-01-09,28.98151035865459,25.40285710749737,30.057978723404254,22.270744680851063,1.0764683647496653,-3.132112426646305
2008-01-10,28.83303408331483,25.100923739511416,32.862765957446804,21.879787234042553,4.029731874131976,-3.2211365054688628
2008-01-11,28.161475211009645,24.924095443182125,31.043617021276596,21.5,2.882141810266951,-3.424095443182125
2008-01-12,28.138552758595097,23.987953268483466,31.123936170212765,23.054787234042553,2.9853834116176685,-0.9331660344409123
2008-01-13,27.76618252023468,25.13656666914187,31.653191489361703,23.08244680851064,3.8870089691270238,-2.054119860631232
2008-01-14,27.26224870671524,24.616769881933635,31.1468085106383,23.459574468085105,3.884559803923061,-1.1571954138485303
2008-01-15,27.97569837380263,24.5343456845128,29.647872340425533,22.246276595744682,1.6721739666229034,-2.2880690887681183
2008-01-16,26.82134848147325,24.845059528229513,29.564361702127663,23.204255319148935,2.7430132206544116,-1.640804209080578
2008-01-17,27.062842751417122,24.676679290116624,30.420744680851065,23.515425531914893,3.357901929433943,-1.161253758201731
2008-01-18,27.85842305883523,25.134869928962132,32.58244680851064,22.257978723404257,4.7240237496754105,-2.8768912055578753
2008-01-19,28.134012524442483,25.320895769906713,31.70372340425532,23.4281914893617,3.5697108798128383,-1.8927042805450114
2008-01-20,29.93176357020866,25.28444097918367,36.85372340425532,24.028723404255317,6.92195983404666,-1.2557175749283545
2008-01-21,30.76211677928768,25.761149476498076,38.20904255319149,22.674468085106383,7.446925773903807,-3.086681391391693
2008-01-22,29.48298309447796,25.871725452340343,34.88404255319149,23.802659574468084,5.401059458713533,-2.0690658778722586
2008-01-23,28.317221355907066,25.73007054280839,32.76063829787234,23.372340425531913,4.443416941965275,-2.3577301172764784
2008-01-24,27.512352417019372,24.816939927229555,30.84946808510638,22.057978723404254,3.3371156680870087,-2.758961203825301
2008-01-25,27.935408777010537,25.32855152100194,31.929787234042553,22.180851063829788,3.994378457032017,-3.147700457172153
2008-01-26,28.006712952649707,25.09663622187577,28.85904255319149,22.91063829787234,0.8523296005417826,-2.1859979240034306
2008-01-27,27.71859434172427,24.72660280686125,29.5468085106383,22.46382978723404,1.8282141689140303,-2.262773019627211
2008-01-28,28.70833667483481,25.626490433405138,28.88563829787234,22.112234042553194,0.17730162303752905,-3.514256390851944
2008-01-29,29.085304076631814,25.741582139055936,28.05851063829787,21.710106382978722,-1.026793438333943,-4.031475756077214
2008-01-30,29.249286403801932,25.990985619167873,31.05212765957447,23.049999999999997,1.8028412557725382,-2.9409856191678756
2008-01-31,29.260137372837335,25.871329917576304,35.918617021276596,22.820212765957447,6.658479648439261,-3.0511171516188575
2008-02-01,27.918381228187457,25.649541843023712,34.17978723404256,21.077659574468086,6.2614060058551,-4.571882268555626
2008-02-02,29.011141803420742,25.478378257963982,34.57021276595744,21.962234042553188,5.559070962536701,-3.516144215410794
2008-02-03,30.5160760872256,25.767417638177278,31.85531914893617,21.693617021276598,1.3392430617105724,-4.07380061690068
2008-02-04,30.12793693225416,25.745912972451208,23.120744680851065,22.261170212765958,-7.007192251403094,-3.4847427596852505
2008-02-05,29.270849236405013,25.74403207841391,28.996808510638296,22.387765957446806,-0.27404072576671723,-3.3562661209671028
2008-02-06,28.434747654761054,25.952256132273988,30.20212765957447,22.89148936170213,1.7673800048134147,-3.060766770571856
2008-02-07,28.64788742852903,24.46293854112531,28.761702127659575,21.595744680851062,0.11381469913054332,-2.8671938602742486
2008-02-08,28.17213014529341,25.36358332714542,29.67287234042553,22.98351063829787,1.5007421951321227,-2.3800726888475516
2008-02-09,29.016739437142633,25.22550134897648,31.117021276595743,22.404255319148938,2.1002818394531104,-2.8212460298275417
2008-02-10,29.106948095344194,25.772041038588213,32.01968085106383,22.41542553191489,2.912732755719638,-3.3566155066733216
2008-02-11,28.158333952129908,25.459693076904102,32.00053191489362,23.751595744680852,3.842197962763713,-1.7080973322232502
2008-02-12,27.93959406945379,25.296798346575656,31.1,21.908510638297873,3.1604059305462116,-3.388287708277783
2008-02-13,28.780644043464292,24.89170416573853,33.44734042553192,23.33882978723404,4.666696382067627,-1.552874378504491
2008-02-14,27.913853122447506,25.640764337516373,30.706382978723404,21.603191489361702,2.7925298562758982,-4.037572848154671
2008-02-15,27.045392440781143,24.778932947204282,30.699999999999996,23.143085106382976,3.654607559218853,-1.635847840821306
2008-02-16,26.41014826365688,24.58679686146388,30.9,23.201063829787234,4.48985173634312,-1.3857330316766472
2008-02-17,27.11838840622761,24.226784238013863,31.403723404255317,21.867021276595743,4.285334998027707,-2.35976296141812
2008-02-18,28.017065171654224,24.729514615974892,31.70904255319149,23.454255319148935,3.691977381537267,-1.2752592968259577
2008-02-19,28.14621073735799,25.365035271404167,31.4,22.59308510638298,3.253789262642009,-2.771950165021188
2008-02-20,28.179931189822014,24.81161901933126,32.10425531914894,20.846808510638297,3.9243241293269264,-3.9648105086929633
2008-02-21,29.75243607831493,25.864476869384475,31.499468085106383,21.569680851063833,1.7470320067914535,-4.294796018320643
2008-02-22,30.053098933194747,26.138786168659237,32.3,22.57287234042553,2.2469010668052505,-3.5659138282337075
2008-02-23,30.69628251775947,26.028234202123713,31.59840425531915,23.64627659574468,0.9021217375596784,-2.381957606379032
2008-02-24,31.39486225588479,26.21040568302766,22.9,23.015425531914893,-8.49486225588479,-3.194980151112766
2008-02-25,31.0621613326403,26.528723051409656,30.673936170212766,23.504255319148935,-0.3882251624275348,-3.024467732260721
2008-02-26,31.56246899829216,26.568430979431184,29.53617021276596,24.418617021276596,-2.026298785526201,-2.1498139581545885
2008-02-27,28.35875003093986,26.08111111111117,33.079787234042556,23.403191489361703,4.721037203102696,-2.677919621749467
2008-02-28,27.444030345783517,25.033467488428528,32.594148936170214,21.89468085106383,5.150118590386697,-3.1387866373646993
2008-02-29,27.98987846835479,24.47484690972999,32.897340425531915,22.81223404255319,4.9074619571771265,-1.6626128671768008
2008-03-01,29.843255612484825,25.703322690032508,31.50531914893617,21.554255319148936,1.6620635364513454,-4.1490673708835715
2008-03-02,30.747672829880457,26.283184079601995,30.495212765957447,22.4531914893617,-0.2524600639230101,-3.8299925902402947
2008-03-03,31.14601321749467,26.531427192396222,30.90159574468085,22.959574468085105,-0.24441747281381865,-3.5718527243111176
2008-03-04,30.856884978094627,25.937500556916973,33.0,21.9,2.1431150219053734,-4.037500556916974
2008-03-05,30.831168040395085,25.475767183980622,33.3,22.362765957446808,2.4688319596049126,-3.1130012265338145
2008-03-06,30.259621296502587,26.250909630949707,33.6,22.63563829787234,3.3403787034974144,-3.6152713330773665
2008-03-07,28.851700205440522,25.75114774386776,32.7563829787234,21.70851063829787,3.904682773282879,-4.0426371055698915
2008-03-08,28.48017573822426,25.227854261033087,33.12659574468085,21.89468085106383,4.646420006456587,-3.333173409969259
2008-03-09,28.68504492463063,26.522587312195242,32.17553191489362,23.128191489361704,3.490486990262987,-3.3943958228335376
2008-03-10,29.366257023341063,25.781572980866827,32.293617021276596,23.585638297872343,2.9273599979355325,-2.1959346829944835
2008-03-11,29.08807603772192,26.227998316873425,31.5,23.60372340425532,2.411923962278081,-2.6242749126181053
2008-03-12,29.381650701715387,26.030996757506045,32.4,22.878723404255318,3.018349298284612,-3.1522733532507274
2008-03-13,29.447103042004017,25.997502042028714,33.27074468085106,24.262234042553192,3.823641638847043,-1.7352679994755213
2008-03-14,31.38544194450634,26.24315883270225,33.86808510638298,24.2968085106383,2.482643161876638,-1.9463503220639495
2008-03-15,29.229134674884335,26.66181431152694,33.73085106382978,22.750531914893617,4.501716388945447,-3.9112823966333217
2008-03-16,27.345106309249843,25.340675478329786,33.04840425531915,22.356382978723403,5.703297946069306,-2.984292499606383
2008-03-17,26.677610455186766,24.751997970347304,34.78617021276596,21.48617021276596,8.108559757579194,-3.265827757581345
2008-03-18,26.612809831439847,24.551236355535764,32.08085106382978,23.928723404255322,5.468041232389936,-0.6225129512804415
2008-03-19,26.15793866488457,24.493162545481596,30.48563829787234,23.0718085106383,4.327699632987773,-1.4213540348432971
2008-03-20,27.122002920719865,25.533942971708655,29.9218085106383,22.813297872340424,2.799805589918435,-2.7206450993682303
2008-03-21,26.72764684042471,24.877918120838615,30.6,22.019148936170215,3.8723531595752902,-2.8587691846684002
2008-03-22,26.78689240365344,24.462839781193622,31.10478723404255,22.508510638297874,4.317894830389111,-1.954329142895748
2008-03-23,27.710274250637326,24.66285215712486,31.472340425531915,22.42712765957447,3.7620661748945885,-2.2357244975503896
2008-03-24,28.194982054899697,25.965857775797645,31.16117021276596,23.034042553191487,2.966188157866263,-2.931815222606158
2008-03-25,29.13451003688033,26.430738348060743,30.246276595744682,22.904787234042555,1.1117665588643533,-3.525951114018188
2008-03-26,26.825684512759608,24.83231429915105,30.9,22.57872340425532,4.074315487240391,-2.25359089489573
2008-03-27,27.9483720699983,25.628509937872877,28.461170212765957,23.387765957446806,0.5127981427676573,-2.240743980426071
2008-03-28,28.15427910200242,25.157951288334516,29.254787234042553,22.581382978723404,1.100508132040133,-2.576568309611112
2008-03-29,26.968659191604218,25.47003143486552,29.862765957446808,20.58723404255319,2.89410676584259,-4.882797392312327
2008-03-31,26.66905819162895,25.012242023712304,30.198936170212765,22.064361702127663,3.5298779785838157,-2.947880321584641
2008-04-01,26.129667830004223,24.701458132224445,30.26063829787234,21.13031914893617,4.130970467868117,-3.571138983288275
2008-04-02,26.74855622385587,24.525566693893722,29.634042553191488,21.439893617021276,2.8854863293356168,-3.085673076872446
2008-04-03,27.90689463132105,25.198182223212314,28.58776595744681,21.92659574468085,0.6808713261257573,-3.2715864785314643
2008-04-04,29.26282072225939,24.998339892577008,30.199999999999996,21.35585106382979,0.9371792777406043,-3.6424888287472186
2008-04-05,29.474373159080244,26.17649488874042,31.69787234042553,20.9031914893617,2.223499181345286,-5.273303399378722
2008-04-06,27.70931016559001,25.487488428504264,31.1,21.327659574468086,3.39068983440999,-4.159828854036178
2008-04-07,28.612940026237027,25.631751441795984,28.9,22.213297872340426,0.28705997376297177,-3.418453569455558
2008-04-08,28.593071458627264,25.309997524813753,22.988297872340425,21.65904255319149,-5.604773586286839,-3.6509549716222622
2008-04-09,27.8857919358432,25.441210118561457,29.845212765957445,22.067021276595746,1.9594208301142437,-3.3741888419657116
2008-04-10,27.612611816539243,25.754493700651096,31.361170212765956,20.92659574468085,3.748558396226713,-4.827897955970247
2008-04-11,27.905432291279908,25.26349570555186,30.30212765957447,22.304787234042553,2.396695368294562,-2.9587084715093077
2008-04-12,29.347669859656946,25.57388480483155,32.18670212765958,22.27021276595745,2.839032268002633,-3.303672038874101
2008-04-13,29.757728026533982,25.93186530036388,31.300531914893618,22.267021276595745,1.5428038883596358,-3.6648440237681363
2008-04-14,30.41768941362841,26.11413133338283,32.76755319148936,21.986702127659573,2.3498637778609535,-4.1274292057232564
2008-04-15,28.82475582287566,26.178221083636572,32.74787234042553,23.79095744680851,3.9231165175498717,-2.387263636828063
2008-04-16,27.616416425336013,25.010787109230023,32.282978723404256,21.95904255319149,4.666562298068243,-3.051744556038532
2008-04-17,26.721997970347275,25.256175589713223,30.935638297872337,21.63882978723404,4.213640327525063,-3.617345802479182
2008-04-18,26.98257196604044,24.813927130516618,32.23085106382978,22.856914893617024,5.248279097789343,-1.957012236899594
2008-04-19,28.12972005643428,26.146257023341093,32.37446808510638,21.362765957446808,4.244748028672099,-4.783491065894285
2008-04-20,27.866928046335488,24.70132348209205,32.905851063829786,22.1968085106383,5.038923017494298,-2.5045149714537516
2008-04-21,28.58158486176086,25.8736969381946,32.59946808510638,22.718617021276597,4.017883223345521,-3.1550799169180017
2008-04-22,28.037254275884322,26.439769312640806,32.6,22.84308510638298,4.562745724115679,-3.5966842062578266
2008-04-23,27.85279819806442,24.99267617138196,31.199999999999996,21.95851063829787,3.347201801935576,-3.0341655330840887
2008-04-24,30.74424370683903,25.667051310611157,32.73297872340426,22.442021276595746,1.9887350165652293,-3.225030034015411
2008-04-25,30.176617410460153,26.44657112447709,35.3,23.03191489361702,5.123382589539844,-3.414656230860068
2008-04-26,29.732785574614468,26.255698868839943,34.05212765957447,22.160106382978725,4.319342084959999,-4.095592485861218
2008-04-27,28.846725576099573,26.102628895324415,32.84521276595744,22.407978723404256,3.998487189857869,-3.694650171920159
2008-04-28,27.597859953961517,24.991733867973608,31.955319148936166,22.867021276595743,4.357459194974648,-2.1247125913778646
2008-04-29,28.527615158040646,25.836324595925873,31.299999999999997,23.04095744680851,2.772384841959351,-2.7953671491173644
2008-04-30,28.338242122719805,25.36501621247004,31.76968085106383,22.09468085106383,3.4314387283440233,-3.2703353614062074
2008-05-01,27.799701492537338,25.255325363233624,32.30744680851064,22.298404255319152,4.5077453159733025,-2.9569211079144715
2008-05-02,26.108996064453834,24.32198905967681,31.55851063829787,22.1031914893617,5.449514573844038,-2.218797570315111
2008-05-03,26.91980421276702,24.517618375782774,31.81382978723404,21.794680851063827,4.8940255744670225,-2.7229375247189473
2008-05-04,28.69641593029877,25.854742704388514,30.909042553191487,20.77553191489362,2.212626622892717,-5.079210789494894
2008-05-05,28.110804188015152,26.162670478453606,31.19255319148936,22.194680851063833,3.081749003474208,-3.9679896273897732
2008-05-06,29.873384322170295,25.619854954085326,30.765425531914893,21.47659574468085,0.8920412097445976,-4.1432592094044765
2008-05-07,27.889733917477315,26.083867478527793,30.5,23.10531914893617,2.610266082522685,-2.9785483295916215
2008-05-08,26.8172141778669,24.730875225860757,34.175000000000004,21.0031914893617,7.357785822133103,-3.7276837364990563
2008-05-09,28.169965594911105,26.06979109427988,32.36648936170213,20.751595744680852,4.1965237667910245,-5.318195349599026
2008-05-10,27.51794089255219,26.395737234226942,28.835106382978722,19.504255319148935,1.3171654904265324,-6.891481915078007
2008-05-11,26.41130491819513,24.237608475037803,26.949468085106382,20.20212765957447,0.5381631669112537,-4.035480815463334
2008-05-12,25.44000198014902,23.224233311056707,25.89627659574468,19.14946808510638,0.4562746155956603,-4.074765225950326
2008-05-13,26.9201339075766,24.746758248558194,28.699999999999996,18.94095744680851,1.779866092423397,-5.805800801749683
2008-05-14,26.682153412044272,24.126783495458085,30.908510638297873,18.602659574468085,4.226357226253601,-5.52412392099
2008-05-15,26.331304670676502,23.450543303383597,32.34255319148936,19.4531914893617,6.011248520812856,-3.997351814021897
2008-05-16,27.915408529491856,25.343393480359396,29.102127659574467,18.534574468085108,1.1867191300826114,-6.808819012274288
2008-05-17,27.01674785277595,25.279908418108505,27.283510638297873,23.185638297872337,0.266762785521923,-2.0942701202361675
2008-05-18,25.11204128610683,24.33041904903348,26.69840425531915,20.721808510638297,1.5863629692123205,-3.608610538395183
2008-05-19,27.332297467884473,24.922767505754848,26.82340425531915,20.723936170212767,-0.5088932125653223,-4.198831335542081
2008-05-20,26.48909333927378,25.539145318185206,26.738297872340425,19.875,0.2492045330666457,-5.664145318185206
2008-05-21,27.217707730006737,25.69584738001538,27.5,20.29574468085106,0.2822922699932633,-5.400102699164318
2008-05-22,26.90990742803399,25.365193683324662,26.809042553191492,20.80851063829787,-0.10086487484249673,-4.556683045026791
2008-05-23,27.059264869681442,25.398851761095045,29.58936170212766,20.889893617021276,2.530096832446219,-4.50895814407377
2008-05-24,26.514403603871244,25.111856637211986,29.11117021276596,20.50851063829787,2.596766608894715,-4.603345998914115
2008-05-25,27.31766367169132,24.603749907180543,29.40531914893617,20.927659574468084,2.087655477244848,-3.6760903327124588
2008-05-26,27.56312517016903,25.608627261701486,29.38989361702128,21.043617021276596,1.826768446852249,-4.56501024042489
2008-05-27,27.087630504195488,25.292234350634885,28.976595744680854,21.388297872340427,1.8889652404853656,-3.903936478294458
2008-05-28,26.992328407712705,25.131778916363487,28.726063829787233,21.675531914893618,1.7337354220745276,-3.456247001469869
2008-05-29,27.22599514863498,25.246880770277983,28.508510638297874,20.542021276595744,1.2825154896628952,-4.704859493682239
2008-05-30,26.573010816563965,24.592863542981604,28.36436170212766,19.29840425531915,1.7913508855636948,-5.294459287662455
2008-05-31,26.018143362788066,23.727013687780016,27.41595744680851,19.73191489361702,1.3978140840204425,-3.9950987941629954
2008-06-01,26.228915620900523,23.980671518031727,27.185638297872337,19.180851063829788,0.9567226769718147,-4.799820454201939
2008-06-02,25.724350634885297,23.136002574193697,27.064361702127663,19.495744680851065,1.340011067242365,-3.640257893342632
2008-06-03,26.090909135912455,23.281694760030746,27.783510638297873,18.42287234042553,1.6926015023854184,-4.8588224196052145
2008-06-04,25.121525209772074,23.167069379470888,26.799468085106383,18.701063829787234,1.6779428753343097,-4.466005549683654
2008-06-05,25.901793272443797,23.9595420905423,26.249468085106383,18.96595744680851,0.3476748126625857,-4.99358464373379
2008-06-06,26.354756317912972,24.118918096086702,27.898936170212767,19.642553191489363,1.544179852299795,-4.4763649045973395
2008-06-07,26.066253558080234,24.822137818370834,27.303723404255322,22.190425531914894,1.2374698461750882,-2.63171228645594
2008-06-08,25.182904383554956,23.6144872651667,28.618617021276595,20.61223404255319,3.4357126377216396,-3.0022532226135112
2008-06-09,26.34862849929459,23.592847454270952,28.793617021276596,19.629787234042553,2.4449885219820047,-3.9630602202283995
2008-06-10,26.421166555283264,24.24590282418751,27.373936170212765,20.381914893617022,0.9527696149295011,-3.863987930570488
2008-06-11,26.064550134897672,23.76734783792483,28.206914893617018,19.67659574468085,2.1423647587193457,-4.090752093243982
2008-06-12,26.37796811960095,23.39022103413288,27.393617021276597,20.482446808510637,1.0156489016756467,-2.9077742256222407
2008-06-13,25.529337145120223,22.68555506051831,28.576063829787234,17.58936170212766,3.0467266846670107,-5.09619335839065
2008-06-14,26.343055617435255,23.578388653746174,28.248404255319148,19.451063829787234,1.9053486378838933,-4.12732482395894
2008-06-15,26.026897106507306,23.6597089180961,28.079255319148935,18.53510638297872,2.0523582126416287,-5.124602535117379
2008-06-16,26.31722754387272,24.311914804089042,29.222340425531915,22.67127659574468,2.9051128816591962,-1.6406382083443631
2008-06-17,25.83135763966243,24.474701368778085,26.054255319148936,21.08191489361702,0.22289767948650763,-3.3927864751610635
2008-06-18,26.481192792257673,23.303079379223277,28.659574468085108,17.338297872340426,2.178381675827435,-5.964781506882851
2008-06-19,26.31787381500459,25.050736367911725,27.07712765957447,18.682978723404254,0.75925384456988,-6.367757644507471
2008-06-20,26.243483082102046,24.352815771886924,29.785106382978725,19.03191489361702,3.5416233008766795,-5.320900878269903
2008-06-21,26.764580827207283,23.16802678151538,27.90744680851064,20.125,1.142865981303359,-3.0430267815153798
2008-06-22,26.213571941288592,23.712505383530186,29.778191489361703,18.16648936170213,3.564619548073111,-5.546016021828056
2008-06-23,25.486024355832797,23.877978515383347,30.862234042553194,18.9,5.376209686720397,-4.977978515383349
2008-06-24,25.128815375857073,23.91171901685607,28.088297872340426,18.69787234042553,2.9594824964833535,-5.2138466764305385
2008-06-25,25.529820548996327,23.23277097101561,28.008510638297874,17.52978723404255,2.4786900893015478,-5.70298373697306
2008-06-26,24.034826613202654,22.202738298556994,25.383510638297874,19.309574468085106,1.3486840250952206,-2.893163830471888
2008-06-27,23.93065691443286,22.490954679339666,26.357978723404255,14.463297872340425,2.4273218089713957,-8.027656806999241
2008-06-29,24.77773124427614,23.10435558525785,26.90585106382979,17.875531914893617,2.1281198195536497,-5.228823670364232
2008-06-30,24.399276255538325,22.439488379000522,27.664893617021278,16.009042553191488,3.2656173614829527,-6.430445825809034
2008-07-01,25.496015197643658,22.867658473800248,28.107978723404255,18.863297872340425,2.611963525760597,-4.0043606014598225
2008-07-02,25.56025667681496,23.530061384619216,27.095212765957445,19.21808510638298,1.5349560891424865,-4.311976278236237
2008-07-03,24.40943194475392,22.66118239647534,27.689361702127663,18.9968085106383,3.2799297573737434,-3.6643738858370405
2008-07-04,24.49900992549692,22.689767827529067,26.670744680851065,19.113829787234042,2.1717347553541444,-3.575938040295025
2008-07-05,24.836589935892732,23.314924878097088,26.78617021276596,18.352659574468085,1.9495802768732275,-4.962265303629003
2008-07-06,24.68776193658573,22.776888938392688,27.80159574468085,19.782978723404256,3.1138338080951193,-2.993910214988432
2008-07-07,25.193336303556862,23.58808173065023,28.371276595744682,19.81968085106383,3.17794029218782,-3.7684008795864017
2008-07-08,24.668745080567362,23.649470805178055,26.705851063829787,20.239893617021277,2.0371059832624248,-3.409577188156778
2008-07-09,25.15432439791101,23.62738323308838,27.175531914893618,18.096808510638297,2.0212075169826065,-5.530574722450083
2008-07-10,24.41791490309646,21.829627484468233,26.86436170212766,18.754255319148935,2.4464467990312,-3.0753721653192976
2008-07-11,23.940132422464785,21.89835474369454,27.128191489361704,18.45159574468085,3.188059066896919,-3.4467589990136887
2008-07-12,24.06640033662535,22.635948862651958,25.95212765957447,19.951063829787234,1.8857273229491192,-2.684885032864724
2008-07-13,24.043314274399165,22.100894284794947,28.044148936170213,19.16968085106383,4.000834661771048,-2.9312134337311164
2008-07-14,24.224305586495404,21.562150689339376,27.981382978723403,14.409574468085106,3.7570773922279983,-7.15257622125427
2008-07-15,24.778749040865364,21.947175317442657,28.863829787234042,19.372340425531913,4.0850807463686785,-2.5748348919107436
2008-07-16,24.522767010717587,23.18224103363781,28.784042553191487,18.497340425531913,4.2612755424739,-4.684900608105895
2008-07-17,24.934464740971805,22.88122150441825,25.174999999999997,22.753191489361704,0.24053525902819217,-0.1280300150565452
2008-07-18,25.037394618945086,23.178928739387686,26.377127659574466,20.95691489361702,1.3397330406293797,-2.2220138457706646
2008-07-19,24.99814979827238,22.32515160515834,28.664361702127657,21.27021276595745,3.6662119038552774,-1.05493883920089
2008-07-20,24.711688819583685,23.197631494269956,27.794148936170213,17.465425531914892,3.082460116586528,-5.732205962355064
2008-07-21,25.088544095443183,23.05428033959555,28.76595744680851,19.475,3.6774133513653275,-3.579280339595549
2008-07-22,24.18192198212921,22.263464518205012,27.129255319148935,18.152659574468085,2.9473333370197246,-4.110804943736927
2008-07-23,25.337406004801892,22.773665750847783,28.66117021276596,17.942021276595746,3.323764207964068,-4.8316444742520375
2008-07-24,25.267582485582068,23.04018811415557,30.39468085106383,19.36117021276596,5.127098365481761,-3.67901790138961
2008-07-25,25.453939011410625,22.87017153040773,28.02127659574468,17.59521276595745,2.567337584334055,-5.2749587644502824
2008-07-26,25.61751144773649,23.612318754486353,30.831382978723404,19.95851063829787,5.213871530986914,-3.6538081161884826
2008-07-27,25.75101086606776,23.448473305116295,29.028723404255317,17.81382978723404,3.277712538187558,-5.634643517882253
2008-07-28,23.573531100715343,21.696761466300302,26.330319148936173,19.411702127659574,2.7567880482208302,-2.2850593386407283
2008-07-29,23.901110368555237,22.317762184104367,27.881914893617022,19.425,3.980804525061785,-2.8927621841043667
2008-07-30,25.75439568327522,22.126280785129097,27.744148936170212,16.58085106382979,1.9897532528949924,-5.545429721299307
2008-07-31,24.24163436548605,22.35999207940398,28.940425531914894,19.397872340425533,4.698791166428844,-2.9621197389784477
2008-08-01,25.225250365090005,22.377373579861967,27.177659574468084,18.19787234042553,1.9524092093780787,-4.179501239436437
2008-08-02,24.572119254473932,21.860507165664217,26.839893617021275,20.068617021276598,2.2677743625473425,-1.7918901443876187
2008-08-03,25.77192099205473,23.563886289943355,29.55159574468085,20.043617021276596,3.779674752626118,-3.520269268666759
2008-08-04,27.715211752184416,23.062951907131037,29.050531914893618,20.33457446808511,1.335320162709202,-2.7283774390459286
2008-08-05,25.480561372243358,23.478196084255387,30.320744680851064,20.175,4.840183308607706,-3.3031960842553865
2008-08-06,25.336402811811638,23.405115467438975,29.56223404255319,20.322340425531916,4.2258312307415515,-3.082775041907059
2008-08-07,24.697310710131035,22.613819459914396,27.250531914893617,19.85531914893617,2.5532212047625826,-2.7585003109782242
2008-08-08,25.378204499888625,22.81525655305569,28.424468085106383,19.772872340425533,3.0462635852177584,-3.0423842126301572
2008-08-09,25.57045691938322,23.569856686715696,30.643085106382976,19.12287234042553,5.072628186999758,-4.446984346290165
2008-08-10,24.934831563575187,23.148040642558385,31.392021276595745,19.13563829787234,6.457189713020558,-4.012402344686045
2008-08-11,24.512842256379884,22.923423430113132,33.33244680851064,21.043617021276596,8.819604552130755,-1.8798064088365365
2008-08-12,24.677954011039333,23.08421177693623,33.422340425531914,19.657978723404256,8.744386414492581,-3.4262330535319734
2008-08-13,24.820863097448125,22.27046731516549,28.892553191489363,19.347872340425532,4.071690094041237,-2.922594974739958
2008-08-14,24.16391252691767,22.527418133214553,28.97287234042553,19.44308510638298,4.808959813507858,-3.0843330268315725
2008-08-15,24.231254424395445,22.521228929976985,27.636702127659575,20.222872340425532,3.40544770326413,-2.298356589551453
2008-08-16,25.296980272765552,22.34470433900151,27.756914893617022,21.363829787234042,2.4599346208514703,-0.9808745517674673
2008-08-17,24.821571000717825,23.075352342763836,27.945744680851064,20.47872340425532,3.1241736801332394,-2.596628938508516
2008-08-18,24.00305264721169,22.7430665082548,27.163297872340426,18.38244680851064,3.1602452251287367,-4.360619699744159
2008-08-19,23.36646939432194,22.0360221281652,26.261170212765958,18.967553191489362,2.8947008184440186,-3.0684689366758384
2008-08-20,23.933715749610144,21.67677087200815,26.63457446808511,18.09627659574468,2.700858718474965,-3.580494276263469
2008-08-21,24.638138907452742,22.28243954357572,28.585638297872343,17.70159574468085,3.947499390419601,-4.580843798894868
2008-08-22,25.53335981782635,23.62927477042649,27.40585106382979,19.784574468085108,1.8724912460034382,-3.8447003023413835
2008-08-23,24.223208088908677,22.718653003638508,31.04787234042553,21.24148936170213,6.824664251516854,-1.4771636419363787
2008-08-24,24.990519789114103,22.890917056508556,28.076595744680848,19.387234042553192,3.086075955566745,-3.5036830139553636
2008-08-25,24.96867280512862,22.58196455533283,28.19148936170213,22.855851063829785,3.222816556573509,0.27388650849695395
2008-08-26,26.034090987846866,23.113235563476167,28.07340425531915,21.2531914893617,2.0393132674722843,-1.860044074114466
2008-08-27,25.92057077795107,23.53333506596374,29.163829787234043,21.56063829787234,3.2432590092829727,-1.9726967680913994
2008-08-28,25.47519021806397,23.099511398232778,30.424999999999997,20.2468085106383,4.949809781936025,-2.8527028875944787
2008-08-29,26.33929184921169,23.405897873815036,29.061702127659576,19.151063829787233,2.722410278447885,-4.2548340440278025
2008-08-30,26.622900175738266,23.446956510977486,32.28563829787234,19.4531914893617,5.662738122134073,-3.9937650216157863
2008-08-31,25.27701740055943,23.254973144229155,28.376063829787235,18.250531914893617,3.099046429227805,-5.004441229335537
2008-09-01,24.74254696665929,23.067155268433964,31.397340425531915,22.33244680851064,6.654793458872625,-0.7347084599233256
2008-09-02,23.970808395831853,22.370466325091,28.91063829787234,21.819148936170212,4.939829902040486,-0.5513173889207899
2008-09-03,25.501090319546563,22.847047102794477,31.17712765957447,22.378723404255318,5.676037340027907,-0.4683236985391588
2008-09-04,24.781684611767105,22.426090938343123,32.693617021276594,19.527659574468085,7.91193240950949,-2.898431363875037
2008-09-05,26.060405930546267,23.324949877478275,31.43617021276596,19.59468085106383,5.375764282219691,-3.730269026414444
2008-09-06,26.142340536125403,23.615867676542678,28.390425531914893,19.743617021276595,2.2480849957894904,-3.8722506552660825
2008-09-07,26.65733026410237,23.91731764065247,30.784574468085108,23.46755319148936,4.1272442039827375,-0.4497644491631121
2008-09-08,25.909470062622177,23.865964951362628,32.66489361702128,20.4968085106383,6.755423554399101,-3.3691564407243284
2008-09-09,25.704271428925097,23.413706838939675,30.254255319148935,20.91968085106383,4.549983890223839,-2.494025987875844
2008-09-10,25.635667433974447,24.04796019900499,30.01968085106383,20.310106382978724,4.384013417089381,-3.7378538160262664
2008-09-11,25.376245389965618,23.4913190267568,30.86010638297872,21.161702127659574,5.483860993013103,-2.329616899097225
2008-09-12,25.16875795153578,23.761731887824624,31.04095744680851,21.946276595744678,5.872199495272728,-1.815455292079946
2008-09-13,26.656781515309035,23.398541372738293,32.02712765957447,19.54468085106383,5.370346144265433,-3.853860521674463
2008-09-14,26.867905497388733,23.802438058463963,31.320744680851064,21.213297872340426,4.452839183462331,-2.5891401861235366
2008-09-15,26.73572708596322,24.01072151679415,31.33244680851064,19.842553191489362,4.5967197225474195,-4.168168325304787
2008-09-16,26.62913937773817,23.961537833221996,31.838297872340426,19.993617021276595,5.209158494602256,-3.967920811945401
2008-09-17,26.12979505457787,23.782774931313554,33.65851063829788,19.822340425531916,7.5287155837200075,-3.960434505781638
2008-09-18,26.783268730972054,23.419070567560198,30.216489361702127,21.547340425531914,3.433220630730073,-1.8717301420282837
2008-09-19,26.207965149377458,24.015921635603092,28.880851063829788,21.211702127659574,2.67288591445233,-2.804219507943518
2008-09-20,24.369615851092817,23.142439296057034,29.86542553191489,20.61010638297872,5.495809680822074,-2.5323329130783137
2008-09-21,25.161818024306285,23.281851191802218,28.31276595744681,20.49255319148936,3.1509479331405252,-2.789298000312858
2008-09-22,27.521606395881292,23.69843964258314,29.107446808510637,20.81648936170213,1.585840412629345,-2.8819502808810107
2008-09-23,28.61478280240584,23.639837627781503,30.173404255319152,18.889893617021276,1.558621452913311,-4.7499440107602275
2008-09-24,27.174562015791707,24.189145318185183,30.65,19.91117021276596,3.475437984208291,-4.277975105419223
2008-09-25,26.201746738942177,23.677023341006418,32.93617021276596,21.629787234042553,6.734423473823782,-2.047236106963865
2008-09-27,25.486107027053777,23.846075097151072,29.777659574468085,21.3718085106383,4.291552547414309,-2.4742665865127726
2008-09-28,27.383104378604514,24.248323308829015,32.17872340425532,22.09787234042553,4.795619025650808,-2.1504509684034865
2008-09-29,27.41329595802091,24.097315908022097,33.645212765957446,22.476063829787233,6.2319168079365355,-1.621252078234864
2008-09-30,26.04660998490135,23.945671394272438,32.91276595744681,22.002659574468087,6.866155972545457,-1.943011819804351
2008-10-01,27.17766886958242,24.227448330486936,32.31223404255319,20.682978723404254,5.134565172970774,-3.544469607082682
2008-10-02,26.70296923343483,23.97508279498038,33.011702127659575,19.788297872340426,6.308732894224747,-4.186784922639955
2008-10-03,27.64282022722216,24.301902923194973,31.56117021276596,21.84308510638298,3.9183499855437987,-2.458817816811994
2008-10-04,26.90394297170866,24.593208583945966,31.892021276595745,22.33776595744681,4.988078304887086,-2.255442626499157
2008-10-05,27.33676468404252,24.147222841018845,32.23031914893617,21.973936170212767,4.893554464893647,-2.1732866708060783
2008-10-06,27.466909234919967,24.30280859384669,36.932978723404254,22.303723404255322,9.466069488484287,-1.9990851895913693
2008-10-07,25.726281032647705,23.5203262295488,31.275,20.988829787234042,5.548718967352293,-2.531496442314758
2008-10-08,25.938651271008098,22.715571396747634,32.99627659574468,18.335106382978722,7.057625324736584,-4.380465013768912
2008-10-09,24.96104502363812,22.633336551075445,30.247340425531913,20.10691489361702,5.286295401893792,-2.5264216574584246
2008-10-10,25.950272022969727,23.382636568401836,29.57712765957447,20.761702127659575,3.6268556366047413,-2.6209344407422606
2008-10-11,26.744388257716423,23.61559590109158,29.56382978723404,20.66968085106383,2.8194415295176185,-2.9459150500277502
2008-10-12,26.30914977352046,23.71409742333111,30.789893617021278,21.53617021276596,4.480743843500818,-2.1779272105651515
2008-10-13,26.030571768025595,24.198230489344326,30.923936170212766,21.52340425531915,4.893364402187171,-2.6748262340251756
2008-10-14,26.417555011014656,23.335864953837813,31.314361702127663,21.25957446808511,4.896806691113007,-2.076290485752704
2008-10-15,26.46840672260589,23.832941758867435,30.65212765957447,21.727127659574467,4.18372093696858,-2.1058140992929673
2008-10-16,27.75331650206681,24.065599118833745,32.172872340425535,22.538829787234043,4.4195558383587255,-1.5267693315997022
2008-10-17,27.775975594663578,23.94170045295914,35.13404255319149,21.608510638297872,7.358066958527914,-2.3331898146612673
2008-10-18,27.835823618227323,24.495178584688574,36.54414893617022,21.032446808510638,8.708325317942894,-3.462731776177936
2008-10-19,28.006254548154743,24.812616271874504,34.59255319148936,20.490957446808512,6.586298643334615,-4.321658825065992
2008-10-20,27.52253731343285,24.863455360015905,28.575000000000003,21.282446808510638,1.0524626865671536,-3.581008551505267
2008-10-21,26.981608623548993,24.426613450162165,30.22340425531915,22.034574468085108,3.241795631770156,-2.3920389820770573
2008-10-22,26.704509294324453,23.64933813519474,27.23510638297872,21.67872340425532,0.5305970886542681,-1.9706147309394204
2008-10-23,27.026415187742828,24.59820103462789,31.475,21.22978723404255,4.448584812257174,-3.3684138005853406
2008-10-24,27.634622162817777,23.714923888022554,30.96382978723404,22.903723404255317,3.329207624416263,-0.8112004837672373
2008-10-25,27.86691591792288,24.70928145342947,41.456382978723404,22.418085106382982,13.589467060800523,-2.291196347046487
2008-10-26,27.762944976609504,24.53034578352026,37.013297872340424,22.3218085106383,9.25035289573092,-2.208537272881962
2008-10-27,28.289690354199195,24.66522759337647,36.44627659574468,21.593617021276597,8.156586241545483,-3.0716105720998748
2008-10-28,28.821686839434676,24.28978787653773,31.794680851063827,21.53936170212766,2.972994011629151,-2.7504261744100695
2008-10-29,27.67976040197027,25.10990693299675,34.55159574468085,22.560638297872337,6.8718353427105825,-2.549268635124413
2008-10-30,28.833886289943337,24.68113437786195,32.97287234042553,22.41117021276596,4.138986050482195,-2.269964165095992
2008-10-31,28.850163362293017,24.627275067448863,34.5531914893617,22.09840425531915,5.703028127068684,-2.528870812129714
2008-11-01,27.969042350436894,24.801265067696363,34.852659574468085,19.296808510638296,6.883617224031191,-5.504456557058067
2008-11-02,27.67682012821473,24.736876562461305,31.36968085106383,21.425,3.692860722849101,-3.311876562461304
2008-11-03,28.724144451870018,25.284222667755785,30.57340425531915,23.06648936170213,1.849259803449133,-2.217733306053656
2008-11-04,29.358031731887877,25.189414370931445,31.300000000000004,24.915425531914895,1.9419682681121273,-0.2739888390165497
2008-11-05,29.22848543352893,25.22103537041164,36.886702127659575,22.884042553191488,7.658216694130644,-2.3369928172201533
2008-11-06,28.783916734734362,25.0680319794065,32.27765957446808,21.227659574468085,3.49374283973372,-3.840372404938414
2008-11-07,29.703567980990613,24.85926041434618,37.73085106382978,21.227127659574467,8.027283082839169,-3.632132754771714
2008-11-08,29.342180886611743,25.054719437637743,32.42393617021276,23.11542553191489,3.0817552836010194,-1.9392939057228524
2008-11-09,29.48130071037849,25.112293012549287,31.747872340425534,23.44308510638298,2.266571630047043,-1.6692079061663065
2008-11-10,29.939941338085703,24.988030246776077,34.009574468085106,22.929255319148936,4.069633129999403,-2.058774927627141
2008-11-11,28.85555629811148,24.93692779881684,31.71276595744681,24.39627659574468,2.8572096593353287,-0.5406512030721586
2008-11-12,29.222846464196493,24.888921808866144,32.753191489361704,23.216489361702127,3.530345025165211,-1.6724324471640166
2008-11-13,28.849770550233927,25.208390633895192,31.06117021276596,22.569148936170212,2.211399662532031,-2.63924169772498
2008-11-14,28.679228731962155,24.78011088834438,29.82712765957447,23.761170212765958,1.1478989276123137,-1.018940675578424
2008-11-15,29.247409470062678,24.863410311625955,31.648404255319146,21.560106382978724,2.4009947852564686,-3.3033039286472317
2008-11-16,29.067981485606822,24.69365931536356,31.256914893617022,24.27712765957447,2.1889334080102003,-0.4165316557890897
2008-11-17,28.840159897032265,24.857758471324985,35.492553191489364,24.054255319148936,6.652393294457099,-0.8035031521760487
2008-11-18,28.864004356327882,25.089263384569733,32.85744680851064,22.83776595744681,3.993442452182755,-2.251497427122924
2008-11-19,28.821826439939684,25.239663622187607,33.32553191489362,23.347340425531915,4.503705474953932,-1.892323196655692
2008-11-20,26.73748471572486,25.282667755748662,33.90904255319149,22.34840425531915,7.171557837466629,-2.9342635004295126
2008-11-21,27.047499319323776,23.972889284918722,28.21276595744681,22.164893617021278,1.1652666381230325,-1.807995667897444
2008-11-22,28.295084775129396,24.57764609786892,32.387234042553196,22.926063829787235,4.0921492674238,-1.651582268081686
2008-11-23,28.262769733422545,25.795047152298253,27.90212765957447,23.527659574468085,-0.3606420738480729,-2.267387577830167
2008-11-24,27.80058785673623,24.73106408257229,30.040425531914895,24.904255319148938,2.2398376751786664,0.17319123657664903
2008-11-25,26.76065320165344,25.07596544639989,31.414361702127657,24.1781914893617,4.653708500474217,-0.89777395703819
2008-11-26,28.59020346031042,25.081016806514697,32.418617021276596,23.653191489361703,3.828413560966176,-1.427825317152994
2008-11-27,28.013631345758824,24.66474220935129,34.00372340425532,19.74148936170213,5.990092058496494,-4.9232528476491595
2008-11-28,27.661989802232597,25.079325264226156,33.121808510638296,20.717553191489362,5.459818708405699,-4.361772072736795
2008-11-29,29.54208484938499,25.30163931585855,32.73936170212766,22.05691489361702,3.197276852742668,-3.244724422241532
2008-11-30,29.08777777777783,25.22773248186934,30.757978723404257,25.57340425531915,1.6702009456264264,0.34567177344981204
2008-12-01,27.09591668523052,24.925045172149282,28.2968085106383,22.656382978723403,1.2008918254077798,-2.268662193425879
2008-12-02,29.277289918566453,25.222611321501972,30.347340425531915,24.94148936170213,1.0700505069654618,-0.2811219597998438
2008-12-03,28.812882106878533,25.158588153758558,33.682978723404254,23.675531914893618,4.870096616525721,-1.4830562388649398
2008-12-04,31.12438182223218,26.00615380807409,34.41276595744681,21.999468085106383,3.2883841352146277,-4.006685722967706
2008-12-05,29.367160466325117,26.060279201009905,32.054255319148936,22.93617021276596,2.6870948528238188,-3.124108988243947
2008-12-06,27.85520135640212,24.634304101383577,33.12287234042553,20.09414893617021,5.267670984023411,-4.540155165213367
2008-12-07,27.37819756936716,24.387796589193442,29.210106382978722,22.366489361702126,1.8319088136115624,-2.0213072274913166
2008-12-08,25.627549813123437,23.84284027623079,29.519148936170215,23.063297872340424,3.8915991230467775,-0.779542403890364
2008-12-09,25.88071161604904,23.8674849632435,29.745212765957447,23.880851063829788,3.8645011499084063,0.013366100586289065
2008-12-10,26.457678770327504,24.115574366971146,32.058510638297875,21.638297872340427,5.600831867970371,-2.4772764946307184
2008-12-11,27.181409123536582,24.312209103735086,29.795212765957448,22.906382978723403,2.6138036424208657,-1.4058261250116821
2008-12-12,28.74640850474003,25.1305920645529,31.199999999999996,23.03031914893617,2.453591495259964,-2.1002729156167312
2008-12-13,29.05971535358043,25.29450607658231,29.987234042553194,22.81117021276596,0.9275186889727642,-2.4833358638163503
2008-12-14,28.057289918566426,25.320652706616215,28.704787234042552,22.834574468085105,0.6474973154761265,-2.4860782385311104
2008-12-15,28.624102868740863,25.19829261651938,27.102127659574467,21.345744680851062,-1.5219752091663956,-3.852547935668319
2008-12-16,29.137699314373435,25.006221628177514,28.676063829787235,21.124468085106383,-0.46163548458619985,-3.881753543071131
2008-12-17,28.713913516992136,25.75274547659717,29.52127659574468,22.3031914893617,0.8073630787525445,-3.4495539872354684
2008-12-18,28.423553872428954,24.754765971139364,29.260106382978723,21.157446808510638,0.8365525105497689,-3.5973191626287253
2008-12-19,26.731862330140416,24.93635083290019,29.544148936170213,21.02340425531915,2.8122866060297973,-3.912946577581039
2008-12-20,26.834743694463043,23.739355709017104,29.579255319148935,22.29255319148936,2.7445116246858916,-1.4468025175277432
2008-12-21,27.995828816118433,24.849972525432577,31.281382978723403,23.773936170212767,3.2855541626049707,-1.0760363552198093
2008-12-22,27.349112893245206,24.091684859285635,32.04893617021276,21.267553191489363,4.699823276967557,-2.824131667796273
2008-12-23,27.36541323234576,24.98222024207331,27.42074468085106,23.186702127659576,0.055331448505302916,-1.7955181144137349
2008-12-24,27.21397069379475,25.1626779040123,29.73351063829787,23.090957446808513,2.5195399445031192,-2.071720457203785
2008-12-26,29.439148288408774,25.990525977079812,29.81648936170213,22.695212765957447,0.37734107329335487,-3.295313211122366
2008-12-27,29.359737382738047,25.985931288829534,30.508510638297874,22.902659574468085,1.1487732555598278,-3.083271714361448
2008-12-28,28.661121259374795,25.39126457265911,32.62978723404255,24.907978723404256,3.9686659746677577,-0.4832858492548553
2008-12-29,28.313539021311385,25.430014603598977,30.835638297872343,24.309042553191492,2.522099276560958,-1.1209720504074845
2008-12-30,28.112730625479628,25.043233830845793,32.58297872340426,23.27712765957447,4.470248097924632,-1.7661061712713213
2009-01-01,30.00801787084481,26.029469320066426,31.401063829787233,24.789361702127657,1.3930459589424231,-1.2401076179387687
2009-01-02,30.95928640380191,25.608578253013548,32.9345744680851,24.09787234042553,1.9752880642831911,-1.5107059125880191
2009-01-03,31.312604143461783,26.18120046533511,33.183510638297875,24.250531914893617,1.8709064948360918,-1.9306685504414922
2009-01-04,31.55282047474077,26.445438974282865,33.38989361702128,23.488297872340425,1.8370731422805093,-2.9571411019424403
2009-01-05,30.722617014430398,25.98464839979215,31.556382978723406,23.561702127659576,0.8337659642930078,-2.422946272132574
2009-01-06,29.487555011014592,25.83941140070789,31.027659574468085,25.607978723404255,1.5401045634534931,-0.23143267730363348
2009-01-07,28.155351600208007,25.185295165961236,31.0781914893617,22.998404255319148,2.9228398891536926,-2.186890910642088
2009-01-08,28.24865671641794,25.215146407267127,32.81170212765957,23.720212765957445,4.563045411241632,-1.4949336413096823
2009-01-09,27.71814460038121,24.854822900423244,32.432978723404254,22.39521276595745,4.714834123023046,-2.4596101344657946
2009-01-10,27.30951016063966,25.239404965223684,31.95904255319149,23.194680851063833,4.64953239255183,-2.044724114159852
2009-01-11,27.36330783891492,25.581196257518457,31.661702127659574,22.845744680851062,4.298394288744653,-2.735451576667394
2009-01-12,27.80076532759091,24.405846884978132,29.948936170212765,23.60372340425532,2.1481708426218553,-0.8021234807228126
2009-01-13,27.81080913838764,24.831636345635047,30.08936170212766,21.97446808510638,2.2785525637400212,-2.857168260528667
2009-01-14,27.421537833221976,24.102662805376156,29.633510638297874,22.378191489361704,2.2119728050758987,-1.7244713160144514
2009-01-15,28.682519492091842,25.105355560505927,29.587234042553195,22.56648936170213,0.9047145504613532,-2.538866198803799
2009-01-16,29.845699858914372,25.944182817257,29.376063829787235,24.58776595744681,-0.46963602912713753,-1.3564168598101922
2009-01-17,29.132269003242584,25.479916833741754,30.71382978723404,24.351595744680854,1.5815607839914563,-1.1283210890609006
2009-01-18,29.21190836860484,25.747136209499786,30.47446808510638,25.369148936170212,1.262559716501542,-0.37798727332957327
2009-01-19,28.414098413405668,25.355190713101194,31.89627659574468,24.399468085106385,3.4821781823390126,-0.9557226279948097
2009-01-20,29.732371228435,25.749733669958744,33.319148936170215,23.706382978723404,3.586777707735216,-2.0433506912353394
2009-01-21,30.865765946387512,26.167261701443067,34.20212765957447,23.637765957446806,3.3363617131869603,-2.529495743996261
2009-01-22,31.10894185787481,25.93046137471856,32.23723404255319,25.373404255319148,1.1282921846783793,-0.5570571193994134
2009-01-23,29.732589787381585,26.282660330189856,33.81223404255319,27.743085106382978,4.079644255171608,1.460424776193122
2009-01-24,28.099559416846148,24.669983911289307,30.65053191489362,24.997340425531913,2.5509724980474715,0.3273565142426058
2009-01-25,28.02729511645748,25.208703744956836,29.234574468085107,26.78031914893617,1.2072793516276263,1.571615403979333
2009-01-26,28.996471126952315,25.577099081705967,30.736170212765956,24.878191489361704,1.7396990858136405,-0.6989075923442627
2009-01-27,29.153618474790278,25.372554639736677,29.157978723404256,24.289893617021278,0.0043602486139775465,-1.0826610227153992
2009-01-28,28.65475928813646,25.77161307888423,33.31117021276596,23.934042553191492,4.656410924629498,-1.8375705256927368
2009-01-29,28.400478948540922,26.045034033811078,33.386702127659575,23.998404255319148,4.986223179118653,-2.04662977849193
2009-01-30,28.970991807133544,25.55260315338728,34.52925531914894,24.871276595744682,5.558263512015394,-0.6813265576425991
2009-01-31,28.618590876463486,25.561153189277547,31.908510638297873,22.977659574468085,3.289919761834387,-2.5834936148094627
2009-02-01,28.803696195638793,25.540860622261846,34.65691489361702,23.287765957446812,5.853218697978228,-2.253094664815034
2009-02-02,28.323182346971635,25.270538353011148,31.4,23.293085106382982,3.076817653028364,-1.9774532466281656
2009-02-03,28.05745872626926,25.159470310140875,33.890957446808514,22.366489361702126,5.833498720539254,-2.7929809484387498
2009-02-04,28.502569490854228,24.95768594836761,30.642553191489363,23.222340425531915,2.1399837006351348,-1.735345522835697
2009-02-05,28.82032697210468,25.586313457587664,32.22446808510638,23.09468085106383,3.4041411130016996,-2.491632606523833
2009-02-06,28.978165639464407,26.16926610727461,31.41223404255319,23.361702127659573,2.4340684030887836,-2.8075639796150362
2009-02-07,29.419773272938812,26.04814781812337,31.299999999999997,26.074468085106382,1.880226727061185,0.026320266983013596
2009-02-08,28.638642112819014,26.300960124749395,30.642021276595745,25.423936170212766,2.0033791637767315,-0.8770239545366287
2009-02-09,29.87814237271357,25.894283557337758,33.67340425531915,25.184042553191492,3.7952618826055797,-0.7102410041462655
2009-02-10,29.508204252370035,26.001771738323328,34.03989361702128,23.877127659574466,4.531689364651243,-2.1246440787488616
2009-02-11,28.185351847726565,25.124291477933696,37.282446808510635,23.804255319148936,9.09709496078407,-1.3200361587847596
2009-02-12,28.750461127199856,24.820214103611363,30.397340425531915,22.04095744680851,1.6468792983320597,-2.779256656802854
2009-02-13,30.285099626246904,26.060205935496697,34.15638297872341,22.142021276595745,3.871283352476503,-3.9181846589009517
2009-02-14,29.01221133140274,25.943024677607013,31.29255319148936,22.887234042553192,2.2803418600866223,-3.055790635053821
2009-02-15,29.078958441622717,26.36628697309476,30.482978723404255,22.575000000000003,1.4040202817815377,-3.7912869730947563
2009-02-16,27.92403158337663,25.411929160169336,29.865957446808512,21.72872340425532,1.9419258634318801,-3.6832057559140168
2009-02-17,26.185125368184003,24.592574441226702,31.896808510638294,23.73404255319149,5.711683142454291,-0.8585318880352126
2009-02-18,26.8918333704612,24.93932526422617,27.82712765957447,23.36063829787234,0.9352942891132692,-1.5786869663538283
2009-02-19,26.73445830548752,24.053862528155264,27.98510638297872,22.484574468085107,1.2506480774911992,-1.569288060070157
2009-02-20,27.2521227197347,24.288729239375243,27.018085106382976,23.122872340425534,-0.2340376133517239,-1.1658568989497091
2009-02-21,28.20378653993714,24.5309455211505,27.800000000000004,25.27659574468085,-0.403786539937137,0.745650223530351
2009-02-22,26.86106606272125,24.528945818172815,28.255851063829788,22.70904255319149,1.3947850011085379,-1.819903264981324
2009-02-23,28.679757431746793,25.43022722209855,29.445212765957447,23.909042553191487,0.7654553342106531,-1.5211846689070647
2009-02-24,28.32933566000844,25.111309868567616,30.705319148936173,22.301063829787235,2.3759834889277336,-2.810246038780381
2009-02-25,28.555086260241126,25.96243211801692,28.506382978723405,22.131914893617022,-0.04870328151772085,-3.830517224399898
2009-02-26,28.129603475161503,25.307014430335926,32.65531914893617,22.268617021276597,4.52571567377467,-3.0383974090593284
2009-02-27,27.628222321229657,25.327801539565883,28.52553191489362,21.887765957446806,0.8973095936639623,-3.4400355821190765
2009-02-28,28.154588005247433,25.366362466275632,29.627127659574466,22.434042553191492,1.4725396543270328,-2.9323199130841395
2009-03-01,28.20830350733894,25.57363728620578,27.1968085106383,22.876595744680852,-1.011494996700641,-2.6970415415249285
2009-03-02,28.377039429717172,25.472816266924156,33.12925531914894,22.3968085106383,4.752215889431767,-3.076007756285854
2009-03-03,29.220209895794653,26.272146481522782,31.340957446808513,22.795212765957448,2.12074755101386,-3.476933715565334
2009-03-04,30.1337031261603,25.67614663003394,31.70212765957447,23.426063829787235,1.56842453341417,-2.2500828002467053
2009-03-05,30.15286329546302,26.16656815425364,30.9,23.872872340425534,0.7471367045369774,-2.293695813828105
2009-03-06,30.832964035543682,26.011069527982045,30.770744680851063,24.695744680851064,-0.06221935469261908,-1.3153248471309809
2009-03-07,30.50720328704739,26.158489146308284,31.199999999999996,22.745744680851065,0.6927967129526067,-3.4127444654572194
2009-03-08,29.650679191109134,26.804002623697443,29.98351063829787,23.236702127659573,0.3328314471887346,-3.56730049603787
2009-03-09,28.353797183238044,25.749924754337826,29.398404255319146,25.273404255319146,1.044607072081103,-0.47652049901867954
2009-03-10,28.85785475607048,25.806231776441223,29.602659574468085,23.738297872340425,0.7448048183976042,-2.067933904100798
2009-03-11,28.34817677780262,25.026430286379025,31.63457446808511,23.819680851063833,3.286397690282488,-1.2067494353151922
2009-03-12,28.199091359124793,25.11712680379202,31.318617021276594,22.080319148936173,3.1195256621518013,-3.0368076548558456
2009-03-13,28.976498106482552,25.533643226652828,31.1,24.395744680851063,2.1235018935174494,-1.1378985458017645
2009-03-14,30.936152817999584,26.51521744511274,31.875736961451246,24.163829787234043,0.9395841434516612,-2.3513876578786963
2009-03-15,31.129190861612415,26.400888591866533,33.558510638297875,24.914893617021278,2.4293197766854604,-1.485994974845255
2009-03-16,30.535572881859366,26.661440805920677,32.612765957446804,24.92712765957447,2.077193075587438,-1.7343131463462065
2009-03-17,28.124020445038525,25.912127422588583,29.961702127659574,24.69148936170213,1.8376816826210494,-1.2206380608864542
2009-03-18,28.637122348456728,26.004716962451482,27.78563829787234,25.188297872340424,-0.8514840505843893,-0.816419090111058
2009-03-19,27.90585678572313,25.615232791267545,29.156382978723403,22.92659574468085,1.2505261930002725,-2.6886370465866953
2009-03-20,28.140235885250377,25.315759510903206,26.815957446808508,22.76595744680851,-1.324278438441869,-2.5498020640946955
2009-03-21,29.518797306997328,25.875677334719455,35.01010638297872,21.887765957446806,5.491309075981391,-3.987911377272649
2009-03-22,30.2190633895201,26.48413628375539,35.7186170212766,23.10904255319149,5.499553631756498,-3.3750937305639006
2009-03-23,29.43160392069501,27.025983515259554,36.092021276595744,23.211170212765957,6.660417355900734,-3.8148133024935973
2009-03-24,30.74890002722708,26.842927402787097,33.303723404255315,21.78085106382979,2.554823377028235,-5.062076338957308
2009-03-26,30.776000594044717,26.827552288309732,32.3218085106383,24.138829787234044,1.5458079165935814,-2.688722501075688
2009-03-27,29.672164797901075,26.427271107150887,33.54095744680851,25.362765957446808,3.868792648907437,-1.064505149704079
2009-03-28,30.60058538154999,26.10459567832487,31.523936170212767,23.272872340425533,0.923350788662777,-2.831723337899337
2009-03-29,31.235606791911152,26.337516645627602,30.18723404255319,23.480851063829785,-1.0483727493579629,-2.8566655817978166
2009-03-30,31.35059973763032,26.888109700254972,31.23510638297872,23.986170212765956,-0.11549335465159771,-2.9019394874890168
2009-03-31,32.069815351105206,27.027522091037383,28.20212765957447,23.621276595744682,-3.8676876915307368,-3.4062454952927013
2009-04-01,32.91780450978939,27.400261379668848,31.9,25.02127659574468,-1.0178045097893929,-2.3789847839241673
2009-04-02,30.30898344100399,27.262163312789312,31.363297872340425,23.994148936170212,1.0543144313364365,-3.2680143766190994
2009-04-03,28.363789015123416,25.99330981906394,31.35372340425532,23.27553191489362,2.9899343891319035,-2.717777904170319
2009-04-04,29.019461399470345,25.620606915670407,31.300000000000004,23.96382978723404,2.2805386005296597,-1.6567771284363673
2009-04-05,29.41247172099696,25.625438974282815,30.690425531914894,23.83936170212766,1.277953810917932,-1.786077272155154
2009-04-06,29.898687903764824,26.740126482017786,30.800531914893618,23.709574468085105,0.9018440111287944,-3.030552013932681
2009-04-07,29.495812232370554,26.651422984579654,31.11010638297872,23.387765957446806,1.614294150608167,-3.2636570271328473
2009-04-08,30.544244944432137,26.119931684859353,31.976063829787233,23.994148936170212,1.4318188853550957,-2.12578274868914
2009-04-09,31.2668785426103,26.92059825251846,30.914361702127657,23.5781914893617,-0.3525168404826431,-3.3424067631567596
2009-04-10,29.732271973466027,26.043207841390085,33.56117021276596,22.73510638297872,3.8288982392999316,-3.3081014584113646
2009-04-11,29.308409940347985,26.226344149897272,29.987234042553194,22.94308510638298,0.6788241022052084,-3.283259043514292
2009-04-12,27.748207470112163,25.40447711690308,32.145212765957446,22.877659574468087,4.3970052958452825,-2.526817542434994
2009-04-13,27.937126308754728,25.581045518675353,28.72978723404255,21.44468085106383,0.792660925287823,-4.136364667611524
2009-04-14,28.111915546644923,24.86972698695581,29.284042553191487,22.626063829787235,1.1721270065465639,-2.2436631571685766
2009-04-15,28.343749412143325,26.082964283062324,28.32340425531915,24.008510638297874,-0.020345156824173927,-2.07445364476445
2009-04-16,28.60581446003812,26.092767505754864,27.58936170212766,22.820744680851064,-1.0164527579104572,-3.2720228249038
2009-04-17,27.122566273112113,24.34502462810326,28.876063829787235,22.23031914893617,1.7534975566751214,-2.114705479167089
2009-04-18,25.580424494443207,24.30226108264651,30.6,22.39468085106383,5.019575505556794,-1.9075802315826813
2009-04-19,26.285798371327473,24.614873641741553,30.253191489361704,21.14468085106383,3.967393118034231,-3.470192790677725
2009-04-20,27.024011039330787,24.843154624885585,29.39095744680851,21.500531914893617,2.366946407477723,-3.342622709991968
2009-04-21,26.358335932278976,25.243041756392245,29.052659574468088,22.465957446808513,2.6943236421891115,-2.7770843095837314
2009-04-22,26.088171084874148,24.733441003935525,28.66117021276596,23.159042553191487,2.572999127891812,-1.574398450744038
2009-04-23,26.320513353629906,24.47525853320468,27.301063829787235,24.341489361702127,0.9805504761573296,-0.13376917150255352
2009-04-24,27.276928293854155,24.727799064379667,28.5,22.779787234042555,1.223071706145845,-1.9480118303371121
2009-04-25,28.22418529244328,25.89617435212,30.398936170212767,21.950531914893617,2.174750877769487,-3.9456424372263825
2009-04-26,28.29199648523553,26.305834014009577,30.5,21.88989361702128,2.2080035147644708,-4.415940396988297
2009-04-27,29.821768520581145,26.68843271206157,29.59414893617021,21.837234042553188,-0.22761958441093455,-4.851198669508381
2009-04-28,29.06219747035965,26.254139749016076,27.70212765957447,22.029787234042555,-1.3600698107851805,-4.224352514973521
2009-04-29,26.820309150763592,25.23461028192378,28.104255319148937,21.626595744680852,1.283946168385345,-3.6080145372429264
2009-04-30,28.47930868047831,26.726016435236772,29.090425531914892,21.35478723404255,0.6111168514365808,-5.371229201194222
2009-05-01,27.71760476225836,26.3728457216406,27.83776595744681,21.68776595744681,0.12016119518844803,-4.685079764193791
2009-05-02,27.80941536100596,24.71789213138294,28.715957446808513,22.409042553191487,0.9065420858025526,-2.3088495781914524
2009-05-03,24.892119501992568,24.060069305215166,27.869148936170212,21.35904255319149,2.977029434177645,-2.701026752023676
2009-05-04,25.477025073636867,24.41338258953988,27.492021276595743,22.13989361702128,2.0149962029588764,-2.2734889725185994
2009-05-05,25.61648647310716,24.60263929110664,27.42712765957447,20.261702127659575,1.8106411864673113,-4.340937163447066
2009-05-06,26.242293260067868,24.806394891215575,28.299468085106383,21.52340425531915,2.0571748250385156,-3.282990635896425
2009-05-07,26.65087770104708,24.808145095418467,28.693617021276594,20.878723404255318,2.042739320229515,-3.9294216911631494
2009-05-08,26.373266750823007,24.839271057647125,28.44787234042553,22.54787234042553,2.0746055896025233,-2.2913987172215933
2009-05-09,26.242034850622474,24.578992104155873,29.829255319148935,23.613297872340425,3.5872204685264606,-0.9656942318154478
2009-05-10,27.462555382292578,25.89721789064629,28.605851063829785,22.61968085106383,1.1432956815372073,-3.277537039582459
2009-05-11,27.189366104799433,25.84508799287147,28.198936170212765,22.873404255319148,1.0095700654133317,-2.971683737552322
2009-05-12,26.610426722110844,25.368644092967997,27.670744680851065,22.33404255319149,1.060317958740221,-3.0346015397765065
2009-05-13,26.192564045444442,25.124532313556585,27.909042553191487,21.26063829787234,1.7164785077470448,-3.863894015684245
2009-05-14,26.552724437513916,25.092882106878562,28.790425531914895,21.072872340425533,2.237701094400979,-4.020009766453029
2009-05-15,27.845741442043504,24.96034825870646,28.367553191489364,20.83404255319149,0.5218117494458596,-4.1263057055149694
2009-05-16,28.215209029479524,25.041609118586166,31.006914893617022,21.161702127659574,2.791705864137498,-3.8799069909265924
2009-05-17,26.49363258335194,24.80164327615654,28.194148936170212,21.169148936170213,1.7005163528182727,-3.6324943399863265
2009-05-18,25.61218583698428,24.457162446474115,27.749468085106383,20.95425531914894,2.1372822481221014,-3.5029071273251766
2009-05-19,26.79390683398924,25.068641617781736,26.871276595744682,19.98723404255319,0.07736976175544186,-5.081407575228546
2009-05-20,26.75635949605214,25.079443330610673,26.434042553191485,21.31063829787234,-0.32231694286065604,-3.7688050327383316
2009-05-21,26.068063414271933,24.325218682705838,25.408510638297873,20.388297872340427,-0.6595527759740598,-3.936920810365411
2009-05-22,25.212451176951106,24.38773347194376,25.477659574468085,20.31648936170213,0.2652083975169788,-4.071244110241633
2009-05-23,26.381255414469933,23.8374557560457,28.84255319148936,21.690425531914894,2.461297777019425,-2.1470302241308055
2009-05-24,25.22994529838371,23.40039429717092,31.231914893617024,21.888829787234044,6.001969595233312,-1.5115645099368749
2009-05-25,26.727474072424002,24.677851290809656,29.04255319148936,21.602659574468085,2.3150791190653592,-3.075191716341571
2009-05-26,26.373177396599203,25.187987178535195,31.843617021276597,22.02659574468085,5.470439624677393,-3.1613914338543445
2009-05-27,26.713599168337453,24.436462958837637,30.586170212765957,21.11436170212766,3.872571044428504,-3.3221012567099777
2009-05-28,26.78774312517021,24.396045889953257,29.206914893617018,20.052659574468084,2.419171768446809,-4.343386315485173
2009-05-29,26.228187173584843,24.74652978886661,28.854255319148933,18.895744680851063,2.6260681455640906,-5.850785108015547
2009-05-30,26.17434865473632,24.216518898047127,28.38031914893617,21.5,2.2059704941998497,-2.716518898047127
2009-05-31,26.276803296948174,24.393901636098178,28.321276595744678,21.21223404255319,2.044473298796504,-3.1816675935449865
2009-06-01,28.542210588846842,24.482438801019782,27.898936170212767,21.67287234042553,-0.6432744186340749,-2.809566460594251
2009-06-02,29.104800623746996,24.931832627905294,29.001063829787235,20.107978723404255,-0.10373679395976154,-4.823853904501039
2009-06-03,28.40865869656693,24.982566520630712,24.56755319148936,19.71968085106383,-3.8411055050775715,-5.262885669566881
2009-06-04,26.45800871265567,24.040722754387332,26.537765957446812,18.715425531914892,0.07975724479114277,-5.3252972224724395
2009-06-05,26.01067201306904,24.740883889012707,27.59521276595745,20.82659574468085,1.5845407528884081,-3.914288144331856
2009-06-06,26.978594836761488,24.437227543872723,28.68776595744681,20.0718085106383,1.7091711206853226,-4.365419033234424
2009-06-07,26.5088381475706,24.548897057003558,29.10053191489362,21.483510638297872,2.5916937673230187,-3.0653864187056854
2009-06-08,25.494236281280166,23.64985272641775,26.716489361702127,18.652127659574468,1.222253080421961,-4.99772506684328
2009-06-09,24.624346674587287,23.137855498626266,28.003723404255318,21.098936170212767,3.3793767296680315,-2.038919328413499
2009-06-10,26.796130293804595,24.42103363778125,27.38989361702128,20.17872340425532,0.5937633232166846,-4.242310233525931
2009-06-11,26.93088091878917,24.32937105517192,27.89627659574468,19.74255319148936,0.9653956769555094,-4.586817863682558
2009-06-12,26.53263780599491,24.773122694982817,24.962234042553188,20.881382978723405,-1.5704037634417212,-3.891739716259412
2009-06-13,26.01141036112972,23.65643795945641,27.205851063829787,21.238297872340425,1.1944407027000672,-2.4181400871159866
2009-06-14,25.91268062671719,24.102743991485454,24.819148936170212,20.11648936170213,-1.0935316905469783,-3.986254629783325
2009-06-15,24.502520234647648,23.07135739214374,26.870744680851065,20.14308510638298,2.368224446203417,-2.928272285760759
2009-06-16,25.594414989728023,23.590654191727992,26.607978723404255,19.947340425531916,1.0135637336762322,-3.6433137661960764
2009-06-17,26.42980866810234,24.370428702259858,27.548404255319152,20.347340425531915,1.118595587216813,-4.023088276727943
2009-06-18,26.159156951560647,24.888230984381607,28.067021276595746,19.09308510638298,1.9078643250350993,-5.795145877998628
2009-06-19,26.057464419197572,24.90611890794787,28.30159574468085,19.450531914893617,2.244131325483277,-5.455586993054254
2009-06-20,25.77692284844437,24.15581743026172,27.97340425531915,21.690425531914894,2.1964814068747778,-2.4653918983468266
2009-06-21,24.937716145639968,23.598560184153882,27.701063829787234,21.23563829787234,2.7633476841472664,-2.3629218862815407
2009-06-22,24.083069230959666,22.654446919630743,28.845744680851062,19.55372340425532,4.762675449891397,-3.1007235153754245
2009-06-24,25.999666097373847,23.86570654191729,28.06808510638298,19.006914893617022,2.0684190090091334,-4.858791648300269
2009-06-25,25.58864038018862,23.30091755154581,29.49468085106383,21.006382978723405,3.906040470875208,-2.2945345728224034
2009-06-26,26.215717680255466,24.259607682978185,29.767553191489363,21.34095744680851,3.5518355112338966,-2.9186502361696753
2009-06-27,25.551280413851146,24.445323135565957,28.001595744680852,19.995744680851065,2.4503153308297065,-4.449578454714892
2009-06-28,25.338716615925364,23.37657731244275,27.50531914893617,20.217553191489362,2.1666025330108063,-3.1590241209533865
2009-06-29,24.986983985544953,23.49027548823051,29.26489361702128,21.810638297872337,4.2779096314763265,-1.6796371903581715
2009-06-30,24.534286032523994,22.793659067844885,25.994148936170212,18.392021276595745,1.4598629036462185,-4.40163779124914
2009-07-01,25.10630726962205,23.698367119625743,27.04627659574468,21.502659574468087,1.939969326122629,-2.1957075451576564
2009-07-02,25.75822058859933,24.121447241405008,27.59414893617021,21.03617021276596,1.8359283475708814,-3.085277028639048
2009-07-03,26.383463775649204,24.615248137422384,35.204787234042556,20.86648936170213,8.821323458393351,-3.7487587757202547
2009-07-04,26.38539046063221,24.59223657830256,26.6718085106383,18.757978723404257,0.2864180500060911,-5.834257854898304
2009-07-05,25.761222494492756,23.551317541645005,26.715425531914892,19.471808510638297,0.9542030374221362,-4.079509031006708
2009-07-06,25.843175663968736,23.990403702878666,27.30159574468085,20.315425531914894,1.4584200807121128,-3.6749781709637723
2009-07-07,24.254139996534775,22.734731813569,27.310106382978724,19.304787234042553,3.0559663864439486,-3.4299445795264454
2009-07-08,24.045883765253393,22.57166802801919,26.392021276595745,18.565425531914894,2.346137511342352,-4.006242496104296
2009-07-09,24.69269498279749,22.732601420756964,24.613829787234046,18.72872340425532,-0.07886519556344496,-4.003878016501645
2009-07-10,24.716570134402673,22.814975371896708,27.482446808510637,17.927659574468084,2.7658766741079646,-4.887315797428624
2009-07-11,25.170232172471003,22.833128882948472,29.445744680851064,20.02340425531915,4.275512508380061,-2.809724627629322
2009-07-12,27.10086408752261,23.21312269498287,28.668085106382982,21.238829787234042,1.5672210188603728,-1.9742929077488292
2009-07-13,25.443964505829115,23.879181703423228,28.58351063829787,20.830851063829787,3.1395461324687552,-3.0483306395934413
2009-07-14,25.360675725848353,24.24164203856344,28.891489361702124,19.657446808510638,3.5308136358537716,-4.584195230052803
2009-07-15,24.775899853964063,23.539012153164606,28.57872340425532,19.67340425531915,3.802823550291258,-3.8656078978454573
2009-07-16,24.97269127001806,22.943217494616476,26.10372340425532,17.46382978723404,1.131032134237259,-5.479387707382436
2009-07-17,25.557983960793138,22.972326922600985,27.33882978723404,19.793617021276596,1.7808458264409026,-3.178709901324389
2009-07-18,25.874648152273437,23.556524590975528,26.379787234042553,16.370744680851065,0.5051390817691157,-7.185779910124463
2009-07-19,24.924140986609302,22.681402440533702,29.6968085106383,16.54840425531915,4.772667524028996,-6.132998185214554
2009-07-20,26.35750377465905,24.027988416128323,26.370744680851065,19.4281914893617,0.013240906192013568,-4.599796926766622
2009-07-21,25.85155218930231,23.632204648399807,28.232978723404255,20.131382978723405,2.3814265341019443,-3.5008216696764016
2009-07-22,25.547502784584594,24.152824187520196,28.16063829787234,21.167021276595744,2.6131355132877445,-2.985802910924452
2009-07-23,26.161797480260418,23.786047870102266,28.3281914893617,19.46223404255319,2.166394009101282,-4.323813827549074
2009-07-24,26.250272518007023,23.213415757035705,30.73351063829787,20.84095744680851,4.483238120290846,-2.372458310227195
2009-07-25,25.6185480557412,24.167428281478237,29.184042553191492,19.00531914893617,3.565494497450292,-5.162109132542067
2009-07-26,25.794182322219797,24.578544590480476,30.20851063829787,19.31436170212766,4.414328316078073,-5.264182888352817
2009-07-27,24.988436672359626,23.366423850894762,28.371808510638296,20.309574468085106,3.38337183827867,-3.0568493828096557
2009-07-28,26.27159525754314,24.078854731318586,31.45212765957447,20.017021276595745,5.180532402031329,-4.061833454722841
2009-07-29,25.504151877428797,23.050361872230894,29.885106382978723,17.72446808510638,4.380954505549926,-5.325893787124514
2009-07-30,26.24192817009481,23.317547585455827,29.924468085106383,20.05904255319149,3.6825399150115743,-3.2585050322643383
2009-07-31,26.329428974530344,23.73073859557934,32.359042553191486,20.756382978723405,6.029613578661142,-2.9743556168559344
2009-08-01,25.582198212915557,23.030230439840636,28.112234042553194,18.243617021276595,2.5300358296376366,-4.786613418564041
2009-08-02,25.418789138882687,23.598642360337635,28.467021276595744,20.92127659574468,3.0482321377130575,-2.677365764592956
2009-08-03,25.68983663770706,24.041869260661883,27.434042553191492,19.20957446808511,1.7442059154844323,-4.832294792576775
2009-08-04,26.497174574886742,24.540396029801286,28.801063829787235,18.261170212765958,2.3038892549004935,-6.279225817035329
2009-08-05,26.020766070146806,24.03264226133018,27.626595744680852,21.0781914893617,1.6058296745340463,-2.9544507719684816
2009-08-06,25.774069453726383,23.906250835375374,28.33882978723404,19.674468085106383,2.5647603335076568,-4.231782750268991
2009-08-07,26.10938145095423,24.12447711690305,27.906382978723403,20.675,1.7970015277691722,-3.4494771169030507
2009-08-08,26.234330338358006,23.628753743719244,27.705851063829787,20.245744680851065,1.4715207254717804,-3.3830090628681795
2009-08-09,26.142201925694962,22.643918714883284,29.680851063829788,17.861702127659573,3.5386491381348257,-4.7822165872237115
2009-08-10,26.042189549763634,23.600587609217598,29.461170212765957,18.41542553191489,3.4189806630023227,-5.1851620773027065
2009-08-11,26.012569985891446,23.407246850325464,29.476063829787233,19.330851063829787,3.4634938438957867,-4.076395786495677
2009-08-12,25.983552387317104,23.636077819855984,28.311702127659576,18.45212765957447,2.3281497403424716,-5.1839501602815155
2009-08-13,25.287983713274457,23.70145961733624,26.503191489361704,21.42127659574468,1.2152077760872473,-2.2801830215915615
2009-08-14,26.029151011113584,24.35951659612391,23.576595744680855,20.326063829787234,-2.4525552664327286,-4.033452766336676
2009-08-15,25.595132546224136,23.513053389767663,26.902127659574465,20.754787234042553,1.3069951133503288,-2.75826615572511
2009-08-16,25.71293086804792,23.83782406376082,26.534574468085108,21.232446808510637,0.8216436000371878,-2.6053772552501826
2009-08-17,24.557399074280397,22.448893096705547,28.423936170212766,20.086170212765957,3.866537095932369,-2.3627228839395897
2009-08-18,25.060059899507507,23.38385782530139,28.59787234042553,18.085106382978722,3.537812440918021,-5.2987514423226685
2009-08-19,25.31765525605806,23.6626729536398,29.05691489361702,20.307978723404254,3.739259637558959,-3.3546942302355447
2009-08-20,27.24594217964909,23.72508254746168,28.455319148936173,20.83882978723404,1.2093769692870815,-2.8862527602276415
2009-08-21,28.687527783965777,24.316131531397787,31.086702127659574,20.38244680851064,2.3991743436937973,-3.933684722887147
2009-08-22,27.166738447068155,24.00290611618533,31.284042553191487,19.99042553191489,4.117304106123331,-4.012480584270438
2009-08-23,24.964003118734695,23.385224623152965,30.98510638297872,18.44787234042553,6.021103264244026,-4.937352282727435
2009-08-24,26.227563674166504,23.931150714091245,29.017021276595745,20.95531914893617,2.7894576024292412,-2.975831565155076
2009-08-25,26.100003712779483,24.020628449790877,29.170212765957448,20.125531914893617,3.0702090531779653,-3.8950965348972595
2009-08-26,26.14824336031296,24.608575530308713,27.102659574468085,20.257978723404257,0.954416214155124,-4.350596806904456
2009-08-27,25.757664414247188,23.762689042350416,28.822340425531916,20.825,3.064676011284728,-2.937689042350417
2009-08-28,26.617953268483518,24.280255686740418,27.86755319148936,20.093617021276597,1.2495999230058423,-4.186638665463821
2009-08-29,25.504531323482126,23.808323803866244,28.476063829787233,23.279787234042555,2.971532506305106,-0.5285365698236895
2009-08-30,25.555929061161862,23.520608895819407,28.418617021276596,17.43776595744681,2.8626879601147337,-6.082842938372597
2009-08-31,24.556331773966008,23.14690453206606,28.931382978723402,21.575,4.375051204757394,-1.5719045320660605
2009-09-01,26.83184426128065,23.012649439370307,28.532978723404256,18.663829787234043,1.7011344621236049,-4.348819652136264
2009-09-02,26.23855597633724,23.833078389148852,29.97340425531915,21.288297872340426,3.734848278981911,-2.5447805168084265
2009-09-03,26.716541422242074,23.86336922353405,31.06276595744681,22.369148936170212,4.346224535204737,-1.494220287363838
2009-09-04,26.57980891562096,23.279590851711646,28.89468085106383,21.363297872340425,2.31487193544287,-1.916292979371221
2009-09-05,27.896856018415463,24.049356451572976,33.75585106382979,22.017553191489363,5.858995045414325,-2.0318032600836133
2009-09-06,26.867282988044906,24.442066533006653,30.386170212765954,20.868085106382978,3.5188872247210483,-3.573981426623675
2009-09-07,27.573550407168227,24.07703497438189,30.301063829787235,21.46968085106383,2.7275134226190083,-2.607354123318057
2009-09-08,26.790268557709,23.940451969010724,29.326595744680848,21.922340425531914,2.5363271869718496,-2.0181115434788097
2009-09-09,25.734668201282204,23.970828692359134,29.596276595744683,21.964893617021275,3.861608394462479,-2.0059350753378595
2009-09-10,25.510384891463104,23.269874508056716,29.367021276595743,19.392021276595745,3.8566363851326386,-3.8778532314609713
2009-09-11,24.917238187173552,23.33114625875595,31.596276595744683,20.353191489361702,6.679038408571131,-2.9779547693942483
2009-09-12,25.644982797455498,23.236309744808352,29.613297872340425,19.466489361702127,3.968315074884927,-3.769820383106225
2009-09-13,25.959169822529134,23.417163684067248,29.38936170212766,20.80159574468085,3.4301918795985245,-2.6155679393863984
2009-09-14,26.937603772183934,24.538662409346273,29.69255319148936,22.790425531914895,2.754949419305426,-1.7482368774313777
2009-09-15,26.935450855176896,23.90917328778994,29.306382978723406,20.390425531914893,2.3709321235465097,-3.5187477558750473
2009-09-16,26.758119601000033,23.57816687705747,29.08776595744681,22.772340425531915,2.3296463564467764,-0.8058264515255544
2009-09-17,26.66568005742431,23.9337021360858,31.82712765957447,22.525,5.161447602150158,-1.4087021360858003
2009-09-18,27.28463206356281,23.80900720279209,30.492553191489364,20.538829787234043,3.2079211279265536,-3.270177415558045
2009-09-19,28.052459345065756,24.214204598896117,31.64148936170213,22.251595744680852,3.589030016636375,-1.962608854215265
2009-09-20,28.119053983812307,24.307690403702907,30.02553191489362,23.201063829787234,1.9064779310813122,-1.1066265739156727
2009-09-22,27.589162149451795,24.90735699611389,31.261170212765958,21.76276595744681,3.6720080633141627,-3.1445910386670803
2009-09-23,28.450134897651083,24.49767406747361,28.805851063829788,20.139361702127662,0.3557161661787056,-4.358312365345949
2009-09-24,28.155146654785824,23.886548600282254,30.35531914893617,18.227659574468085,2.2001724941503475,-5.658889025814169
2009-09-25,28.083240761367335,24.545998861414375,28.857978723404255,19.78936170212766,0.7747379620369195,-4.756637159286715
2009-09-26,27.687958961411823,25.229405955298205,29.825000000000003,19.70585106382979,2.1370410385881797,-5.5235548914684145
2009-09-27,27.560846018662915,24.98540951956636,28.574468085106382,21.945744680851064,1.0136220664434674,-3.0396648387152965
2009-09-28,28.386526571124477,24.94132422464793,30.432978723404254,21.22872340425532,2.0464521522797767,-3.712600820392609
2009-09-29,29.654106581520296,24.932741021261904,33.369680851063826,19.695212765957447,3.7155742695435308,-5.237528255304458
2009-09-30,28.600569292839282,24.22225291453185,32.810106382978724,18.98510638297872,4.209537090139442,-5.23714653155313
2009-10-01,27.530421029182435,24.583364768198805,28.864893617021277,21.16542553191489,1.3344725878388424,-3.417939236283914
2009-10-02,25.8057260958887,24.102386079552502,30.465425531914892,18.817021276595746,4.659699436026191,-5.285364802956757
2009-10-03,26.856762951412065,24.635138734189752,29.31276595744681,19.795212765957448,2.456003006034745,-4.839925968232304
2009-10-04,26.802909581446045,24.59407242394991,29.589893617021275,20.863829787234042,2.7869840355752302,-3.730242636715868
2009-10-05,26.22449196802063,24.33810375980795,30.214893617021275,22.100531914893615,3.9904016490006455,-2.237571844914335
2009-10-06,26.211935843172228,24.007880745526165,30.84468085106383,20.17287234042553,4.632745007891604,-3.835008405100634
2009-10-07,27.449693076904055,24.471604168213673,34.05904255319149,20.226063829787233,6.609349476287434,-4.245540338426441
2009-10-08,26.922333110566626,23.994465978564904,30.16755319148936,20.24468085106383,3.245220080922735,-3.749785127501074
2009-10-09,29.186764189005203,25.148606222618298,32.45159574468085,20.91595744680851,3.2648315556756486,-4.232648775809789
2009-10-10,26.799838122818755,24.948762654389725,35.0,21.036702127659574,8.200161877181245,-3.9120605267301514
2009-10-11,25.562026434989264,24.330572015544192,34.19255319148937,22.851063829787233,8.630526756500103,-1.4795081857569592
2009-10-12,26.18291453181854,24.220952946709303,31.50531914893617,25.286702127659574,5.3224046171176305,1.0657491809502702
2009-10-13,28.35306007277046,24.669061904408352,30.807978723404258,21.199468085106382,2.4549186506337968,-3.46959381930197
2009-10-14,28.204810276973376,24.98416747110224,31.284042553191487,22.46755319148936,3.079232276218111,-2.516614279612881
2009-10-15,27.71683646444393,24.867625058785677,30.207978723404256,21.440425531914894,2.491142258960327,-3.4271995268707833
2009-10-16,28.71947055765952,24.699585158783236,33.20106382978724,22.22340425531915,4.481593272127718,-2.476180903464087
2009-10-17,28.32786960718795,25.131342788544828,29.954787234042552,21.48510638297872,1.6269176268546026,-3.646236405566107
2009-10-18,28.198093611544323,25.0593408578996,31.086170212765957,22.431382978723406,2.888076601221634,-2.6279578791761935
2009-10-19,28.599684166233544,24.902169748273593,33.68617021276596,20.896808510638298,5.086486046532414,-4.005361237635295
2009-10-20,29.391872725922667,24.689805450360154,29.8281914893617,20.788297872340426,0.43631876343903286,-3.9015075780197286
2009-10-21,28.967657731244287,24.95998490136384,30.706914893617018,22.04627659574468,1.7392571623727306,-2.91370830561916
2009-10-22,29.160063364768234,24.958740130194826,29.19840425531915,21.363829787234042,0.038340890550916384,-3.594910342960784
2009-10-23,30.39265711244775,25.082491274968447,31.722340425531915,22.746276595744682,1.329683313084164,-2.3362146792237652
2009-10-24,26.68003440508903,25.294765476102157,33.77925531914894,24.907978723404256,7.099220914059906,-0.3867867526979012
2009-10-25,27.958554491225527,24.841397985198398,32.57393617021276,24.93723404255319,4.615381678987234,0.09583605735479139
2009-10-26,27.16942922204896,25.110519046558295,32.32393617021276,23.359574468085107,5.1545069481637995,-1.750944578473188
2009-10-27,27.296135491695793,24.61029726986959,28.298936170212766,21.130851063829788,1.002800678516973,-3.4794462060398033
2009-10-28,27.973838023811368,25.081357144625144,28.830851063829787,22.403191489361703,0.857013040018419,-2.6781656552634416
2009-10-29,27.6978547560704,24.255560010890804,26.993617021276595,21.23031914893617,-0.7042377347938036,-3.0252408619546323
2009-10-30,28.440538848048334,24.580258656963963,27.872340425531913,20.722340425531915,-0.5681984225164207,-3.8579182314320484
2009-10-31,28.94801886091932,25.31015469914115,31.612234042553194,20.85478723404255,2.6642151816338746,-4.4553674650986
2009-11-01,28.296719635652664,24.97235860498506,30.15,19.563297872340424,1.8532803643473343,-5.409060732644637
2009-11-02,27.923708324051404,24.366780525234503,29.700531914893617,20.277659574468085,1.7768235908422128,-4.089120950766418
2009-11-03,27.864725130566114,24.191447983960813,28.561702127659576,22.345212765957445,0.6969769970934614,-1.8462352180033683
2009-11-04,27.94969357194134,23.803821687582,28.251595744680852,22.83351063829787,0.3019021727395135,-0.9703110492841311
2009-11-05,28.102578154006153,25.15426672607117,29.408510638297873,22.037765957446812,1.30593248429172,-3.116500768624359
2009-11-06,28.006634489245357,24.44129155218934,28.413829787234043,21.73936170212766,0.4071952979886859,-2.7019298500616813
2009-11-07,27.835158535679852,23.937141654909624,31.008510638297874,20.475,3.173352102618022,-3.4621416549096224
2009-11-08,29.657793866488475,24.72304348902253,30.886702127659575,20.637234042553192,1.2289082611710995,-4.085809446469337
2009-11-09,28.62460458899534,25.047028538897564,31.602659574468085,21.10478723404255,2.9780549854727454,-3.9422413048550133
2009-11-10,28.90793396203071,25.147640404940546,30.06117021276596,21.955319148936173,1.1532362507352474,-3.192321256004373
2009-11-11,28.35824608301772,25.239776490680924,31.52021276595745,21.358510638297872,3.161966682939731,-3.881265852383052
2009-11-12,28.395587980495577,25.391794262518317,28.648936170212767,22.6468085106383,0.2533481897171903,-2.744985751880016
2009-11-13,27.539341105418202,23.82830177470862,33.08882978723404,20.91808510638298,5.549488681815838,-2.910216668325642
2009-11-14,28.15660379693577,24.545169674017984,24.20851063829787,20.17074468085106,-3.9480931586378993,-4.374424993166922
2009-11-15,28.588806465186565,25.32924630578458,22.538297872340426,21.57925531914894,-6.050508592846139,-3.749990986635641
2009-11-16,29.438164154352705,24.7810789336898,32.303191489361694,21.5718085106383,2.865027335008989,-3.2092704230514997
2009-11-17,29.48453305611247,24.67763570208666,33.8,20.75,4.315466943887529,-3.9276357020866612
2009-11-18,27.92971312591277,25.542332615529403,35.72127659574468,21.434574468085106,7.791563469831914,-4.107758147444297
2009-11-19,28.049278730724495,24.340599985148856,30.997340425531913,21.631914893617022,2.948061694807418,-2.7086850915318337
2009-11-20,28.831152941758887,25.229195564466295,31.143617021276597,21.69095744680851,2.31246407951771,-3.5382381176577837
2009-11-21,27.971834113016996,25.489106952798238,29.585638297872343,19.74042553191489,1.613804184855347,-5.748681420883347
2009-11-22,28.141045271156713,25.162690527462246,29.614893617021277,21.193617021276598,1.473848345864564,-3.969073506185648
2009-11-23,27.52983515259524,23.88139402490043,39.57925531914894,20.364893617021277,12.049420166553702,-3.5165004078791533
2009-11-24,28.968537164921656,24.695712482364286,32.5,22.439361702127663,3.5314628350783437,-2.256350780236623
2009-11-25,28.84047795846641,25.28168065146906,30.714893617021275,21.054255319148936,1.8744156585548666,-4.227425332320124
2009-11-26,28.746664191480477,25.335243187049798,31.11063829787234,21.760106382978723,2.363974106391865,-3.575136804071075
2009-11-27,28.76367391896241,24.837995346649848,30.762234042553192,20.942021276595746,1.9985601235907815,-3.895974070054102
2009-11-28,28.982700180688653,25.820508155738764,31.79627659574468,21.395212765957446,2.8135764150560263,-4.4252953897813185
2009-11-29,29.990579688621608,25.502278656468945,31.278191489361703,25.945212765957447,1.2876118007400947,0.4429341094885011
2009-11-30,30.58736120393064,25.80110170540337,28.582978723404256,22.288297872340426,-2.0043824805263846,-3.512803833062943
2009-12-01,30.095065221157938,25.99947798321824,27.327659574468086,22.3968085106383,-2.767405646689852,-3.60266947257994
2009-12-02,29.299281205910745,25.732348704240053,30.481914893617024,23.403723404255317,1.1826336877062786,-2.3286252999847363
2009-12-03,29.149843073191278,25.587876537709462,28.273404255319146,22.130851063829788,-0.8764388178721312,-3.457025473879675
2009-12-04,29.888351030915146,25.848330239350503,28.042021276595747,23.287765957446812,-1.8463297543193988,-2.560564281903691
2009-12-05,30.38689116606031,26.48350832900178,26.19787234042553,23.0531914893617,-4.189018825634779,-3.430316839640078
2009-12-06,28.832858592609114,26.199269572535343,30.231382978723403,23.055851063829788,1.398524386114289,-3.1434185087055546
2009-12-07,28.046349595307106,25.5824974629341,28.179255319148936,21.90585106382979,0.13290572384183008,-3.6766463991043103
2009-12-08,29.241026459741136,25.822308853741276,32.51968085106383,23.154255319148938,3.2786543913226964,-2.668053534592339
2009-12-09,29.201563822677713,25.52543031113089,29.301063829787235,22.49468085106383,0.09950000710952267,-3.03074946006706
2009-12-10,29.038519591099202,25.80043588030003,31.205319148936173,22.442021276595746,2.1667995578369705,-3.358414603704283
2009-12-11,28.18423133090772,25.329948763644495,30.277659574468085,23.746808510638296,2.093428243560364,-1.5831402530061993
2009-12-12,28.649043340511355,25.832747951783404,31.58776595744681,23.32287234042553,2.938722616935454,-2.5098756113578737
2009-12-13,30.918334942204467,25.62893566990914,31.564893617021276,23.15212765957447,0.6465586748168093,-2.4768080103346684
2009-12-14,29.90389569565116,26.06831588327026,31.38351063829787,21.8281914893617,1.4796149426467124,-4.240124393908559
2009-12-15,28.254030345783576,26.357296354050675,30.68617021276596,21.987234042553194,2.432139866982382,-4.370062311497481
2009-12-16,28.02682557362448,24.974850622509337,30.602127659574467,22.496808510638296,2.575302085949989,-2.4780421118710407
2009-12-17,28.10872775426361,24.744090492809676,30.838297872340426,22.72340425531915,2.729570118076815,-2.0206862374905263
2009-12-18,28.82904754832805,26.039737135219468,31.493617021276595,22.61968085106383,2.6645694729485463,-3.4200562841556383
2009-12-19,28.57448627509217,26.414353605108772,31.555851063829788,22.612234042553194,2.9813647887376185,-3.8021195625555784
2009-12-21,28.754848147323116,26.191698225291475,31.836170212765957,24.01648936170213,3.0813220654428406,-2.1752088635893436
2009-12-22,28.13774139253985,25.93267889408679,31.1718085106383,21.386170212765958,3.0340671180984486,-4.546508681320834
2009-12-23,28.459550011138333,26.303700403455423,30.785106382978725,23.82872340425532,2.325556371840392,-2.474976999200102
2009-12-24,29.45328803742484,25.950195787232985,30.89095744680851,22.613297872340425,1.4376694093836697,-3.3368979148925604
2009-12-25,30.68776045147405,26.55626172619492,32.01968085106383,19.500531914893617,1.3319203995897837,-7.055729811301301
2009-12-26,28.388604242469285,25.984943689512647,31.559574468085106,20.8718085106383,3.1709702256158216,-5.113135178874348
2009-12-27,30.41399544565735,25.470257171852268,31.544680851063834,20.1,1.130685405406485,-5.370257171852266
2009-12-28,30.872939036162506,26.57121556397118,32.53244680851064,20.81595744680851,1.6595077723481353,-5.755258117162668
2009-12-29,29.550207173089802,26.559828717110975,32.354787234042554,23.513297872340427,2.804580060952752,-3.0465308447705475
2009-12-30,29.892742506373622,26.321249226504335,33.513829787234044,23.394148936170215,3.621087280860422,-2.9271002903341206
2009-12-31,30.892499443083125,26.18666443899906,31.67127659574468,23.58404255319149,0.7787771526615543,-2.6026218858075687
2010-01-01,28.568611172990813,25.903523922675276,30.263849765258215,23.00657276995305,1.6952385922674011,-2.8969511527222274
2010-01-02,27.664412267023124,24.673904606321628,29.303286384976527,20.659154929577465,1.638874117953403,-4.014749676744163
2010-01-03,27.366958243607883,24.444778347070667,29.62676056338028,21.756338028169015,2.2598023197723975,-2.6884403189016517
2010-01-04,28.183465013242255,25.336857008489915,28.14976525821596,21.855399061032863,-0.0336997550262943,-3.481457947457052
2010-01-05,28.19248904730091,24.40790599242598,28.207042253521124,19.763849765258215,0.01455320622021361,-4.644056227167766
2010-01-06,29.81428974530337,25.75625603326648,29.55258215962441,20.644600938967137,-0.261707585678959,-5.111655094299344
2010-01-07,30.1676309992327,26.222140293557118,29.920187793427232,20.96760563380282,-0.24744320580546741,-5.254534659754299
2010-01-08,29.284891710601244,26.68456226331034,31.35117370892019,21.332394366197185,2.0662819983189458,-5.352167897113155
2010-01-09,27.773126160243578,25.300608648300795,29.916431924882627,21.64929577464789,2.1433057646390488,-3.6513128736529055
2010-01-10,28.766110739833152,25.46514195193197,29.333333333333332,22.684037558685446,0.5672225935001798,-2.7811043932465225
2010-01-11,28.314817455013497,25.594278359446548,28.779342723004696,21.931924882629108,0.4645252679911991,-3.66235347681744
2010-01-12,28.014486275092224,25.00939184673655,28.94882629107981,21.16338028169014,0.934340015987587,-3.846011565046407
2010-01-13,29.010625727085994,26.306683002896023,30.6169014084507,22.42676056338028,1.606275681364707,-3.8799224395157417
2010-01-14,28.81037919853469,25.69932254152127,30.838967136150234,22.842723004694836,2.0285879376155442,-2.856599536826433
2010-01-15,29.62387218138167,26.096362466275593,31.611267605633802,21.492018779342725,1.9873954242521314,-4.604343686932868
2010-01-16,28.74743224177621,25.969165119675267,30.415962441314555,23.1169014084507,1.6685301995383455,-2.852263711224566
2010-01-17,28.391583376649123,25.482754387267676,29.965727699530515,22.822535211267606,1.5741443228813914,-2.6602191760000693
2010-01-18,28.057828519096063,25.177012202668323,28.94600938967136,22.537558685446008,0.8881808705752974,-2.6394535172223144
2010-01-19,28.80585208286925,25.95113066508253,29.102347417840377,21.59953051643193,0.29649533497112657,-4.351600148650601
2010-01-20,29.55289250266088,25.984032078413918,28.321596244131456,20.413145539906104,-1.2312962585294258,-5.570886538507814
2010-01-21,29.72597633721938,26.787194623895516,29.699999999999996,22.184976525821593,-0.025976337219383083,-4.602218098073923
2010-01-22,29.022192767505828,26.090175243187105,29.257746478873237,20.850234741784035,0.23555371136740888,-5.239940501403069
2010-01-23,28.55442687062208,25.74398901017304,28.955868544600936,22.091549295774648,0.4014416739788551,-3.6524397143983904
2010-01-24,29.056452810574058,26.360449741343075,32.661502347417844,21.885915492957746,3.6050495368437865,-4.4745342483853285
2010-01-25,29.403108586421126,26.444811267047953,28.95680751173709,21.283098591549297,-0.4463010746840368,-5.161712675498656
2010-01-26,28.22029825994406,24.696161728670063,31.41596244131455,21.015962441314553,3.1956641813704927,-3.68019928735551
2010-01-27,28.349384421177717,24.71811514566474,33.61877934272301,23.07793427230047,5.269394921545292,-1.6401808733642689
2010-01-28,28.57600232667511,25.63357491151214,33.34225352112676,23.67042253521127,4.766251194451648,-1.9631523763008722
2010-01-29,29.04108091383881,26.78332566025591,33.5887323943662,23.087793427230046,4.547651480527385,-3.6955322330258653
2010-01-30,29.245150862602372,26.17106061731147,32.832394366197185,22.906572769953055,3.587243503594813,-3.2644878473584136
2010-01-31,29.073399173287783,27.148450533402638,32.661502347417844,25.898591549295773,3.5881031741300617,-1.249858984106865
2010-02-01,28.85911982376672,25.53541620256925,33.001408450704226,23.437089201877935,4.142288626937507,-2.0983270006913166
2010-02-02,29.847503279621833,26.746104056830347,33.26807511737089,24.12112676056338,3.4205718377490584,-2.624977296266966
2010-02-03,29.859622534095706,27.16315313977384,28.392488262910796,24.339906103286385,-1.4671342711849107,-2.823247036487455
2010-02-04,28.345887230514165,25.763764758298066,32.777464788732395,22.472769953051642,4.43157755821823,-3.2909948052464237
2010-02-05,29.186260488601818,26.169810648251314,32.9075117370892,22.6056338028169,3.721251248487384,-3.564176845434414
2010-02-06,29.300673498180743,26.009624266726064,33.45586854460094,21.79765258215962,4.1551950464201965,-4.211971684566443
2010-02-07,28.922428157718855,26.457717878270387,32.81830985915493,23.413145539906104,3.8958817014360747,-3.044572338364283
2010-02-08,28.816886710724987,26.837030271527965,31.572300469483565,23.865727699530513,2.7554137587585785,-2.9713025719974517
2010-02-09,29.02959109923023,26.088765129576018,32.401408450704224,22.188262910798123,3.371817351473993,-3.900502218777895
2010-02-10,29.228379248038436,27.175485012747288,33.017370892018775,21.83661971830986,3.7889916439803386,-5.338865294437429
2010-02-11,27.843627880498104,25.002708348803253,29.2943661971831,21.15211267605634,1.450738316684994,-3.8505956727469126
2010-02-12,29.536192420979717,24.686310734882795,29.905164319248822,24.305633802816903,0.3689718982691055,-0.38067693206589226
2010-02-13,27.707721591049733,25.930933887775097,31.2018779342723,21.929577464788732,3.494156343222567,-4.001356422986365
2010-02-14,28.435344669686458,25.31782505383535,30.47840375586854,20.992957746478872,2.043059086182083,-4.324867307356477
2010-02-15,29.5371948714141,26.0297054528354,29.74131455399061,21.541784037558685,0.2041196825765077,-4.487921415276716
2010-02-16,29.982541273730874,26.378271329917652,31.922535211267604,22.067605633802817,1.9399939375367303,-4.310665696114835
2010-02-17,30.464954332813534,27.059554218954986,35.523004694835684,22.016431924882628,5.058050362022151,-5.043122294072358
2010-02-18,29.483766490928417,26.97764535531303,32.79765258215962,23.632863849765258,3.313886091231204,-3.344781505547772
2010-02-19,29.517068141877644,26.852845969159205,30.278403755868545,20.438967136150236,0.7613356139909015,-6.413878833008969
2010-02-20,28.60472983341998,26.746438454493784,32.295305164319245,22.63943661971831,3.6905753308992644,-4.107001834775474
2010-02-21,28.4503999900993,26.168805475112094,31.83474178403756,22.576056338028167,3.384341793938262,-3.5927491370839277
2010-02-22,29.757081012846243,26.84295042201927,31.995305164319248,23.5924882629108,2.2382241514730055,-3.250462159108473
2010-02-23,29.63062325189975,27.25860944036043,31.96854460093897,24.77652582159624,2.3379213490392203,-2.4820836187641895
2010-02-24,28.708622558847594,26.796595133783796,32.086854460093896,23.962441314553992,3.378231901246302,-2.8341538192298046
2010-02-25,28.653963763273225,25.721627187445847,33.223474178403755,20.729107981220658,4.56951041513053,-4.9925192062251895
2010-02-26,30.46558451523481,25.979691591792346,33.17417840375587,21.817840375586854,2.708593888521058,-4.161851216205491
2010-02-27,28.93741565802827,26.670802702903416,30.24929577464789,21.805633802816903,1.3118801166196192,-4.865168900086513
2010-02-28,30.181765055320454,27.079226256775883,30.908920187793427,23.207042253521127,0.7271551324729728,-3.8721840032547554
2010-03-01,30.533519467339943,27.739715106061794,28.675586854460093,22.453521126760567,-1.85793261287985,-5.286193979301228
2010-03-02,30.970941313333867,27.29300784634046,29.08075117370892,22.873708920187795,-1.8901901396249485,-4.419298926152663
2010-03-03,31.241656642162354,27.433857825301345,26.487323943661973,24.432394366197183,-4.754332698500381,-3.001463459104162
2010-03-04,31.427646840424813,27.229939357936757,34.37840375586854,22.962441314553992,2.9507569154437263,-4.267498043382766
2010-03-05,30.651471993267478,27.408539145070677,29.162910798122066,23.85211267605634,-1.4885611951454116,-3.556426469014337
2010-03-06,30.370426969629477,26.887994109056706,33.60093896713615,25.63051643192488,3.2305119975066745,-1.2574776771318241
2010-03-07,30.62830944778591,26.33470532907603,26.8018779342723,22.45868544600939,-3.826431513513608,-3.8760198830666397
2010-03-08,30.13533947179525,26.834877602039626,32.27840375586854,22.241784037558684,2.14306428407329,-4.593093564480942
2010-03-09,31.202349446795893,27.10493081854412,31.81643192488263,22.295305164319252,0.6140824780867362,-4.809625654224867
2010-03-10,31.28540951956637,26.775014232320984,32.41924882629108,21.11549295774648,1.1338393067247097,-5.659521274574505
2010-03-11,31.588914383307383,26.514529343333095,33.65117370892019,21.37276995305164,2.062259325612807,-5.141759390281454
2010-03-12,31.383620454939205,26.78953615009533,33.35164319248826,22.230516431924883,1.968022737549056,-4.559019718170447
2010-03-13,31.00080517808965,26.57800079205964,32.40845070422535,19.80093896713615,1.4076455261357026,-6.777061824923489
2010-03-14,30.179829459666905,27.080328704735052,32.97746478873239,22.84788732394366,2.7976353290654856,-4.232441380791393
2010-03-15,29.38633944704344,26.553883072201245,32.20328638497653,23.251643192488263,2.816946937933089,-3.3022398797129817
2010-03-16,29.58791812083865,26.73517982228168,33.19530516431925,23.483098591549293,3.6073870434805997,-3.2520812307323865
2010-03-17,28.198102769733453,26.493709066607266,31.486384976525823,22.87605633802817,3.2882822067923705,-3.6176527285790954
2010-03-18,27.805284027623088,25.868481225712287,31.08075117370892,22.44600938967136,3.2754671460858304,-3.422471836040927
2010-03-19,28.277437439667438,25.55720378208457,31.458215962441315,22.241784037558684,3.1807785227738776,-3.3154197445258866
2010-03-21,29.58923789015131,25.27958491126458,31.566666666666666,23.080281690140847,1.9774287765153566,-2.1993032211237313
2010-03-22,30.177141407390934,25.861407885943436,28.97605633802817,22.801408450704223,-1.2010850693627653,-3.059999435239213
2010-03-23,28.660422514294225,26.47859656939187,30.44037558685446,24.199530516431924,1.779953072560236,-2.2790660529599442
2010-03-24,28.497262443998977,26.811865795401104,30.774647887323944,22.396713615023476,2.2773854433249667,-4.415152180377628
2010-03-25,27.80474493205611,25.802042771218566,31.583568075117373,22.83051643192488,3.7788231430612633,-2.9715263392936855
2010-03-26,27.950911611098775,26.022296230291374,30.561971830985915,22.12723004694836,2.6110602198871398,-3.8950661833430154
2010-03-27,28.649180960867284,25.81971362095004,33.043661971830986,21.83943661971831,4.394481010963702,-3.9802770012317303
2010-03-28,28.087647087943367,25.256735724363296,30.826291079812208,22.12769953051643,2.738643991868841,-3.129036193846865
2010-03-29,27.726259251008685,25.63717234721912,31.80798122065728,21.697183098591548,4.081721969648594,-3.9399892486275725
2010-03-30,28.57282864285537,25.911368035444696,31.593896713615024,21.586854460093896,3.021068070759654,-4.3245135753507995
2010-03-31,29.682219004480146,27.282675428826053,33.053521126760565,21.38075117370892,3.3713021222804187,-5.901924255117134
2010-04-01,28.19577881735603,26.846327318630756,31.199999999999996,22.439906103286383,3.004221182643967,-4.406421215344373
2010-04-02,27.476872602163382,25.694578599539625,32.45305164319249,23.280281690140843,4.976179041029106,-2.4142969093987823
2010-04-03,27.499646790921133,25.621820994529855,31.55305164319249,25.114084507042254,4.053404852271356,-0.5077364874876018
2010-04-04,28.252541273730856,26.262905126110752,30.640845070422536,23.52769953051643,2.3883037966916802,-2.735205595594323
2010-04-05,30.08409049280965,26.377143882577172,32.04225352112676,23.81924882629108,1.9581630283171094,-2.5578950562860925
2010-04-06,30.575362243508835,26.27102596470388,32.52863849765259,22.279342723004696,1.953276254143752,-3.991683241699185
2010-04-07,32.3996878790129,26.835367441399967,32.99718309859155,20.718779342723007,0.5974952195786472,-6.11658809867696
2010-04-08,27.2015353580357,25.782402910819087,31.704225352112676,23.388732394366198,4.502689994076977,-2.3936705164528895
2010-04-09,27.10874557560453,25.747467884458274,31.930046948356804,21.126291079812205,4.8213013727522736,-4.621176804646069
2010-04-10,26.08228632954632,24.872948194351693,30.203286384976526,19.94037558685446,4.121000055430205,-4.932572607497232
2010-04-11,26.36221801440564,25.139766837454545,27.831924882629107,21.305633802816903,1.469706868223465,-3.8341330346376417
2010-04-12,25.964744189500323,24.743600900967806,26.25962441314554,21.340845070422535,0.2948802236452188,-3.4027558305452708
2010-04-13,26.678403009826468,25.675926585975617,27.392488262910796,21.167605633802815,0.7140852530843276,-4.508320952172802
2010-04-14,26.367228781465826,24.992466770624503,27.24131455399061,20.041784037558685,0.8740857725247828,-4.950682733065818
2010-04-15,26.683781342046018,25.093036310982427,32.77323943661972,20.564788732394366,6.0894580945737005,-4.528247578588061
2010-04-16,27.279732432365563,25.422857107497407,29.02488262910798,22.27981220657277,1.7451501967424186,-3.143044900924636
2010-04-17,27.55064379594569,25.504634538749087,31.300000000000004,24.58826291079812,3.7493562040543154,-0.9163716279509657
2010-04-18,27.40400732655138,25.083235315957495,29.86150234741784,21.921596244131457,2.4574950208664603,-3.1616390718260377
2010-04-19,27.81644588005247,26.211871488329564,29.963849765258217,21.046478873239433,2.1474038852057475,-5.165392615090131
2010-04-20,27.677194871414088,26.062887304769674,28.8981220657277,20.103286384976524,1.2209271943136137,-5.95960091979315
2010-04-21,26.816896858988684,24.677556991163613,30.95117370892019,22.320657276995306,4.134276849931506,-2.356899714168307
2010-04-22,27.91897601544514,24.928269349768584,31.05399061032864,19.9037558685446,3.1350145948835006,-5.024513481223984
2010-04-23,28.273252394742713,25.28394618945083,31.243192488262913,20.73755868544601,2.9699400935202007,-4.546387504004819
2010-04-24,27.588325784015296,25.90160416821368,32.405164319248826,22.707511737089202,4.816838535233529,-3.194092431124478
2010-04-25,27.21000866315194,25.313535308531982,29.25586854460094,22.508920187793425,2.045859881449001,-2.804615120738557
2010-04-26,27.739091359124814,25.420791812083962,30.36525821596244,23.3093896713615,2.626166856837628,-2.1114021407224612
2010-04-27,27.729517586198426,25.603792232865544,28.640845070422536,23.263380281690143,0.9113274842241097,-2.340411951175401
2010-04-28,28.150389841835647,25.64325759263386,32.534741784037564,22.047417840375587,4.384351942201917,-3.5958397522582715
2010-04-29,27.597326303804323,25.19057176802562,31.602347417840377,21.50657276995305,4.0050211140360545,-3.683998998072571
2010-04-30,27.066194896165996,24.944558303012343,28.951643192488262,22.317370892018783,1.8854482963222665,-2.6271874109935602
2010-05-01,26.673071706145947,24.06148882453408,29.01455399061033,21.163849765258213,2.3414822844643837,-2.8976390592758676
2010-05-02,26.29100814336283,24.298808445335567,28.236150234741785,20.880751173708923,1.9451420913789548,-3.418057271626644
2010-05-03,26.29496571867037,24.08737927279026,27.873708920187795,23.30093896713615,1.578743201517426,-0.7864403056541072
2010-05-04,27.228080493057064,25.724976857008528,24.934741784037556,20.625352112676055,-2.2933387090195083,-5.099624744332473
2010-05-05,26.425125615702598,25.649694314497197,31.461032863849763,21.194366197183097,5.035907248147165,-4.4553281173140995
2010-05-06,28.75258632212075,25.100063117249533,30.680281690140845,21.591079812206573,1.9276953680200961,-3.5089833050429604
2010-05-07,28.294370931412573,26.26450459147054,29.70093896713615,22.152582159624412,1.406568035723577,-4.1119224318461285
2010-05-08,28.64731516546624,26.612094502611342,29.498122065727703,20.30093896713615,0.850806900261464,-6.311155535475191
2010-05-09,28.114034801118805,24.899431449716587,29.848356807511735,19.10610328638498,1.7343220063929294,-5.7933281633316085
2010-05-10,29.368615380807455,25.78974060048023,30.08826291079812,18.95492957746479,0.7196475299906666,-6.83481102301544
2010-05-11,28.01780673745708,25.96442291032406,28.963849765258217,21.2018779342723,0.9460430278011387,-4.76254497605176
2010-05-12,29.012308358704047,25.900901710353764,26.87183098591549,19.57793427230047,-2.140477372788556,-6.322967438053293
2010-05-13,28.632409841340575,25.806805277097112,27.22676056338028,20.38262910798122,-1.4056492779602934,-5.424176169115892
2010-05-14,27.925207296849123,25.59633028885429,26.47840375586854,26.486854460093895,-1.4468035409805822,0.8905241712396048
2010-05-15,27.775387985445946,25.99286626568653,29.699530516431924,21.206572769953052,1.9241425309859785,-4.786293495733478
2010-05-16,26.879111408133554,25.29929036409993,27.75868544600939,19.92863849765258,0.8795740378758374,-5.37065186644735
2010-05-17,26.8011620999481,25.747833964505844,26.888262910798122,19.73427230046948,0.0871008108500213,-6.013561664036363
2010-05-18,27.408065394420987,25.45424791465564,27.906103286384976,22.69530516431925,0.49803789196398895,-2.758942750336388
2010-05-19,27.94134031335858,25.73308680478209,28.10516431924883,21.640375586854457,0.16382400589024826,-4.092711217927633
2010-05-20,27.980440583153893,25.715758273310087,28.118779342723005,20.336150234741787,0.13833875956911257,-5.3796080385683
2010-05-21,28.45143511299233,25.89133536298607,29.347887323943663,19.450704225352112,0.8964522109513346,-6.440631137633957
2010-05-22,27.79372540283657,25.080076730774067,29.300000000000004,18.244600938967135,1.5062745971634328,-6.835475791806932
2010-05-23,27.16426078562415,24.939405955298128,29.97605633802817,20.77511737089202,2.8117955524040177,-4.164288584406108
2010-05-24,27.77802232618012,26.449432192272525,28.65962441314554,19.891079812206574,0.8816020869654189,-6.558352380065951
2010-05-25,27.07632756614936,24.81431053686788,29.164788732394367,19.535211267605632,2.0884611662450077,-5.279099269262247
2010-05-26,26.844995915942718,25.501648721566312,28.012206572769955,20.526760563380282,1.167210656827237,-4.97488815818603
2010-05-27,26.447563921685116,24.87841365312744,29.77323943661972,19.769483568075117,3.325675514934602,-5.108930085052322
2010-05-28,26.755015717432798,24.5229051261108,29.440845070422533,20.621596244131453,2.6858293529897352,-3.9013088819793467
2010-05-29,26.620819534169925,24.53011955149634,29.427230046948356,21.091549295774648,2.806410512778431,-3.438570255721693
2010-05-30,26.460784139006535,24.23807529516597,29.325352112676057,22.587323943661975,2.864567973669523,-1.6507513515039953
2010-05-31,27.953809064132088,24.4014554095196,29.524413145539906,20.938497652582157,1.5706040814078186,-3.462957756937442
2010-06-01,27.604059057944085,25.04699636147626,30.818779342723,24.08169014084507,3.2147202847789167,-0.9653062206311915
2010-06-02,25.805562238558537,24.301011856142225,30.34694835680751,21.1056338028169,4.5413861182489725,-3.1953780533253244
2010-06-03,26.830992302170785,25.188133957080254,30.1,21.869014084507043,3.269007697829217,-3.3191198725732107
2010-06-04,26.26293705601347,25.217714908046844,28.012676056338027,20.380281690140844,1.7497390003245563,-4.837433217906
2010-06-05,27.22316378307471,25.65026410237374,25.494366197183098,20.401408450704224,-1.7287975858916127,-5.2488556516695155
2010-06-06,28.321857874805175,26.181251701690655,29.19906103286385,20.51032863849765,0.8772031580586734,-5.670923063193005
2010-06-07,27.169687383975713,24.832030642805876,25.812206572769952,20.49342723004695,-1.357480811205761,-4.338603412758925
2010-06-08,26.228042127670165,24.5407096359001,30.475586854460094,19.86338028169014,4.247544726789929,-4.677329354209959
2010-06-09,26.64860052968993,25.189045815697625,27.36901408450704,20.535211267605632,0.7204135548171102,-4.653834548091993
2010-06-10,26.777864409296797,25.031414816464974,25.740845070422537,17.01549295774648,-1.0370193388742592,-8.015921858718492
2010-06-11,25.989778718348532,24.79054553105118,27.061502347417843,17.592018779342723,1.0717236290693108,-7.198526751708457
2010-06-12,25.59136283755356,24.136003564268265,27.24037558685446,17.685915492957747,1.6490127493008977,-6.4500880713105175
2010-06-13,24.60640355436749,23.131947971584907,25.994835680751173,19.145539906103288,1.3884321263836839,-3.986408065481619
2010-06-14,25.305113734808515,23.911987822083688,25.832863849765257,18.311737089201877,0.5277501149567421,-5.600250732881811
2010-06-15,25.2640246528552,23.73268285438479,26.11079812206573,15.870892018779342,0.8467734692105324,-7.861790835605449
2010-06-16,25.977196851563065,23.51879235662483,27.227699530516432,18.764319248826293,1.2505026789533673,-4.754473107798535
2010-06-17,26.618290636370432,25.00126061236108,28.651173708920187,19.707511737089202,2.0328830725497546,-5.293748875271877
2010-06-19,26.569297789658663,24.22137570852209,29.501408450704226,19.658215962441314,2.932110661045563,-4.563159746080775
2010-06-20,26.164865473626946,23.938428999282223,27.686384976525822,22.163849765258213,1.521519502898876,-1.77457923402401
2010-06-21,27.283690255191743,24.69638301032154,30.864319248826288,18.32488262910798,3.5806289936345443,-6.371500381213561
2010-06-22,25.615122397960477,24.835889458181782,29.74460093896714,20.09530516431925,4.129478541006662,-4.740584293862533
2010-06-23,26.974149402242574,24.96544689487888,29.53849765258216,20.45399061032864,2.5643482503395845,-4.511456284550242
2010-06-24,27.10675750600234,24.88569441350461,26.31924882629108,20.229107981220658,-0.7875086797112587,-4.656586432283952
2010-06-25,25.6743890002723,23.85970149253734,25.580281690140847,21.087323943661975,-0.09410731013145224,-2.7723775488753652
2010-06-26,26.01394420930177,23.925949852726433,24.933802816901405,16.257276995305165,-1.080141392400364,-7.668672857421267
2010-06-27,26.662290042325708,24.51517214920426,27.236619718309857,17.23849765258216,0.5743296759841492,-7.2766744966221
2010-06-28,25.299080715823948,24.024897156011036,25.312206572769952,18.758685446009387,0.013125856946004433,-5.266211710001649
2010-06-29,24.99953218979732,23.020078958441673,27.302816901408452,17.054929577464787,2.3032847116111306,-5.965149380976886
2010-06-30,24.95038662409354,23.82658374792703,26.028169014084508,18.570422535211268,1.0777823899909684,-5.256161212715764
2010-07-01,24.648552758595088,23.524590232915102,28.495774647887327,15.013145539906104,3.847221889292239,-8.511444693008999
2010-07-02,24.00608128511675,22.71262122224698,27.597183098591547,16.19906103286385,3.591101813474797,-6.513560189383131
2010-07-03,24.148412910571494,23.11958293111553,29.16948356807512,17.730516431924883,5.021070657503625,-5.389066499190648
2010-07-04,25.334705081557445,23.398802752407164,28.1924882629108,17.14225352112676,2.857783181353355,-6.2565492312804025
2010-07-05,25.849560901957943,23.68293656097626,24.35492957746479,18.544600938967136,-1.4946313244931524,-5.138335622009123
2010-07-06,25.56479592089306,22.983414024405363,28.211267605633804,20.251643192488263,2.6464716847407423,-2.7317708319170997
2010-07-07,24.54776762951417,22.283814014504628,28.338967136150234,18.563849765258215,3.7911995066360653,-3.719964249246413
2010-07-08,24.49852627410212,22.77949184426126,28.814084507042253,19.869014084507043,4.315558232940134,-2.9104777597542153
2010-07-09,25.250224746912238,23.243705106309278,29.082629107981223,19.280281690140843,3.832404361068985,-3.9634234161684354
2010-07-10,25.761768273062614,23.43925199871296,28.313145539906102,20.387323943661972,2.551377266843488,-3.0519280550509897
2010-07-11,26.717284720675252,24.83350634885278,28.403286384976525,21.16338028169014,1.6860016643012727,-3.670126067162638
2010-07-12,26.323049181950978,24.391041063340083,28.546478873239433,20.41596244131455,2.2234296912884552,-3.9750786220255314
2010-07-13,25.359156209004766,23.88750798247571,26.7943661971831,18.889671361502348,1.4352099881783325,-4.997836620973363
2010-07-14,25.600821019281682,24.01685230563595,28.42582159624413,19.0868544600939,2.8250005769624487,-4.929997845542051
2010-07-15,25.735645157298165,23.382620727209712,28.586384976525824,19.127699530516434,2.850739819227659,-4.254921196693278
2010-07-16,24.799629217098584,23.36160342565779,29.13755868544601,19.771830985915493,4.337929468347426,-3.5897724397422976
2010-07-17,25.146190935867992,23.486157273334868,27.77605633802817,19.83004694835681,2.6298654021601777,-3.6561103249780587
2010-07-18,24.8604032078415,22.17656048117624,27.179342723004694,19.983098591549293,2.318939515163194,-2.1934618896269455
2010-07-19,25.89162693992722,22.670649488874005,26.038967136150237,17.72112676056338,0.1473401962230163,-4.949522728310626
2010-07-20,24.600676468404288,22.70474171431397,25.17089201877934,14.921596244131456,0.5702155503750532,-7.783145470182513
2010-07-21,25.281923962278256,23.075215464963776,25.891079812206574,18.17793427230047,0.6091558499283174,-4.897281192663307
2010-07-22,25.80377589663624,22.652276181282673,35.63943661971831,15.713145539906103,9.835660723082071,-6.93913064137657
2010-07-23,24.753747431994327,22.7447092893741,33.97981220657277,18.756807511737087,9.22606477457844,-3.9879017776370134
2010-07-24,24.063478379248124,22.37363827628036,36.05586854460094,18.206103286384977,11.992390165352816,-4.167534989895383
2010-07-25,24.473879854459028,22.808244102868798,32.69859154929578,19.066666666666666,8.22471169483675,-3.7415774362021317
2010-07-26,25.24314868443855,22.685990693299686,29.304225352112677,19.280281690140843,4.061076667674126,-3.4057090031588437
2010-07-27,25.146160491076955,23.374713992227896,25.5037558685446,20.83943661971831,0.35759537746764636,-2.5352773725095865
2010-07-28,26.306852058117443,23.17603574168959,25.6906103286385,17.432394366197183,-0.6162417294789435,-5.743641375492405
2010-07-29,26.061734858048112,23.88664488502758,25.314084507042253,22.04413145539906,-0.7476503510058592,-1.842513429628518
2010-07-30,24.854454345189538,22.75906413207599,24.33474178403756,19.68356807511737,-0.5197125611519766,-3.0754960569586203
2010-07-31,25.600532907601348,23.599619068834954,25.64225352112676,18.948356807511736,0.04172061352541334,-4.651262261323218
2010-08-01,25.15640083166261,22.769908170589815,24.912206572769954,17.506572769953053,-0.2441942588926551,-5.2633354006367625
2010-08-02,24.568578253013584,22.732342268755758,27.9,17.4,3.3314217469864147,-5.33234226875576
2010-08-03,25.68490260142073,22.594360535630358,28.876525821596243,15.700938967136151,3.1916232201755115,-6.893421568494206
2010-08-04,25.31095641197004,22.98235018935179,28.87605633802817,18.523474178403756,3.5650999260581315,-4.458876010948035
2010-08-05,25.46994282319747,23.298286923591093,29.396244131455397,18.43380281690141,3.9263013082579263,-4.864484106689684
2010-08-06,24.792112571471023,23.09993812034361,26.92676056338028,19.973239436619718,2.134647991909258,-3.126698683723891
2010-08-07,25.41102645974115,23.315199128734434,28.057276995305163,17.471830985915492,2.646250535564011,-5.843368142818942
2010-08-08,25.838520581173782,23.939778223311293,30.0,15.281220657276995,4.161479418826218,-8.658557566034299
2010-08-09,26.19218187668622,23.873075418925282,26.528169014084508,20.139906103286386,0.33598713739828767,-3.7331693156388965
2010-08-10,25.799378480730695,23.667799806935477,29.275586854460094,19.008450704225353,3.476208373729399,-4.659349102710124
2010-08-11,25.439047795846705,22.65738768842357,28.262910798122064,23.82582159624413,2.8238630022753597,1.1684339078205603
2010-08-12,24.910246528551284,22.64282715774368,28.638967136150235,17.57230046948357,3.7287206075989516,-5.070526688260113
2010-08-13,25.160275488230525,22.625699363877118,28.46338028169014,19.81830985915493,3.303104793459614,-2.807389504722188
2010-08-14,25.66377515408044,22.94854434296184,29.73755868544601,19.547417840375587,4.073783531365571,-3.4011265025862514
2010-08-15,24.82289695799608,23.098498552016054,29.15868544600939,18.823474178403757,4.335788488013311,-4.275024373612297
2010-08-16,24.809936882750435,22.435296156035804,28.363849765258216,17.422065727699533,3.553912882507781,-5.013230428336271
2010-08-17,23.347541149971505,22.178025048884933,27.83051643192488,18.78450704225352,4.482975281953376,-3.393518006631414
2010-08-18,23.42949877478287,21.69812133363041,30.151173708920187,18.246478873239436,6.721674934137315,-3.4516424603909748
2010-08-19,24.156917898071868,21.644319200019822,28.02394366197183,19.671830985915495,3.8670257638999637,-1.9724882141043274
2010-08-20,23.751297492636354,22.362570975965923,25.95586854460094,17.77417840375587,2.204571051964585,-4.588392572210054
2010-08-21,24.09881661345014,22.3086327071112,25.42488262910798,19.63661971830986,1.3260660156578403,-2.6720129888013417
2010-08-22,24.90491027449815,23.105282542511304,28.35211267605634,20.034741784037557,3.44720240155819,-3.070540758473747
2010-08-23,25.065595406054342,22.560024999381255,29.197652582159627,18.201408450704225,4.132057176105285,-4.3586165486770305
2010-08-24,25.37092175936243,22.87734833296213,29.85117370892019,17.28075117370892,4.480251949557758,-5.596597159253207
2010-08-25,25.753093240266367,22.507625306304362,29.578403755868543,17.80892018779343,3.825310515602176,-4.698705118510933
2010-08-26,24.669532684834564,23.08851464072677,28.71173708920188,16.864788732394366,4.042204404367315,-6.223725908332405
2010-08-27,25.970712111086414,23.1393069478479,27.650704225352115,21.612206572769953,1.6799921142657013,-1.5271003750779464
2010-08-28,26.22644018712407,23.363824162768253,27.466197183098593,19.78356807511737,1.239756995974524,-3.580256087650884
2010-08-29,25.62884384049903,22.71368431474474,28.058685446009388,20.653521126760563,2.429841605510358,-2.060163187984177
2010-08-30,25.428984431078504,22.906445632533917,27.125821596244133,21.416431924882627,1.696837165165629,-1.4900137076512898
2010-08-31,25.765832528897818,22.753729115615954,27.176525821596247,19.142723004694837,1.4106932926984292,-3.6110061109211173
2010-09-01,25.44541471745748,22.623052894730336,27.868544600938968,15.77605633802817,2.4231298834814865,-6.846996556702166
2010-09-02,25.227332739288613,22.650293557090208,26.35211267605634,17.000469483568075,1.1247799367677267,-5.649824073522133
2010-09-03,24.87394222915276,22.05383530110646,27.176056338028168,15.834272300469484,2.302114108875408,-6.219563000636976
2010-09-04,25.29770797752525,23.472861810351276,29.74037558685446,17.145539906103288,4.4426676093292095,-6.327321904247988
2010-09-05,25.848390881413877,23.441557387193427,34.8093896713615,16.5981220657277,8.960998789947624,-6.843435321465726
2010-09-06,25.09786143907337,22.520624737011474,32.03802816901408,16.800469483568076,6.940166729940714,-5.720155253443398
2010-09-07,25.423167743372687,22.89722630627955,30.423474178403755,19.77323943661972,5.000306435031067,-3.1239868696598307
2010-09-08,24.53749560654444,22.263984802356447,31.164319248826292,17.57230046948357,6.6268236422818525,-4.691684332872878
2010-09-09,25.538063909309187,22.941671988317182,32.31455399061032,18.698122065727702,6.776490081301134,-4.24354992258948
2010-09-10,24.380147026063696,22.60340140095542,29.04600938967136,18.303286384976527,4.6658623636076655,-4.300115015978893
2010-09-11,24.585300858889696,22.55232964530586,31.078403755868543,20.625821596244133,6.493102896978847,-1.9265080490617272
2010-09-12,24.641513081359335,23.297303532090837,33.190140845070424,18.325821596244133,8.548627763711089,-4.971481935846704
2010-09-13,24.904984282567284,23.104511274473396,26.802347417840373,18.72676056338028,1.897363135273089,-4.377750711093114
2010-09-14,25.21055270909136,22.87324521670257,28.955399061032864,18.129107981220656,3.7448463519415043,-4.744137235481915
2010-09-15,26.277836192173424,23.59410435385263,29.05962441314554,18.696713615023473,2.781788220972114,-4.897390738829156
2010-09-17,25.592026682507935,22.956048612658094,27.999530516431925,19.60704225352113,2.4075038339239896,-3.3490063591369648
2010-09-18,25.89162025692434,22.774345189475525,34.06572769953052,17.278403755868545,8.174107442606179,-5.49594143360698
2010-09-19,25.062092522462365,23.216086730526456,32.11220657276995,17.7981220657277,7.0501140503075845,-5.417964664798756
2010-09-20,25.950219796539727,23.135695156060535,33.86948356807512,20.784507042253523,7.919263771535391,-2.3511881138070123
2010-09-21,26.343717482240606,23.00584539986636,27.164788732394367,18.767605633802816,0.8210712501537607,-4.238239766063543
2010-09-22,25.195007796836762,22.301140318309024,29.826291079812208,18.249295774647887,4.631283282975446,-4.0518445436611366
2010-09-23,25.342132620479788,22.89954803098931,29.157746478873243,18.25586854460094,3.815613858393455,-4.643679486388368
2010-09-24,25.66779089626499,22.54445286007774,29.3981220657277,19.56244131455399,3.730331169462712,-2.9820115455237506
2010-09-25,26.104376624341,22.6123746936957,34.65633802816902,18.9,8.551961403828017,-3.7123746936957005
2010-09-26,26.56225935001612,23.370738595579326,34.576995305164324,19.654460093896713,8.014735955148204,-3.7162785016826128
2010-09-27,27.13987401301955,23.156460731170057,34.459154929577466,23.52018779342723,7.319280916557915,0.36372706225717266
2010-09-28,27.668697061953935,23.693913021954927,23.523474178403756,21.17699530516432,-4.145222883550179,-2.5169177167906085
2010-09-29,28.520663597435714,24.039763867231045,31.854460093896712,19.07417840375587,3.333796496460998,-4.9655854634751755
2010-09-30,28.488650528452297,24.589586396376376,32.66525821596244,22.358215962441314,4.176607687510142,-2.231370433935062
2010-10-01,27.9639021311354,23.212808346328018,33.70610328638498,21.056338028169016,5.742201155249582,-2.156470318159002
2010-10-02,28.46230415088735,24.684931066062745,33.545539906103286,18.555399061032865,5.083235755215938,-6.12953200502988
2010-10-03,27.681521992029957,24.199819311403246,33.25962441314554,20.612206572769956,5.578102421115581,-3.5876127386332897
2010-10-04,27.13713101160863,24.573404123660396,32.87699530516432,20.641784037558686,5.739864293555691,-3.9316200861017094
2010-10-05,26.378545580554942,23.937428776515446,29.751173708920188,18.879342723004697,3.372628128365246,-5.058086053510749
2010-10-06,27.560194549639903,24.380191084379135,29.11737089201878,19.69201877934272,1.5571763423788774,-4.688172305036414
2010-10-07,27.570459889606752,24.759781688572104,30.546478873239433,20.838028169014084,2.976018983632681,-3.9217535195580204
2010-10-08,29.37466646865181,24.558477265414297,30.894835680751175,19.603755868544603,1.5201692120993648,-4.954721396869694
2010-10-09,30.59393876389197,23.979606940422286,34.99483568075117,21.210328638497653,4.400896916859203,-2.7692783019246328
2010-10-10,27.92340635132797,24.779173287789945,34.89201877934272,22.30469483568075,6.968612428014751,-2.474478452109196
2010-10-11,27.174768198806987,23.611770500730245,33.234272300469485,20.880281690140844,6.0595041016624975,-2.7314888105894006
2010-10-12,28.19978144105346,24.910263112299162,34.273708920187794,23.1075117370892,6.073927479134333,-1.8027513752099615
2010-10-13,27.14993638771324,24.81407217643124,33.369953051643186,19.80469483568075,6.220016663929947,-5.00937734075049
2010-10-14,27.028860919284227,23.713196455533307,30.5962441314554,23.32488262910798,3.5673832121711726,-0.3883138264253283
2010-10-15,27.696204301873763,24.49506992401183,30.13192488262911,19.953051643192488,2.4357205807553477,-4.542018280819342
2010-10-16,26.8489250266083,24.84980891562094,31.302347417840373,20.89295774647887,4.453422391232074,-3.9568511691420696
2010-10-17,27.272981609366184,24.114290735377836,34.43098591549296,18.92769953051643,7.158004306126777,-5.186591204861404
2010-10-18,29.015163733570944,24.385465458775798,36.891549295774645,21.078403755868543,7.876385562203701,-3.307061702907255
2010-10-19,29.011476696121406,24.985044182074716,32.97276995305164,21.41924882629108,3.961293256930233,-3.565795355783635
2010-10-20,26.390028959679228,23.805560258409457,34.208920187793424,22.066197183098595,7.818891228114197,-1.7393630753108624
2010-10-21,25.029116606024616,23.96519244573159,33.57276995305164,19.537558685446008,8.543653347027025,-4.42763376028558
2010-10-22,25.87152446721626,24.07372936313459,29.718779342723007,22.65305164319249,3.8472548755067457,-1.4206777199420983
2010-10-23,26.50912873443724,24.444293953119995,32.787323943661974,20.42676056338028,6.278195209224734,-4.0175333897397145
2010-10-24,27.400306675577326,24.571392292270048,32.9,22.097652582159625,5.4996933244226724,-2.473739710110422
2010-10-25,27.576125343432125,24.865989703225182,29.300000000000004,25.215962441314552,1.7238746565678795,0.34997273808937024
2010-10-26,28.44600876215941,24.49460285636502,29.558685446009388,21.155399061032867,1.1126766838499798,-3.3392037953321534
2010-10-27,29.81250142323222,25.024526868146893,32.094835680751174,19.83474178403756,2.2823342575189542,-5.189785084109332
2010-10-28,28.50615059033197,24.911003688027506,28.54507042253521,22.650704225352115,0.038919832203241356,-2.260299462675391
2010-10-29,27.123835301106453,24.954942699438163,31.35868544600939,20.494366197183098,4.234850144902936,-4.460576502255066
2010-10-30,28.70845375114476,24.823462290537407,33.009389671361504,23.082159624413144,4.3009359202167445,-1.7413026661242625
2010-10-31,28.562800425732064,24.9000918294102,34.18967136150235,21.867605633802818,5.626870935770285,-3.032486195607383
2010-11-01,28.203929853221496,24.968893096705585,34.251173708920184,21.438967136150236,6.047243855698689,-3.5299259605553495
2010-11-02,29.18089898764879,24.82184896413463,31.69530516431925,20.575586854460095,2.5144061766704624,-4.246262109674536
2010-11-03,28.612651172000767,24.581828420088698,34.553521126760565,20.813145539906102,5.940869954759798,-3.7686828801825953
2010-11-04,27.992544986510268,24.994937749065684,33.012206572769955,23.384976525821596,5.019661586259687,-1.6099612232440883
2010-11-05,27.408776515432805,24.899395064478654,33.577934272300475,23.906103286384976,6.169157756867669,-0.9932917780936776
2010-11-06,28.756961708868687,24.82253978861911,32.03380281690141,23.158215962441314,3.2768411080327198,-1.664323826177796
2010-11-07,29.619821539070813,25.10517016905527,31.412206572769954,20.519718309859154,1.7923850336991407,-4.585451859196116
2010-11-08,27.715255562981156,24.98795450607662,27.969953051643195,19.0868544600939,0.254697488662039,-5.901100045982719
2010-11-09,27.48189475508036,24.703311056657014,30.30469483568075,22.197652582159627,2.8228000806003877,-2.5056584744973875
2010-11-10,27.761212346229115,23.712673201158395,31.4150234741784,20.389671361502348,3.653811127949286,-3.3230018396560475
2010-11-11,28.159172050196844,24.260619291601756,28.440845070422533,20.809389671361505,0.2816730202256892,-3.4512296202402517
2010-11-12,28.505436251577976,24.837716888195814,29.376525821596243,22.470422535211267,0.8710895700182668,-2.3672943529845476
2010-11-13,27.4262124699884,24.87646865176606,28.064788732394366,21.718779342723007,0.6385762624059659,-3.157689309043054
2010-11-14,28.522607113685353,24.620700725229597,29.831924882629107,20.294835680751174,1.3093177689437532,-4.325865044478423
2010-11-15,28.68966659241113,25.037196109007255,28.982159624413146,19.423474178403755,0.2924930320020174,-5.6137219306035
2010-11-16,28.725159278235708,25.395346897354045,29.64225352112676,18.22018779342723,0.9170942428910536,-7.175159103926816
2010-11-17,29.39632385336995,25.44100740080694,29.61361502347418,20.319718309859155,0.21729117010422883,-5.1212890909477835
2010-11-18,29.77214524392963,25.09113883319725,30.715492957746477,22.32582159624413,0.9433477138168485,-2.76531723695312
2010-11-19,29.656799831687408,25.014292715526835,33.47042253521127,21.526760563380282,3.813622703523862,-3.487532152146553
2010-11-20,29.620027474567507,25.60190168560183,33.97840375586854,22.238967136150233,4.358376281301034,-3.362934549451598
2010-11-21,28.427057003539517,25.26615950100245,33.792488262910794,22.561971830985915,5.365431259371277,-2.704187670016534
2010-11-22,28.58803296948099,25.08005989950749,28.760093896713613,23.037089201877933,0.17206092723262145,-2.0429706976295563
2010-11-23,28.870721269275577,25.084685527585975,31.423474178403755,19.84037558685446,2.552752909128177,-5.244309940731515
2010-11-24,28.87111086359249,25.197923071211108,30.376525821596243,22.669014084507044,1.505414958003751,-2.5289089867040637
2010-11-25,29.22635677334722,25.422617509467614,32.1849765258216,23.612676056338028,2.9586197524743767,-1.8099414531295857
2010-11-26,29.201512338803525,24.700439345560824,32.298122065727696,22.28779342723005,3.0966097269241715,-2.4126459183307745
2010-11-27,30.136605282047526,25.08869879458433,34.606572769953054,23.00281690140845,4.469967487905528,-2.0858818931758805
2010-11-28,28.525417192643772,25.796467909210207,34.571361502347415,23.777464788732395,6.045944309703643,-2.0190031204778123
2010-11-29,27.583495705551854,25.443025915200167,35.457276995305165,24.144600938967137,7.87378128975331,-1.2984249762330293
2010-11-30,28.656864434048657,24.62724437513924,33.67605633802817,23.061971830985915,5.019191903979511,-1.565272544153327
2010-12-01,28.773840746516214,25.276705279572298,34.958215962441315,22.09530516431925,6.184375215925101,-3.181400115253048
2010-12-02,28.188007227543892,25.12574787752783,25.96713615023474,21.565258215962444,-2.220871077309152,-3.5604896615653843
2010-12-03,28.398230241825672,24.634488255241195,33.70798122065728,21.34694835680751,5.309750978831609,-3.2875398984336854
2010-12-04,28.93862132125446,24.92918838642612,29.03286384976526,19.494835680751173,0.09424252851080084,-5.4343527056749465
2010-12-05,29.03863394470443,24.75186827058735,33.23004694835681,22.25399061032864,4.191413003652379,-2.4978776602587125
2010-12-06,29.56361550456677,25.598430236875345,34.20422535211268,23.16619718309859,4.64060984754591,-2.4322330537767556
2010-12-07,29.261964307814196,25.66725774114508,33.89483568075118,20.63474178403756,4.632871372936982,-5.03251595710752
2010-12-08,29.495464468701357,25.75733422440038,34.37323943661972,23.727230046948357,4.877774967918363,-2.0301041774520243
2010-12-09,31.167123833568553,25.79801440558407,33.65680751173709,20.24460093896714,2.4896836781685394,-5.553413466616931
2010-12-10,28.356482017771896,25.427307244870235,33.09530516431925,21.625352112676055,4.738823146547354,-3.8019551321941805
2010-12-11,28.554179847033538,24.745808024553867,31.203286384976526,23.335680751173708,2.6491065379429877,-1.4101272733801586
2010-12-12,28.518044355337793,25.124476126828597,31.0943661971831,23.41549295774648,2.5763218418453064,-1.7089831690821171
2010-12-13,29.368253013539345,24.86615702581628,32.130046948356814,21.506103286384977,2.7617939348174687,-3.360053739431301
2010-12-14,29.80290388851762,25.5103202891018,34.2150234741784,20.37230046948357,4.412119585660783,-5.138019819618229
2010-12-16,27.918121581149023,25.25502240043562,32.294366197183095,23.096713615023475,4.3762446160340716,-2.158308785412146
2010-12-17,28.093446449345322,24.58928244350392,32.723474178403755,21.384976525821596,4.630027729058433,-3.2043059176823228
2010-12-18,26.915954555580356,24.78084478106979,30.314084507042253,20.1056338028169,3.398129951461897,-4.675210978252888
2010-12-19,28.22023935051112,24.834614984777602,34.203755868544604,20.624413145539908,5.983516518033483,-4.210201839237694
2010-12-20,28.353274423900473,25.095188980470766,29.52488262910798,24.430516431924882,1.1716082052075087,-0.6646725485458838
2010-12-21,28.56979059924265,24.42039157446601,30.643192488262912,21.941784037558683,2.0734018890202606,-2.478607536907326
2010-12-22,29.123226405287028,25.293166505779595,31.90046948356807,24.176525821596247,2.7772430782810424,-1.1166406841833485
2010-12-23,29.799632187322118,25.127030024009343,35.16103286384977,20.77605633802817,5.361400676527651,-4.350973685981174
2010-12-24,30.738956956511004,25.51621222246979,31.688262910798123,23.62816901408451,0.9493059542871194,-1.8880432083852803
2010-12-25,30.3836981757878,26.172332120492115,31.60610328638498,23.016901408450707,1.2224051105971796,-3.155430712041408
2010-12-26,29.982793247691916,25.93885002846463,30.614553990610332,22.781690140845072,0.6317607429184164,-3.1571598876195566
2010-12-27,29.705819410410697,26.07000396029798,29.721126760563383,21.30798122065728,0.015307350152685473,-4.762022739640702
2010-12-28,29.98234994183315,25.422206876067435,28.145539906103288,24.198591549295777,-1.8368100357298616,-1.2236153267716574
2010-12-29,30.517729264127183,25.68498378753003,34.46478873239437,24.152582159624412,3.9470594682671845,-1.5324016279056174
2010-12-30,29.907054033316,26.48129897774811,27.63661971830986,22.407042253521126,-2.270434315006142,-4.074256724226984
2010-12-31,28.766908739882695,25.465102596470388,28.772769953051643,24.3943661971831,0.005861213168948609,-1.0707363992872878
2011-01-01,28.189668077522867,25.87354941709367,31.01968085106383,22.1781914893617,2.830012773540961,-3.695357927731969
2011-01-02,29.067204524640545,25.4527930001733,34.84787234042553,24.403191489361703,5.780667815784987,-1.0496015108115984
2011-01-03,29.077346600331737,25.742654884780166,29.603191489361706,24.0531914893617,0.525844889029969,-1.6894633954184641
2011-01-04,28.044753100170794,25.523212049206734,29.54787234042553,24.897872340425533,1.5031192402547369,-0.6253397087812012
2011-01-05,28.887253780847004,25.142958095096674,27.715957446808513,25.76063829787234,-1.171296334038491,0.6176802027756665
2011-01-06,28.382303655850137,25.216755278334745,35.898936170212764,23.006914893617022,7.516632514362627,-2.2098403847177224
2011-01-07,26.979082943491505,25.03886364198911,26.982978723404255,21.527659574468085,0.003895779912749475,-3.5112040675210245
2011-01-08,26.79728595826839,24.007340907403318,34.0,23.42287234042553,7.2027140417316105,-0.5844685669777867
2011-01-09,27.814438008960167,24.192110591321978,28.80212765957447,20.22446808510638,0.9876896506143034,-3.967642506215597
2011-01-10,28.454985520160392,25.417764906809225,29.0,21.523936170212767,0.5450144798396082,-3.8938287365964577
2011-01-11,29.45707581495509,24.904750872503143,31.417021276595744,23.47978723404255,1.959945461640654,-1.4249636384605928
2011-01-12,27.388560184153903,25.306446375089763,28.992021276595743,26.934574468085106,1.6034610924418402,1.6281280929953432
2011-01-13,28.297571347243945,25.259583673671443,29.070212765957447,22.742021276595743,0.7726414187135013,-2.5175623970757
2011-01-14,28.778455978812474,25.44745872626919,27.70904255319149,22.59468085106383,-1.0694134256209828,-2.8527778752053585
2011-01-15,28.652917749560686,25.200284398901033,25.94840425531915,18.86436170212766,-2.704513494241535,-6.335922696773373
2011-01-16,28.309185416202638,25.850096532264047,29.03723404255319,22.761170212765958,0.728048626350553,-3.088926319498089
2011-01-17,28.859712878394134,25.109419816341187,30.39468085106383,22.11010638297872,1.534967972669694,-2.9993134333624667
2011-01-18,28.572193510061652,25.460087621593516,30.919680851063827,23.482446808510637,2.347487341002175,-1.9776408130828784
2011-01-19,27.417610455186832,25.39555679314867,30.993085106382978,24.120744680851065,3.5754746511961457,-1.2748121122976066
2011-01-20,26.37291131407642,24.343263285562273,31.5,23.704255319148935,5.127088685923582,-0.6390079664133381
2011-01-21,27.972058364892007,24.52177891636353,31.30159574468085,22.375,3.3295373797888423,-2.1467789163635302
2011-01-22,27.892390534887795,24.256407762184153,28.999468085106383,20.997340425531913,1.1070775502185874,-3.2590673366522402
2011-01-23,27.3077490656172,24.13462265785506,28.699999999999996,21.005851063829788,1.392250934382794,-3.128771594025274
2011-01-24,26.488927749313177,24.684055592683364,27.076595744680855,21.532978723404256,0.5876679953676778,-3.151076869279109
2011-01-25,27.282727902774695,24.077687433479355,24.695744680851064,21.548936170212766,-2.5869832219236315,-2.5287512632665887
2011-01-26,27.106624093463097,24.244893690750303,27.704255319148935,23.106382978723403,0.5976312256858378,-1.1385107120268998
2011-01-27,26.97892403653384,24.363941734115485,28.003723404255318,19.601063829787236,1.024799367721478,-4.762877904328249
2011-01-28,28.410752704140975,25.38975198633699,28.81223404255319,21.286702127659574,0.40148133841221423,-4.103049858677416
2011-01-29,27.804720180193613,25.601191059627297,31.27659574468085,23.007978723404257,3.471875564487238,-2.59321233622304
2011-01-30,28.62805796886221,25.80826167669119,31.706382978723404,23.690425531914894,3.078325009861196,-2.1178361447762946
2011-01-31,28.89872280389102,25.866601074230857,33.3,22.303723404255322,4.401277196108978,-3.562877669975535
2011-02-01,28.31407341402445,25.77124551372492,34.20425531914894,23.52553191489362,5.890181905124493,-2.2457135988313013
2011-02-02,28.315593178386678,24.930766317665473,34.88085106382979,20.10531914893617,6.56525788544311,-4.825447168729301
2011-02-03,28.495375114477383,26.057874310041882,33.696276595744685,23.130851063829788,5.200901481267302,-2.9270232462120944
2011-02-04,28.657203782084594,25.756638449543402,31.635106382978723,23.67287234042553,2.9779026008941294,-2.083766109117871
2011-02-05,28.222169500754944,24.883249672037834,32.327127659574465,24.595744680851062,4.104958158819521,-0.287504991186772
2011-02-06,28.8579052498701,25.668234202123756,31.711170212765957,23.292021276595744,2.8532649628958566,-2.376212925528012
2011-02-07,28.272506126086,25.514919927724577,34.01914893617022,24.624468085106383,5.746642810084218,-0.8904518426181944
2011-02-08,28.0758817851044,25.27041459369815,31.47446808510638,25.070744680851064,3.3985863000019805,-0.19966991284708513
2011-02-09,28.09869582436079,24.647732729387883,32.1,19.403723404255317,4.001304175639213,-5.244009325132566
2011-02-10,27.50630083413779,24.655898616370905,33.02712765957447,20.823936170212768,5.520826825436679,-3.831962446158137
2011-02-11,28.593231603178197,25.463118239647542,29.59946808510638,22.056382978723406,1.006236481928184,-3.406735260924137
2011-02-12,28.303739511398305,25.442595727828575,31.48404255319149,22.037765957446812,3.1803030417931843,-3.404829770381763
2011-02-13,28.820980916313943,26.14899581693527,31.082978723404256,21.239893617021277,2.2619978070903137,-4.909102199913992
2011-02-14,28.5201267295364,25.473710056681796,30.45372340425532,21.97978723404255,1.9335966747189204,-3.493922822639245
2011-02-15,27.244880819781713,25.06230439840607,30.39946808510638,21.070744680851064,3.1545872653246683,-3.991559717555006
2011-02-16,27.067286948342883,24.63426697358983,30.292021276595747,20.217553191489362,3.2247343282528647,-4.416713782100469
2011-02-17,27.993473181356933,25.394508799287166,29.91755319148936,23.73351063829787,1.9240800101324282,-1.6609981609892976
2011-02-18,26.3799839112894,24.18602757357496,29.702659574468083,20.148936170212767,3.322675663178682,-4.037091403362194
2011-02-19,27.301057647088044,24.471597485210793,30.300000000000004,18.715425531914892,2.9989423529119605,-5.756171953295901
2011-02-20,29.095298878740664,25.52843097943122,30.48563829787234,24.74042553191489,1.3903394191316778,-0.7880054475163298
2011-02-21,28.777521348481514,26.207417143139992,29.65159574468085,23.378723404255318,0.8740743961993367,-2.828693738884674
2011-02-22,28.38604910769544,24.66203782084608,27.592021276595744,22.194680851063833,-0.7940278310996973,-2.467356969782248
2011-02-23,30.075318185193396,25.698668844830593,29.126063829787235,22.772872340425533,-0.9492543554061612,-2.92579650440506
2011-02-24,31.080842058364908,26.11881191059632,32.4,22.971808510638297,1.3191579416350905,-3.147003399958024
2011-02-25,30.17782728150297,26.179377243137594,31.58244680851064,23.567021276595746,1.404619527007668,-2.6123559665418483
2011-02-26,29.496233261553016,25.58691072003171,32.18031914893617,21.586702127659574,2.684085887383155,-4.000208592372136
2011-02-27,28.762267023093557,25.422892007623602,31.29787234042553,23.676063829787235,2.5356053173319744,-1.7468281778363668
2011-02-28,29.740145045914744,25.95477389173533,29.534042553191487,24.039361702127657,-0.2061024927232573,-1.9154121896076717
2011-03-01,30.23439989109187,26.060202965273163,28.5,23.411702127659574,-1.7343998910918685,-2.6485008376135895
2011-03-02,31.03220464839984,26.048522066285557,30.914893617021278,22.367553191489364,-0.1173110313785628,-3.680968874796193
2011-03-03,29.48205267196363,26.177771837330738,31.087234042553195,22.40585106382979,1.6051813705895661,-3.7719207735009483
2011-03-04,29.093773173931424,26.020391574466032,30.295212765957448,20.067021276595746,1.2014395920260235,-5.953370297870286
2011-03-05,29.194768693844253,26.27953689265115,27.831914893617018,22.284574468085108,-1.362853800227235,-3.994962424566044
2011-03-06,29.009430459642147,25.17804212767021,26.473936170212767,21.06382978723404,-2.53549428942938,-4.114212340436168
2011-03-07,30.17250389841837,26.132854879829722,26.53563829787234,23.096276595744683,-3.636865600546031,-3.0365782840850386
2011-03-08,29.84582163807829,26.33653894705577,25.718617021276597,23.331382978723404,-4.127204616801695,-3.0051559683323674
2011-03-09,30.505034776366983,26.17226801316798,25.568617021276598,22.67287234042553,-4.936417755090385,-3.4993956727424482
2011-03-10,31.181433627880494,26.504202123709774,30.42659574468085,22.971276595744683,-0.7548378831996452,-3.532925527965091
2011-03-11,30.260366080047618,26.678428256726363,28.6,20.794148936170213,-1.6603660800476163,-5.88427932055615
2011-03-12,30.752456127323626,26.30364669191357,30.972340425531915,24.03244680851064,0.2198842982082887,-2.2711998834029288
2011-03-13,31.174885770154276,26.477459716343674,27.590957446808513,22.248404255319148,-3.583928323345763,-4.229055461024526
2011-03-14,31.48185812232373,25.614131333382886,30.129255319148935,20.604787234042554,-1.3526028031747934,-5.009344099340332
2011-03-16,32.537114180342144,26.425396401079183,30.207978723404253,23.866489361702126,-2.329135456937891,-2.5589070393770577
2011-03-17,30.371275710997338,26.513078884186086,27.779787234042555,24.388297872340427,-2.5914884769547832,-2.124781011845659
2011-03-18,28.070325239474244,25.969400014851146,30.6718085106383,20.533510638297873,2.6014832711640565,-5.435889376553273
2011-03-19,28.11108314150647,25.836430286379084,29.17712765957447,22.593617021276597,1.0660445180680007,-3.2428132651024875
2011-03-20,28.440616073859587,26.36996163461305,32.1,19.628723404255318,3.659383926140414,-6.74123823035773
2011-03-21,27.288508700279692,25.05638523798916,30.45744680851064,22.147340425531915,3.1689381082309467,-2.909044812457246
2011-03-22,27.086928788891385,24.909180218311462,28.0781914893617,20.26489361702128,0.9912627004703154,-4.644286601290183
2011-03-23,27.262070740823276,25.036320883146516,28.403723404255317,21.868085106382978,1.1416526634320405,-3.168235776763538
2011-03-24,27.852093017499612,24.75239746540933,29.912765957446805,24.804787234042553,2.0606729399471924,0.052389768633222644
2011-03-25,27.77088314645681,25.12344471671497,30.43882978723404,24.48031914893617,2.667946640777231,-0.6431255677787995
2011-03-26,27.67267641890055,25.001897477785292,33.0,21.426063829787232,5.327323581099449,-3.57583364799806
2011-03-27,27.736685725600807,25.042068760674283,31.9468085106383,19.26276595744681,4.210122785037491,-5.779302803227473
2011-03-28,28.294265983515288,25.62316749585409,33.581382978723404,21.70531914893617,5.287116995208116,-3.9178483469179213
2011-03-29,28.314868443850457,25.410423751887322,32.2,22.4781914893617,3.8851315561495454,-2.9322322625256234
2011-03-30,28.9595133783817,26.011789807182993,34.9,23.06648936170213,5.940486621618298,-2.9453004454808642
2011-03-31,28.969663127150397,25.288287171109687,30.885106382978723,19.877127659574466,1.9154432558283254,-5.411159511535221
2011-04-01,30.73725922625681,26.43117398084206,32.113297872340425,19.801595744680853,1.3760386460836145,-6.629578236161208
2011-04-02,31.69542412316531,26.34606668151781,31.4,20.68723404255319,-0.2954241231653114,-5.658832638964622
2011-04-03,31.379905200366352,26.74013217494621,31.800000000000004,20.892021276595745,0.42009479963365237,-5.848110898350466
2011-04-04,29.83401673225916,26.735513229870605,30.759042553191488,22.3031914893617,0.9250258209323299,-4.432321740508904
2011-04-05,29.733332590777536,26.06770055196654,32.33882978723404,21.961170212765957,2.605497196456504,-4.106530339200582
2011-04-06,30.07772431375463,26.1295425855796,26.754255319148935,22.221276595744683,-3.323468994605694,-3.9082659898349164
2011-04-07,28.740655676839708,26.066971857132273,27.35851063829787,22.781382978723403,-1.3821450385418395,-3.28558887840887
2011-04-08,28.159951981386655,24.47156778297574,29.00531914893617,21.102659574468085,0.8453671675495151,-3.368908208507655
2011-04-09,27.276058265884558,24.714501373728353,25.528723404255317,21.18563829787234,-1.7473348616292412,-3.5288630758560124
2011-04-10,27.609121308878514,24.4239140120294,27.976063829787233,21.34627659574468,0.3669425209087187,-3.0776374162847198
2011-04-11,28.11494962995971,26.57702655874857,27.555851063829788,22.261170212765958,-0.5590985661299221,-4.315856345982613
2011-04-12,28.45502611321507,24.595194920917834,28.46914893617021,21.42340425531915,0.01412282295514089,-3.171790665598685
2011-04-13,27.380935372886825,24.60588401277198,29.462234042553188,21.49255319148936,2.0812986696663636,-3.11333082128262
2011-04-14,28.020520779188644,25.841384124155354,27.763297872340427,22.53723404255319,-0.2572229068482166,-3.304150081602163
2011-04-15,27.680477215910514,24.545593920942622,23.940425531914894,22.883510638297874,-3.7400516839956204,-1.6620832826447476
2011-04-16,26.113161307888447,24.920227717135788,28.5,18.25212765957447,2.386838692111553,-6.668100057561318
2011-04-17,26.723059330214653,24.332321477191158,27.428723404255322,21.936702127659576,0.7056640740406692,-2.3956193495315823
2011-04-18,26.5224487017648,24.366661716294118,28.0718085106383,20.413297872340426,1.549359808873497,-3.9533638439536922
2011-04-19,27.14484888987903,24.400689586891417,24.9,19.73510638297872,-2.24484888987903,-4.665583203912696
2011-04-20,26.27959604960273,24.7020813841242,27.01489361702128,20.852127659574467,0.7352975674185487,-3.8499537245497315
2011-04-21,26.060765080072315,24.423226652805624,25.11542553191489,18.6,-0.945339548157424,-5.823226652805623
2011-04-22,26.64626321130669,24.972943243979103,26.232446808510637,19.022340425531915,-0.41381640279605136,-5.950602818447187
2011-04-23,27.184193460557992,25.18962921709857,25.376063829787235,21.34308510638298,-1.8081296307707575,-3.846544110715591
2011-04-24,27.279206455285816,24.346683497933213,27.88936170212766,21.736702127659573,0.6101552468418419,-2.6099813702736405
2011-04-25,27.201313828865636,25.58896388703255,27.440425531914894,19.20212765957447,0.23911170304925733,-6.38683622745808
2011-04-26,26.50833716987205,24.09918269349771,27.508510638297874,19.783510638297873,1.0001734684258246,-4.315672055199837
2011-04-27,25.943601643523664,24.04243607831495,26.337234042553188,20.28404255319149,0.3936323990295243,-3.7583935251234593
2011-04-28,26.151600455434334,24.716853048191922,26.41648936170213,20.11648936170213,0.26488890626779593,-4.600363686489793
2011-04-29,26.014330090839394,24.993317987178614,24.596276595744683,20.922340425531914,-1.4180534950947106,-4.0709775616467
2011-04-30,26.2995477834707,24.560298754981375,25.882446808510636,19.70851063829787,-0.41710097496006426,-4.851788116683505
2011-05-01,26.980106185490456,24.953953367490953,27.98510638297872,23.10904255319149,1.0050001974882647,-1.844910814299464
2011-05-02,26.85152421969758,24.64952303160817,29.22446808510638,22.720744680851062,2.3729438654088,-1.9287783507571064
2011-05-03,27.055574614489785,25.124987005272146,31.664361702127657,19.472872340425532,4.608787087637872,-5.652114664846614
2011-05-04,26.653895448132516,24.954689240365383,27.215425531914892,21.64308510638298,0.561530083782376,-3.311604133982403
2011-05-05,27.216731269028003,24.655595158535732,27.990957446808512,21.03617021276596,0.7742261777805091,-3.6194249457697723
2011-05-06,27.044334298655997,25.043240018811503,28.064893617021276,20.95,1.0205593183652795,-4.093240018811503
2011-05-07,27.671355164476154,25.080180688596897,29.789361702127664,20.04468085106383,2.1180065376515103,-5.035499837533067
2011-05-08,26.491519021806482,24.19103487537444,29.01489361702128,19.89627659574468,2.523374595214797,-4.294758279629761
2011-05-09,25.799950496274903,23.69727952278413,29.82712765957447,22.428723404255322,4.027177163299566,-1.2685561185288066
2011-05-10,25.936613202643514,24.44033439766349,29.315957446808508,23.047340425531914,3.3793442441649937,-1.3929939721315776
2011-05-11,25.706168659191633,23.88783891487833,26.28563829787234,20.19255319148936,0.5794696386807061,-3.69528572338897
2011-05-12,25.22229920051484,23.451421251949284,25.878723404255318,19.77659574468085,0.6564242037404782,-3.6748255072684337
2011-05-13,25.47607361203933,24.296404791960583,26.136702127659575,18.881914893617022,0.660628515620246,-5.414489898343561
2011-05-14,25.294463503378665,24.020723496943162,27.90159574468085,20.248936170212765,2.6071322413021853,-3.771787326730397
2011-05-15,25.43219351006161,23.635476844632592,28.89148936170213,20.07127659574468,3.4592958516405226,-3.5642002488879108
2011-05-16,26.716495878814897,24.1548978985669,26.29787234042553,20.75212765957447,-0.4186235383893653,-3.4027702389924315
2011-05-17,28.712437810945346,25.16334793693227,28.25531914893617,19.20425531914894,-0.45711866200917584,-5.95909261778333
2011-05-18,25.774489740352976,23.920215836241653,29.56648936170213,18.73191489361702,3.7919996213491522,-5.1883009426246325
2011-05-19,25.31578772802652,24.546127076062533,27.173936170212766,19.304255319148936,1.8581484421862449,-5.241871756913596
2011-05-20,25.669652731368046,24.11103165763228,24.31648936170213,21.257978723404257,-1.3531633696659178,-2.8530529342280246
2011-05-21,25.688045592930905,23.91561396995121,24.977659574468085,20.1968085106383,-0.7103860184628203,-3.718805459312911
2011-05-22,25.39807727531496,22.539822034108113,25.740957446808512,18.461702127659574,0.342880171493551,-4.0781199064485385
2011-05-23,26.04045370164107,24.54614440236628,27.0718085106383,20.14840425531915,1.0313548089972286,-4.397740147047131
2011-05-24,25.71502141036109,24.003499665849915,27.434574468085106,18.902127659574468,1.719553057724017,-5.101372006275447
2011-05-25,26.283849409668107,24.91491497735211,26.597340425531915,19.79148936170213,0.3134910158638071,-5.123425615649982
2011-05-26,25.573825895398613,24.283381846983957,25.000531914893617,17.33936170212766,-0.5732939805049959,-6.944020144856296
2011-05-27,25.888764139501575,23.585978564887,26.009042553191488,19.999468085106383,0.12027841368991332,-3.5865104797806175
2011-05-28,26.27168683943472,24.96418034207079,28.1,19.35691489361702,1.8283131605652798,-5.60726544845377
2011-05-29,26.0066483502884,24.75847429519075,27.68244680851064,19.225,1.6757984582222392,-5.53347429519075
2011-05-30,26.503278879235722,25.06147694364006,28.307978723404254,18.20744680851064,1.8046998441685318,-6.85403013512942
2011-05-31,26.418940125244433,25.234278111928006,27.32712765957447,18.783510638297873,0.9081875343300361,-6.450767473630133
2011-06-01,25.733582584589556,24.24674042721722,26.8781914893617,19.763297872340427,1.144608904772145,-4.483442554876792
2011-06-02,24.940725972129485,23.604392465533067,26.94148936170213,19.806382978723402,2.0007633895726435,-3.798009486809665
2011-06-03,24.908323061310398,23.366204796911006,28.461170212765957,22.01595744680851,3.552847151455559,-1.3502473501024959
2011-06-04,27.843046954283352,23.619951733867993,29.499468085106383,18.59414893617021,1.6564211308230306,-5.025802797697782
2011-06-05,26.67437835697143,23.63511002202921,29.034042553191487,18.39414893617021,2.3596641962200557,-5.240961085858999
2011-06-06,24.512668003267265,23.605628573550234,28.390425531914893,17.029255319148938,3.877757528647628,-6.576373254401297
2011-06-07,25.874130590827008,23.920424246924654,25.843617021276597,18.744148936170212,-0.03051356955041129,-5.176275310754441
2011-06-08,27.212798445583076,23.73944605331559,23.36010638297872,18.38351063829787,-3.852692062604355,-5.3559354150177185
2011-06-09,27.12801737580753,23.970025989455735,26.832978723404256,18.39521276595745,-0.2950386524032744,-5.5748132234982855
2011-06-10,28.408845820648025,24.571603425657827,29.810638297872337,18.77446808510638,1.401792477224312,-5.797135340551446
2011-06-11,27.21080715823871,24.615530308655764,25.211702127659574,18.39946808510638,-1.999105030579134,-6.2160622235493825
2011-06-12,25.34556050592812,23.46387762679143,24.27659574468085,17.386702127659575,-1.068964761247269,-6.0771754991318545
2011-06-14,25.707058736169927,23.40716640677209,27.21436170212766,15.67659574468085,1.5073029659577344,-7.730570662091242
2011-06-15,24.669705205316745,22.835773866983516,24.138829787234044,19.182978723404254,-0.5308754180827009,-3.6527951435792616
2011-06-16,24.735191950694343,22.496421375708564,25.580319148936173,18.33351063829787,0.8451271982418298,-4.162910737410694
2011-06-17,24.548982945966713,23.071607880993042,25.792021276595744,16.57872340425532,1.2430383306290302,-6.492884476737721
2011-06-18,25.26638548550784,23.414635281304925,27.81648936170213,18.66542553191489,2.5501038761942887,-4.749209749390033
2011-06-19,24.758868097324353,22.91906833989259,28.586702127659574,23.216489361702127,3.8278340303352216,0.2974210218095372
2011-06-20,25.16001237593133,23.779919061409373,27.754787234042553,19.939893617021276,2.594774858111222,-3.840025444388097
2011-06-21,25.378175045172213,23.29818172817511,28.70212765957447,22.46914893617021,3.3239526144022555,-0.8290327920048988
2011-06-22,26.703007846340483,24.87188064651866,28.992553191489364,18.78191489361702,2.2895453451488805,-6.089965752901641
2011-06-23,25.268833939754018,23.695999356451637,28.604255319148937,17.033510638297873,3.3354213793949192,-6.662488718153764
2011-06-24,25.151758372317545,23.709085666196472,29.803723404255322,15.876063829787233,4.651965031937777,-7.833021836409239
2011-06-25,25.683957575307602,23.649445805796915,27.880851063829784,20.20904255319149,2.196893488522182,-3.4404032526054245
2011-06-26,24.952626420138188,23.268931462092553,29.471276595744683,20.49787234042553,4.518650175606496,-2.7710591216670224
2011-06-27,27.06417242147478,23.33762431622978,29.51595744680851,20.026063829787233,2.4517850253337308,-3.311560486442545
2011-06-28,26.927026558748594,24.394279597039713,29.781382978723403,20.527127659574468,2.8543564199748097,-3.8671519374652448
2011-06-29,25.25121185119184,23.736128808692854,30.330319148936173,18.506914893617022,5.079107297744333,-5.229213915075832
2011-06-30,25.700254944184564,23.51915695156066,28.538829787234043,18.72340425531915,2.8385748430494786,-4.795752696241511
2011-07-01,25.439943070716083,24.123360560382196,26.471808510638297,20.210106382978722,1.031865439922214,-3.9132541774034735
2011-07-02,24.76984134056096,22.901569268087428,28.897872340425533,18.56968085106383,4.128030999864574,-4.331888417023599
2011-07-03,25.85792208113662,23.719883913764534,28.31382978723404,17.30531914893617,2.4559077060974204,-6.414564764828363
2011-07-04,25.889204227618166,23.714836513947716,30.28031914893617,18.53510638297872,4.391114921318003,-5.179730130968995
2011-07-05,25.595170664092507,24.15881933615509,29.911702127659574,17.795212765957448,4.316531463567067,-6.363606570197643
2011-07-06,26.19505061755899,24.349012153164608,28.596808510638297,20.081382978723404,2.4017578930793064,-4.267629174441204
2011-07-07,26.649358184203436,23.31114155590211,29.005851063829788,19.181382978723402,2.3564928796263516,-4.129758577178709
2011-07-08,25.78071557634712,24.033243236553574,31.16117021276596,19.452659574468086,5.38045463641884,-4.580583662085488
2011-07-09,24.718022573698704,22.830042325684985,30.003191489361704,17.993617021276595,5.285168915663,-4.83642530440839
2011-07-10,24.872033613029373,22.974488997797096,26.064361702127663,18.169148936170213,1.1923280890982895,-4.805340061626882
2011-07-11,26.205534268953784,24.31506546867655,26.567021276595746,19.8718085106383,0.36148700764196207,-4.443256958038251
2011-07-12,24.86330536372867,23.5355610009654,24.045212765957448,18.46489361702128,-0.8180925977712228,-5.070667383944123
2011-07-13,24.93145763718718,24.183023935051153,23.636702127659575,16.50744680851064,-1.2947555095276044,-7.675577126540514
2011-07-14,25.567960694042256,24.08356451572979,26.505851063829788,17.86063829787234,0.9378903697875316,-6.222926217857449
2011-07-15,26.284362763297963,24.312001930645295,28.23404255319149,14.074468085106384,1.9496797898935263,-10.23753384553891
2011-07-16,25.8661503428134,24.220512858592656,26.68723404255319,19.91436170212766,0.8210836997397912,-4.3061511564649955
2011-07-17,25.76296329298782,23.332044256330335,26.618085106382978,20.800531914893618,0.8551218133951579,-2.5315123414367164
2011-07-18,23.70072201183143,22.536265191455755,30.085638297872343,21.07712765957447,6.384916286040912,-1.4591375318812858
2011-07-19,24.965975842182104,22.959996782257917,30.05212765957447,19.54627659574468,5.086151817392366,-3.4137201865132383
2011-07-20,25.038702507363723,23.443179871785333,31.625531914893617,18.564893617021276,6.586829407529894,-4.878286254764056
2011-07-21,25.13783767728529,23.028110690329527,28.50531914893617,17.076063829787234,3.36748147165088,-5.952046860542293
2011-07-22,25.17297888666127,23.507819113388393,28.61542553191489,18.136702127659575,3.4424466452536215,-5.371116985728818
2011-07-23,25.52626024108315,22.991423727135498,29.63563829787234,20.022340425531915,4.10937805678919,-2.9690833016035825
2011-07-24,25.39295611494765,22.331098735179864,25.693617021276594,19.18617021276596,0.30066090632894316,-3.144928522413906
2011-07-25,25.582891265067758,22.352979876735787,28.800000000000004,20.447340425531916,3.2171087349322463,-1.9056394512038715
2011-07-26,25.28813445211756,23.644885770154247,25.138829787234044,18.875531914893617,-0.14930466488351612,-4.769353855260629
2011-07-27,24.00980347021118,22.339729709660617,25.128191489361704,16.07127659574468,1.1183880191505224,-6.268453113915935
2011-07-28,24.033167248335474,21.963947427043877,33.329787234042556,18.23723404255319,9.296619985707082,-3.7267133844906866
2011-07-29,25.107385955793234,22.130858889631497,28.4,16.619148936170212,3.292614044206765,-5.511709953461285
2011-07-30,24.429096804534538,22.036689438380222,30.460106382978722,19.90478723404255,6.031009578444184,-2.1319022043376705
2011-07-31,25.329625256800625,23.514622905373642,30.232446808510637,21.14414893617021,4.902821551710012,-2.370473969203431
2011-08-01,25.88499888616616,23.692411326452373,33.170744680851065,19.781382978723403,7.285745794684907,-3.911028347728969
2011-08-02,27.011580901462878,23.573118734684783,34.68670212765957,18.04255319148936,7.675121226196694,-5.530565543195422
2011-08-03,27.61728645330561,23.150861859854956,35.7563829787234,17.841489361702127,8.139096525417791,-5.309372498152829
2011-08-04,27.653285314719994,23.200213608574074,40.14148936170213,17.36542553191489,12.488204046982133,-5.8347880766591835
2011-08-05,26.190911611098784,23.727358728744377,29.256914893617022,18.304255319148936,3.0660032825182384,-5.423103409595441
2011-08-06,25.44263038043613,23.070021286601843,29.634042553191488,19.58191489361702,4.19141217275536,-3.4881063929848217
2011-08-07,25.994035296156085,23.897447092893742,29.177659574468084,19.58457446808511,3.1836242783119992,-4.312872624808634
2011-08-08,25.789515358530764,24.015197396104043,29.772340425531915,22.251595744680852,3.9828250670011514,-1.7636016514231905
2011-08-09,25.180472265538015,23.090925967179032,28.443617021276594,19.26489361702128,3.2631447557385798,-3.826032350157753
2011-08-10,27.551329422539084,23.51773792727903,30.907978723404256,16.430851063829788,3.356649300865172,-7.086886863449241
2011-08-11,25.780911611098816,23.685350610133412,29.153191489361703,17.91276595744681,3.372279878262887,-5.772584652686604
2011-08-12,25.554507561694095,23.170228707210242,29.86755319148936,23.78191489361702,4.3130456297952655,0.6116861864067786
2011-08-13,24.31078735674862,22.012858592609177,29.28563829787234,21.75904255319149,4.974850941123719,-0.2538160394176856
2011-08-14,24.849563377144136,23.08387044875127,29.604255319148937,17.945744680851064,4.754691942004801,-5.138125767900206
2011-08-15,25.89881562337564,23.17775376847112,30.55744680851064,19.552659574468084,4.658631185135,-3.6250941940030366
2011-08-16,24.88581792529891,22.935832776416476,26.239893617021277,17.528191489361703,1.3540756917223682,-5.407641287054773
2011-08-17,25.770968540382682,23.950749486398877,28.621808510638296,23.0,2.8508399702556133,-0.9507494863988768
2011-08-18,24.275037994109084,22.51832726912704,27.071276595744685,17.41276595744681,2.7962386016356007,-5.105561311680233
2011-08-19,26.529351748719137,22.982618252023542,32.81010638297872,18.444148936170212,6.28075463425958,-4.53846931585333
2011-08-20,24.928706962698982,22.625223633078406,30.669148936170213,18.42074468085106,5.740441973471231,-4.204478952227344
2011-08-21,26.60242394990223,24.25865993416005,35.75265957446808,18.7968085106383,9.150235624565852,-5.46185142352175
2011-08-22,25.164803841489118,22.67520209895804,26.245744680851065,18.58989361702128,1.080940839361947,-4.08530848193676
2011-08-23,24.52958664389496,22.77837405014725,28.40531914893617,19.223936170212767,3.87573250504121,-3.5544378799344827
2011-08-24,25.07319051508631,23.138739635157606,28.284574468085108,19.45851063829787,3.2113839529987978,-3.6802289968597357
2011-08-25,25.0605522140541,23.3459374767952,26.220744680851062,18.33776595744681,1.160192466796964,-5.008171519348391
2011-08-26,25.3582144006337,23.18353060567813,29.363297872340425,18.590425531914892,4.005083471706726,-4.593105073763237
2011-08-27,25.160144550877476,23.169590109155763,28.351595744680854,21.93351063829787,3.1914511938033776,-1.2360794708578915
2011-08-28,25.403504368703807,23.706910720031715,28.105851063829785,22.66595744680851,2.7023466951259785,-1.0409532732232059
2011-08-29,25.121122992005212,22.6532316031782,29.875,19.695212765957447,4.753877007994788,-2.9580188372207523
2011-08-30,25.99703794460538,23.576402316774306,35.3345744680851,20.500531914893617,9.33753652347972,-3.075870401880689
2011-08-31,26.31241974208558,23.405275364471265,29.44308510638298,19.323936170212768,3.1306653642974,-4.081339194258497
2011-09-01,26.148709932922486,23.607486200836604,32.645212765957446,20.641489361702128,6.49650283303496,-2.965996839134476
2011-09-02,25.521857132249238,23.64215712482371,31.51063829787234,19.085106382978722,5.988781165623102,-4.557050741844989
2011-09-03,24.34120962352415,21.593458825276628,38.36382978723404,19.363297872340425,14.022620163709888,-2.2301609529362025
2011-09-04,24.213148436919937,22.315052597708018,30.496808510638296,17.800531914893618,6.283660073718359,-4.5145206828144
2011-09-05,24.39825152842758,22.70955842677165,37.4813829787234,19.33563829787234,13.083131450295824,-3.373920128899311
2011-09-06,25.287231009133393,22.705187247840456,32.420744680851065,18.679255319148936,7.133513671717672,-4.02593192869152
2011-09-07,25.809512388307212,22.809973267988482,29.303723404255322,15.891489361702128,3.4942110159481103,-6.918483906286355
2011-09-08,25.68485210762111,22.991547486448383,32.47021276595744,21.603191489361702,6.78536065833633,-1.3883559970866806
2011-09-09,26.316340684636543,23.723551892279886,39.104787234042554,20.051063829787232,12.78844654940601,-3.672488062492654
2011-09-10,26.20053266008273,23.580239845548363,30.034574468085108,19.031382978723403,3.834041808002379,-4.548856866824959
2011-09-12,26.36425979554963,23.346545382540057,40.59893617021277,22.06808510638298,14.234676374663138,-1.2784602761570767
2011-09-13,25.61646939432194,23.836246132521524,29.912765957446812,21.40053191489362,4.296296563124873,-2.435714217627904
2011-09-14,25.099398777258045,23.531567287938458,26.976063829787233,19.51436170212766,1.8766650525291872,-4.0172055858108
2011-09-15,25.059741838073307,23.194815969901754,27.939361702127655,20.770744680851063,2.879619864054348,-2.4240712890506906
2011-09-16,25.607667384470687,23.325807034479396,28.452659574468086,22.420744680851065,2.8449921899973987,-0.9050623536283311
2011-09-17,23.40148313160563,21.79662929135418,26.504787234042553,21.71968085106383,3.1033041024369226,-0.07694844029034797
2011-09-18,24.566467166654377,22.458103264770727,26.694148936170212,18.038829787234043,2.127681769515835,-4.419273477536684
2011-09-19,24.442816514442768,22.053945199376244,23.913297872340426,17.45212765957447,-0.5295186421023423,-4.601817539801775
2011-09-20,24.079227989406206,22.818722308853808,25.674468085106383,18.80531914893617,1.595240095700177,-4.013403159917637
2011-09-21,25.20215662978643,22.86283359322789,24.768085106382976,15.715425531914894,-0.43407152340345334,-7.147408061312996
2011-09-22,26.213406846365217,23.459679463379643,25.982446808510637,16.59521276595745,-0.23096003785457953,-6.864466697422195
2011-09-23,25.71208212668006,23.851788074552644,33.62765957446808,20.46595744680851,7.915577447788024,-3.3858306277441343
2011-09-24,26.74944333061063,23.533981832132895,34.23244680851064,22.285106382978725,7.483003477900006,-1.2488754491541698
2011-09-25,26.09670948738892,23.522225192445774,33.28191489361702,21.536702127659574,7.1852054062281,-1.9855230647862
2011-09-26,24.243180861859912,22.70567312690281,31.835638297872343,21.66223404255319,7.592457436012431,-1.0434390843496182
2011-09-27,25.538355981287623,22.59927303779608,31.056382978723406,17.538297872340426,5.518026997435783,-5.060975165455655
2011-09-28,26.259670305190525,23.767074577361996,28.29095744680851,20.77872340425532,2.031287141617984,-2.9883511731066754
2011-09-29,25.98194005098884,23.937278532709627,30.501063829787235,18.14095744680851,4.519123778798395,-5.796321085901116
2011-09-30,25.936953045716734,23.34358580233163,30.925531914893618,19.680851063829788,4.988578869176884,-3.662734738501843
2011-10-01,25.71039058439152,23.57214103611301,36.967021276595744,21.60744680851064,11.256630692204226,-1.9646942276023687
2011-10-02,26.671246998836693,24.030382416276893,35.685106382978724,21.03776595744681,9.01385938414203,-2.992616458830085
2011-10-03,28.084370436375366,23.87126308754739,33.88510638297872,20.604787234042554,5.8007359466033535,-3.2664758535048364
2011-10-04,27.255759510903204,24.106225835994223,33.337765957446805,20.739893617021277,6.082006446543602,-3.3663322189729463
2011-10-05,25.371172248211735,24.143375411499733,31.662765957446812,20.70851063829787,6.291593709235077,-3.4348647732018627
2011-10-06,26.24359124774145,23.648571074973404,36.892553191489355,23.116489361702126,10.648961943747906,-0.5320817132712783
2011-10-07,26.427703769708728,23.718961411846294,35.33085106382978,21.477127659574467,8.903147294121055,-2.241833752271827
2011-10-08,26.516736714437798,23.681642533600723,37.293085106382975,17.95531914893617,10.776348391945177,-5.726323384664553
2011-10-09,25.798622063810285,23.307196604044464,31.298404255319152,19.93404255319149,5.499782191508867,-3.3731540508529747
2011-10-10,26.51953392242774,23.778271577436158,32.91914893617022,20.502659574468087,6.399615013742476,-3.275612002968071
2011-10-11,27.711891537338204,23.797751045766233,31.365957446808512,20.41755319148936,3.654065909470308,-3.3801978542768722
2011-10-12,26.856680775228313,23.864661518279263,33.376063829787235,22.413297872340426,6.519383054558922,-1.4513636459388373
2011-10-13,26.797886933491725,24.204301378678792,32.50904255319149,22.138297872340427,5.711155619699767,-2.0660035063383653
2011-10-14,27.184277369372182,23.86696789683424,31.757978723404257,20.842553191489362,4.573701354032075,-3.0244147053448778
2011-10-15,27.716644389990392,24.1630244300884,31.132978723404257,22.372872340425534,3.4163343334138645,-1.7901520896628647
2011-10-16,28.33519442588056,24.587811192792344,31.753191489361704,20.8,3.4179970634811454,-3.7878111927923435
2011-10-17,29.22258731219523,24.915773619464915,30.60478723404255,22.404787234042555,1.3821999218473202,-2.5109863854223597
2011-10-18,29.485778569837407,25.12172495730306,31.417021276595744,21.147340425531915,1.9312427067583364,-3.9743845317711433
2011-10-19,25.860640578203572,23.35101210366082,28.887234042553192,21.72659574468085,3.02659346434962,-1.6244163589799712
2011-10-20,23.908228261676697,23.142477661444047,30.173936170212766,18.836170212765957,6.2657079085360685,-4.306307448678091
2011-10-21,23.89378480730676,22.97509170565087,28.465957446808513,19.251595744680852,4.572172639501755,-3.7234959609700162
2011-10-22,26.281519764362315,23.511002450434432,27.35851063829787,19.070744680851064,1.0769908739355536,-4.4402577695833685
2011-10-23,25.56871067547837,23.51850969035422,29.495212765957447,18.766489361702128,3.926502090479076,-4.752020328652094
2011-10-24,26.142250439345617,24.145634761515794,31.529787234042555,20.113829787234042,5.387536794696938,-4.031804974281751
2011-10-25,26.158837405014765,23.60783767728526,31.48351063829787,18.69095744680851,5.324673233283104,-4.91688023047675
2011-10-26,27.313220217321316,23.643706838939636,31.05744680851064,21.35478723404255,3.7442265911893244,-2.2889196048970852
2011-10-27,27.677053043241585,24.31194574391725,31.561702127659576,20.573936170212768,3.8846490844179904,-3.738009573704481
2011-10-28,27.167706244894987,24.3322271725948,29.08351063829787,20.949468085106382,1.9158043934028832,-3.3827590874884166
2011-10-29,27.345037746590435,24.52456102571722,31.19840425531915,20.717021276595744,3.8533665087287154,-3.8075397491214744
2011-10-30,26.57904160788098,23.918086681022828,31.172340425531914,20.80691489361702,4.593298817650933,-3.1111717874058087
2011-10-31,28.121635355560556,24.537199574268016,30.285106382978725,22.565425531914894,2.1634710274181685,-1.9717740423531218
2011-11-01,26.54106903294479,24.069413628375514,29.241489361702126,23.310106382978724,2.7004203287573354,-0.7593072453967906
2011-11-02,24.506460483651438,23.49716789188392,29.643085106382976,19.32340425531915,5.136624622731539,-4.173763636564768
2011-11-03,23.955183782579695,23.355743917229745,28.80159574468085,21.879255319148935,4.846411962101154,-1.4764885980808096
2011-11-04,24.000861612336394,23.233390015098678,28.390425531914893,20.19787234042553,4.3895639195784995,-3.035517674673148
2011-11-05,25.216091680899012,23.85173708571574,26.95372340425532,20.277659574468085,1.7376317233563086,-3.574077511247655
2011-11-06,25.912766268161704,24.08787728026539,26.295212765957448,18.50531914893617,0.382446497795744,-5.582558131329218
2011-11-07,25.729717581248053,23.778172817504583,27.80159574468085,20.29468085106383,2.071878163432796,-3.483491966440752
2011-11-08,25.021057399569372,23.397975050122568,26.825531914893617,17.588829787234044,1.8044745153242445,-5.809145262888524
2011-11-09,25.60195836736716,23.318156481275253,28.907446808510635,21.072340425531916,3.305488441143474,-2.2458160557433366
2011-11-10,26.02396475334774,24.024065493428395,29.716489361702127,21.16968085106383,3.692524608354386,-2.8543846423645647
2011-11-11,25.52682631618029,24.049242345486505,28.218617021276597,20.91595744680851,2.691790705096306,-3.1332848986779958
2011-11-12,26.820078215885758,23.581963812776962,29.4781914893617,20.033510638297873,2.6581132734759407,-3.5484531744790893
2011-11-13,26.775808272072425,24.261918516868434,28.03191489361702,19.531382978723403,1.2561066215445962,-4.7305355381450305
2011-11-14,26.68801638573308,24.163056855028344,29.60904255319149,21.432978723404254,2.921026167458411,-2.73007813162409
2011-11-15,27.460885621643,24.467021608376058,30.802659574468084,20.82287234042553,3.3417739528250827,-3.644149267950528
2011-11-16,28.901156654538283,24.54984975619419,29.78031914893617,20.31063829787234,0.8791624943978853,-4.239211458321851
2011-11-17,29.34522660330191,24.58054206579044,30.15585106382979,20.31117021276596,0.8106244605278796,-4.269371853024481
2011-11-18,28.142114304101426,25.10115046657262,28.873936170212765,21.54255319148936,0.7318218661113391,-3.558597275083258
2011-11-19,27.368873790252735,24.619299027251827,29.18617021276596,20.532978723404256,1.8172964225132233,-4.086320303847572
2011-11-20,28.33945372639289,24.439528972055143,26.665425531914895,20.426063829787232,-1.6740281944779944,-4.013465142267911
2011-11-21,27.94821786589449,24.783839261404466,28.27553191489362,21.504787234042553,0.32731404899912775,-3.2790520273619137
2011-11-22,28.468292369000835,24.205682532610638,26.702659574468086,21.268617021276597,-1.765632794532749,-2.9370655113340405
2011-11-23,28.805048637409982,25.086068661666843,29.132446808510636,20.76914893617021,0.32739817110065417,-4.316919725496632
2011-11-24,28.522768495829325,25.073802381129212,28.673936170212766,20.9968085106383,0.1511676743834407,-4.076993870490913
2011-11-25,27.877578525284036,24.707851290809685,28.865957446808512,20.46276595744681,0.9883789215244754,-4.245085333362876
2011-11-26,26.2188116630777,23.878535432291358,28.593617021276597,17.886702127659575,2.374805358198895,-5.991833304631783
2011-11-27,26.99199772282867,23.658811168040472,27.813297872340424,20.380851063829788,0.8213001495117531,-3.2779601042106847
2011-11-28,27.302717754511036,24.387266651815594,26.440957446808508,21.69148936170213,-0.8617603077025286,-2.6957772901134653
2011-11-29,26.735080319794122,23.350136382762855,29.476063829787233,21.879787234042553,2.740983509993111,-1.4703491487203024
2011-11-30,27.82219425261752,24.64622781614321,26.72446808510638,21.646808510638298,-1.0977261675111407,-2.9994193055049116
2011-12-01,29.242037078290195,24.952225439964366,29.02021276595745,21.645744680851063,-0.22182431233274613,-3.3064807591133025
2011-12-02,28.8483542486573,24.90640330684886,27.91542553191489,21.619148936170212,-0.9329287167424098,-3.287254370678646
2011-12-03,29.1925350857652,25.342570480928714,28.480851063829785,20.75957446808511,-0.7116840219354152,-4.582996012843605
2011-12-04,28.63542090542319,25.171056657013423,27.86010638297872,22.090957446808513,-0.775314522444468,-3.08009921020491
2011-12-05,27.15680032672458,24.231297492636372,28.412765957446812,20.768617021276597,1.2559656307222333,-3.462680471359775
2011-12-06,27.353764510779513,24.591324472166548,28.253191489361704,21.16755319148936,0.8994269785821913,-3.4237712806771867
2011-12-07,27.23438305982529,24.14909135912478,28.03244680851064,21.28563829787234,0.798063748685351,-2.863453061252443
2011-12-08,27.650423504368746,23.733868221083696,30.781382978723403,19.501595744680852,3.1309594743546576,-4.232272476402844
2011-12-09,28.530263359817866,24.790476225836017,30.46914893617021,21.161702127659574,1.9388855763523445,-3.628774098176443
2011-12-11,30.109924011781914,25.466325090963153,32.041489361702126,21.627659574468087,1.9315653499202128,-3.838665516495066
2011-12-12,27.68684289992825,25.241974951115083,34.64042553191489,23.79787234042553,6.953582631986642,-1.4441026106895514
2011-12-13,26.51368753248687,24.774059305462742,31.588297872340426,21.79787234042553,5.074610339853557,-2.9761869650372113
2011-12-14,28.49734957055523,24.815637979257986,30.200531914893617,20.76382978723404,1.703182344338387,-4.051808192023945
2011-12-15,28.230006683002955,24.88825821143047,26.762234042553192,21.01436170212766,-1.4677726404497626,-3.87389650930281
2011-12-16,28.387935199623826,24.584212271973513,26.705851063829787,22.142553191489363,-1.6820841357940388,-2.4416590804841505
2011-12-17,28.06874532808598,24.816189450756156,24.913829787234043,20.590425531914892,-3.1549155408519383,-4.225763918841263
2011-12-18,27.572778644092978,24.79473156605036,23.95744680851064,21.16436170212766,-3.6153318355823387,-3.6303698639226987
2011-12-19,28.472574193708112,24.297539912378397,26.70904255319149,20.71968085106383,-1.7635316405166215,-3.577859061314566
2011-12-20,28.10994480334648,25.246600579193625,25.76968085106383,23.318617021276594,-2.340263952282651,-1.927983557917031
2011-12-21,28.260316823841038,25.263146951808153,26.761170212765958,23.997340425531913,-1.49914661107508,-1.26580652627624
2011-12-22,27.994242221727234,24.13859780698499,29.072340425531916,22.665425531914895,1.0780982038046822,-1.4731722750700946
2011-12-23,26.63851092794738,24.177500556916982,30.65159574468085,22.741489361702126,4.013084816733471,-1.4360111952148564
2011-12-24,26.541983614266996,24.09051112596228,30.080851063829787,24.346276595744683,3.5388674495627903,0.25576546978240344
2011-12-25,27.470646023613256,24.736363703868733,31.736702127659573,23.232446808510637,4.266056104046317,-1.5039168953580955
2011-12-26,28.17987747828022,24.67692804633549,35.74308510638298,23.298404255319152,7.563207628102759,-1.3785237910163382
2011-12-27,28.38740055939212,24.854868691369006,30.46382978723404,22.368085106382978,2.0764292278419205,-2.4867835849860285
2011-12-28,29.059351253681882,24.730398752506176,30.913829787234043,20.638297872340427,1.854478533552161,-4.092100880165749
2011-12-29,30.61057845102846,25.100449741343084,29.777659574468085,21.79148936170213,-0.8329188765603739,-3.308960379640954
2011-12-30,28.718108957699087,25.80942303408341,30.423936170212766,22.498404255319148,1.7058272125136789,-3.311018778764261
2011-12-31,29.231782876661498,25.494122175193695,30.033510638297873,21.840425531914892,0.8017277616363749,-3.6536966432788027
2012-01-01,30.09169055221406,25.446559491101766,30.16117021276596,22.88457446808511,0.0694796605518988,-2.561985023016657
2012-01-02,30.65345139971788,25.634565481052505,28.310106382978724,22.68244680851064,-2.343345016739157,-2.9521186725418644
2012-01-03,30.48243805846397,25.75582609341359,26.68191489361702,22.352127659574467,-3.8005231648469504,-3.4036984338391214
2012-01-04,29.276483255365008,25.870255191703222,35.71223404255319,24.43617021276596,6.435750787188184,-1.434084978937264
2012-01-05,28.175991683374207,25.63314893195718,30.397872340425533,22.16755319148936,2.221880657051326,-3.465595740467819
2012-01-06,28.299082695972913,25.040542560827703,30.475531914893615,22.40744680851064,2.176449218920702,-2.633095752317061
2012-01-07,28.468210440335724,25.236394396178355,28.10372340425532,20.613829787234042,-0.3644870360804049,-4.622564608944312
2012-01-08,28.23140541075719,25.43041632632861,25.739893617021277,22.84414893617021,-2.4915117937359135,-2.586267390158401
2012-01-09,27.95121011856145,24.6868265636989,25.46914893617021,23.760106382978723,-2.482061182391238,-0.9267201807201779
2012-01-10,27.792290042325703,24.773181604415754,26.40531914893617,22.286702127659574,-1.3869708933895346,-2.4864794767561804
2012-01-11,26.887656246132508,24.110007920596104,29.942021276595746,24.237234042553194,3.054365030463238,0.12722612195709004
2012-01-12,26.9954929333432,24.489286651320526,29.462234042553188,23.779787234042555,2.4667411092099876,-0.7094994172779714
2012-01-13,27.638419593574383,25.655533278879204,29.173404255319152,22.545212765957448,1.5349846617447689,-3.1103205129217564
2012-01-14,26.964986015197667,24.944157075319936,29.804255319148936,21.54042553191489,2.8392693039512693,-3.403731543405044
2012-01-15,27.93586569639365,25.026427316155548,29.31755319148936,23.04255319148936,1.3816874950957114,-1.9838741246661868
2012-01-16,28.468431474468503,25.359120318804003,32.14468085106383,21.660638297872342,3.6762493765953295,-3.6984820209316602
2012-01-17,28.466119402985157,25.027365906784553,32.899468085106385,20.92872340425532,4.433348682121228,-4.098642502529234
2012-01-18,28.34252617509469,25.17185539961889,31.470212765957445,22.075531914893617,3.127686590862755,-3.096323484725275
2012-01-19,26.908748050790848,25.300453949159703,33.103191489361706,21.565425531914894,6.1944434385708576,-3.735028417244809
2012-01-20,26.945092943243992,24.219786638944584,32.23457446808511,22.556382978723406,5.289481524841115,-1.663403660221178
2012-01-21,27.130399742580664,24.543814509541903,27.91223404255319,21.54574468085106,0.7818342999725267,-2.9980698286908414
2012-01-22,27.466341674711032,25.305005569169168,29.951063829787234,24.005851063829788,2.484722155076202,-1.2991545053393807
2012-01-23,27.379215365956327,24.927034231825928,30.80851063829787,22.156382978723403,3.4292952723415446,-2.7706512531025247
2012-01-24,27.6336880275241,24.857061706393438,30.773936170212767,21.623936170212765,3.140248142688666,-3.2331255361806726
2012-01-25,26.979161406895912,23.824815474864522,33.54095744680851,21.60904255319149,6.5617960399126005,-2.2157729216730324
2012-01-26,28.381132397712975,24.15874681319775,34.195744680851064,20.393617021276594,5.814612283138089,-3.765129791921158
2012-01-27,29.19724685032554,25.35281007895844,37.15265957446809,21.83244680851064,7.955412724142548,-3.5203632704478025
2012-01-28,28.756335486745456,25.674429840845562,33.91489361702128,20.811702127659576,5.158558130275821,-4.862727713185986
2012-01-29,27.53444097918367,24.330597757481257,30.090957446808513,20.347340425531915,2.556516467624842,-3.9832573319493427
2012-01-30,27.844553847677105,25.29113660552963,30.794680851063827,22.64148936170213,2.950127003386722,-2.6496472438274985
2012-01-31,27.006810227469657,24.471401697977797,31.895744680851063,22.792021276595744,4.888934453381406,-1.679380421382053
2012-02-01,26.616311477438728,24.158974530333467,31.390425531914893,20.92074468085106,4.774114054476165,-3.238229849482405
2012-02-02,27.578158213905624,24.84151382391525,32.17553191489362,23.835638297872343,4.597373700987994,-1.0058755260429066
2012-02-03,26.501932130392845,24.002932105641037,32.49840425531915,19.995744680851065,5.996472124926306,-4.007187424789972
2012-02-04,26.417697581743084,23.60741021261856,28.54095744680851,24.170212765957448,2.1232598650654246,0.5628025533388872
2012-02-05,26.790224746912315,24.701779411400764,30.074468085106382,22.71808510638298,3.2842433381940666,-1.983694305017785
2012-02-06,27.9771998217866,25.29594069453725,29.64148936170213,21.315425531914894,1.6642895399155329,-3.980515162622357
2012-02-07,28.222224202371194,25.211972970966087,28.800000000000004,22.826063829787234,0.57777579762881,-2.3859091411788533
2012-02-08,28.294211529417623,25.024785525110758,31.253191489361704,22.84468085106383,2.958979959944081,-2.1801046740469268
2012-02-09,29.228532957105017,25.615014479839658,30.446276595744678,22.086170212765957,1.2177436386396607,-3.5288442670737012
2012-02-10,29.149803222692526,25.81719957426793,34.36648936170213,24.598936170212767,5.216686139009603,-1.2182634040551648
2012-02-11,28.775002598945605,25.226940917304148,33.2436170212766,23.098936170212767,4.468614422330994,-2.1280047470913814
2012-02-12,28.931683126655287,25.46107373579872,33.56808510638298,24.352127659574467,4.636401979727694,-1.1089460762242531
2012-02-13,28.83542486572111,25.544733051162154,32.594148936170214,20.722340425531915,3.758724070449105,-4.82239262563024
2012-02-14,28.052409841340648,26.016328308705226,31.11968085106383,22.15691489361702,3.067271009723182,-3.8594134150882056
2012-02-15,26.75588970570044,24.393280116828805,30.585106382978722,22.299468085106383,3.829216677278282,-2.093812031722422
2012-02-16,26.35601321749465,24.2999180713349,30.283510638297873,22.63031914893617,3.927497420803224,-1.6695989223987304
2012-02-17,27.60216628301282,24.680611866042966,30.154255319148938,22.573936170212765,2.552089036136117,-2.1066756958302015
2012-02-18,27.04502462810325,25.123773173931397,29.35904255319149,20.392553191489363,2.3140179250882404,-4.731219982442035
2012-02-19,26.39773421449968,24.24540753941733,27.625,21.3281914893617,1.2272657855003217,-2.917216050055629
2012-02-20,26.749425014232315,24.310222766763218,30.001063829787235,21.04255319148936,3.2516388155549194,-3.2676695752738567
2012-02-21,27.58098834187274,25.49484195935753,29.46436170212766,21.41223404255319,1.8833733602549216,-4.0826079168043385
2012-02-22,28.12188757704024,25.6715160515829,29.52659574468085,21.532446808510638,1.4047081676406101,-4.13906924307226
2012-02-23,27.42109898269848,24.810769040370303,31.779255319148938,23.31648936170213,4.358156336450456,-1.4942796786681747
2012-02-24,28.1161065320166,24.834733793717987,30.33936170212766,21.41436170212766,2.2232551701110594,-3.420372091590327
2012-02-25,27.27757010965081,24.354308061681706,30.245744680851065,22.25957446808511,2.9681745712002545,-2.0947335935965974
2012-02-26,27.463138783693523,24.2048731467043,31.5218085106383,21.690425531914894,4.058669726944778,-2.5144476147894075
2012-02-27,28.416408752258633,24.993974901611352,31.826595744680848,23.795744680851065,3.410186992422215,-1.198230220760287
2012-02-28,27.550139600504963,24.350573500655912,33.04468085106383,22.711702127659574,5.494541250558868,-1.6388713729963378
2012-02-29,28.13226157768372,25.18029355709018,31.18191489361702,22.846808510638297,3.0496533159332984,-2.3334850464518837
2012-03-01,28.255864458800545,24.936518650528512,31.80744680851064,23.772340425531915,3.5515823497100953,-1.164178224996597
2012-03-02,28.46612608598798,25.045714710031973,31.040425531914895,23.701595744680848,2.574299445926915,-1.3441189653511252
2012-03-03,28.049883666245933,25.997748075542745,32.31117021276596,22.881914893617022,4.261286546520026,-3.115833181925723
2012-03-04,27.56417885695896,24.856301824212323,31.560638297872345,22.111170212765956,3.996459440913384,-2.745131611446368
2012-03-05,26.982698695576858,24.64564466226085,31.513297872340427,22.108510638297876,4.53059917676357,-2.537134023962974
2012-03-06,27.726389198287222,25.294400138610456,29.711702127659574,21.76808510638298,1.985312929372352,-3.526315032227476
2012-03-07,28.266208262171745,25.210641320759407,31.01595744680851,22.664361702127657,2.749749184636766,-2.5462796186317505
2012-03-08,26.40532932353159,24.826164203856365,30.334574468085105,23.435638297872337,3.9292451445535157,-1.3905259059840276
2012-03-10,28.847959456449075,25.899071557634784,31.58404255319149,21.92659574468085,2.7360830967424157,-3.9724758129539346
2012-03-11,27.66499665849858,25.076540184648877,29.688297872340424,22.339893617021275,2.023301213841844,-2.736646567627602
2012-03-12,28.00181579663871,25.918844088017636,32.816489361702125,24.09468085106383,4.814673565063416,-1.8241632369538046
2012-03-13,28.135823370708692,24.773762035593222,28.018617021276597,22.727659574468085,-0.11720634943209518,-2.0461024611251375
2012-03-14,29.02959877230768,25.778880225736998,31.581914893617018,22.43776595744681,2.552316121309339,-3.3411142682901875
2012-03-15,29.390837603029695,25.71175416450086,30.772340425531915,22.41223404255319,1.3815028225022203,-3.299520121947669
2012-03-16,30.37924086037475,25.92224623152896,31.996276595744682,24.843617021276597,1.6170357353699316,-1.0786292102523625
2012-03-17,30.285281304918215,25.996580035147645,29.95212765957447,21.448404255319147,-0.3331536453437458,-4.548175779828497
2012-03-18,29.46536669884415,26.076314447662185,29.836702127659574,23.651063829787233,0.37133542881542425,-2.4252506178749513
2012-03-19,29.07647310710138,26.197971089824534,28.923936170212766,23.675531914893618,-0.15253693688861247,-2.5224391749309163
2012-03-20,28.714542461820315,25.23632979381705,30.29148936170213,23.197340425531916,1.5769468998818148,-2.038989368285133
2012-03-21,28.856111482389053,25.54218088661173,31.781382978723403,20.6218085106383,2.92527149633435,-4.920372375973432
2012-03-22,29.435247147347866,25.549515111012113,32.19521276595745,22.079255319148935,2.7599656186095842,-3.470259791863178
2012-03-23,29.561319769312718,25.838339397539755,35.26702127659574,22.699468085106382,5.705701507283024,-3.1388713124333734
2012-03-24,29.39683943466747,25.6491520011881,34.16489361702128,23.225531914893615,4.768054182353808,-2.423620086294484
2012-03-25,28.293375411499767,26.08908517115907,33.41489361702128,23.378723404255318,5.121518205521511,-2.710361766903752
2012-03-26,28.133304373654198,25.664646667161776,34.17819148936171,22.845212765957445,6.04488711570751,-2.819433901204331
2012-03-27,27.932650181926192,24.98364718695086,31.157978723404256,19.028191489361703,3.2253285414780635,-5.955455697589159
2012-03-28,27.79917625801346,24.903356847602822,32.284574468085104,21.81117021276596,4.485398210071644,-3.092186634836864
2012-03-29,28.749084428603283,25.86270958639642,30.89946808510638,22.61542553191489,2.1503836565030987,-3.247284054481529
2012-03-30,27.122931610603757,24.592429147793382,32.44946808510638,23.364893617021277,5.326536474502625,-1.227535530772105
2012-03-31,27.156986708249804,25.613257840152528,33.9531914893617,22.868085106382978,6.796204781111896,-2.74517273376955
2012-04-01,28.284492958095086,25.114743694463016,33.487765957446804,21.301063829787232,5.203272999351718,-3.813679864675784
2012-04-02,28.039781688572134,25.495736986708266,33.62872340425532,23.013297872340427,5.588941715683184,-2.482439114367839
2012-04-03,27.99820276725825,25.338021088586913,34.72287234042553,22.33351063829787,6.724669573167283,-3.004510450289043
2012-04-04,27.629408925521716,24.973629613128423,33.83510638297872,23.184574468085106,6.205697457457006,-1.7890551450433172
2012-04-05,28.564993935793666,25.337978762901912,32.138297872340424,23.113829787234042,3.5733039365467576,-2.2241489756678696
2012-04-06,29.1979968317616,25.27122447464177,31.263297872340427,23.23510638297872,2.0653010405788272,-2.036118091663049
2012-04-07,28.42620925224628,25.735178584688583,27.356382978723403,23.93776595744681,-1.069826273522878,-1.7974126272417728
2012-04-08,28.301284374149247,25.465537734214593,30.22978723404255,22.607978723404255,1.9285028598933032,-2.8575590108103377
2012-04-09,27.22174525383042,24.941577436202124,30.29787234042553,23.261702127659575,3.076127086595111,-1.6798753085425489
2012-04-10,27.929480458404498,24.639143585554848,30.143085106382976,24.314361702127663,2.213604647978478,-0.3247818834271854
2012-04-11,27.256093413529413,25.05831167545358,30.01648936170213,20.773936170212767,2.760395948172718,-4.2843755052408135
2012-04-12,27.326361723719742,24.84234523897925,31.220744680851062,23.128191489361704,3.89438295713132,-1.7141537496175445
2012-04-13,26.899054973886848,24.06556397118885,31.643617021276597,23.29255319148936,4.744562047389749,-0.7730107796994901
2012-04-14,27.118207470112168,24.28204796910967,32.29787234042553,23.231382978723403,5.17966487031336,-1.0506649903862666
2012-04-15,28.458365634513996,24.73958788148815,33.32340425531915,23.113297872340425,4.8650386208051515,-1.6262900091477235
2012-04-16,28.618363406846413,25.634397415905596,31.543617021276596,22.707978723404256,2.925253614430183,-2.92641869250134
2012-04-17,28.23176456028318,25.624582312319035,33.96223404255319,21.91648936170213,5.73046948227001,-3.708092950616905
2012-04-18,28.05402267270614,25.39464146927054,33.992553191489364,21.028191489361703,5.9385305187832245,-4.366449979908836
2012-04-19,27.00946610232421,24.262325189970568,31.99468085106383,21.46489361702128,4.985214748739619,-2.7974315729492893
2012-04-20,26.13901512338805,23.92121630652713,32.83617021276596,20.750531914893617,6.697155089377908,-3.170684391633511
2012-04-21,27.86921660354949,24.43922279151508,29.409042553191487,22.47446808510638,1.5398259496419975,-1.9647547064086979
2012-04-22,30.124337763916742,26.229028736912483,30.91117021276596,21.631914893617022,0.7868324488492178,-4.59711384329546
2012-04-23,29.755288235439764,26.401919011905647,31.154255319148938,21.402127659574468,1.3989670837091737,-4.999791352331179
2012-04-24,28.599429222049025,26.106588698299618,32.52340425531915,22.28563829787234,3.923975033270125,-3.8209504004272787
2012-04-25,27.88884829583435,25.136431771490834,32.18989361702128,22.804787234042553,4.301045321186933,-2.3316445374482804
2012-04-26,28.74310215093692,26.21140640083172,32.649468085106385,21.743617021276595,3.9063659341694645,-4.467789379555125
2012-04-27,28.585059775748164,25.444206331526516,32.10212765957447,18.19627659574468,3.517067883826307,-7.247929735781835
2012-04-28,28.49052671963568,24.906223608326627,32.797340425531914,18.538829787234043,4.306813705896232,-6.367393821092584
2012-04-29,27.665552832850665,24.945377342145036,32.523936170212764,21.56063829787234,4.858383337362099,-3.3847390442726955
2012-04-30,27.304716219895624,24.504057820351022,33.19840425531915,20.95744680851064,5.893688035423523,-3.5466110118403833
2012-05-01,28.83777084725625,25.31328011682882,32.39202127659574,21.92659574468085,3.55425042933949,-3.386684372147972
2012-05-02,27.074414247172115,25.401116061483663,32.513297872340424,21.477659574468085,5.438883625168309,-3.923456487015578
2012-05-03,27.70076260488605,25.236521125714717,31.745212765957447,23.804787234042553,4.044450161071396,-1.4317338916721631
2012-05-04,27.198873790252776,25.48587435954562,32.74202127659574,22.013829787234044,5.543147486342967,-3.4720445723115745
2012-05-05,27.355085765203853,25.231124972154248,28.874468085106383,21.823936170212765,1.5193823199025296,-3.4071888019414835
2012-05-06,27.414970916561515,24.275945149872598,28.644148936170215,22.18617021276596,1.2291780196086997,-2.0897749371066396
2012-05-07,26.692035593178446,24.50270587361706,28.755851063829788,22.28244680851064,2.063815470651342,-2.2202590651064185
2012-05-08,25.355853567981057,23.322373456102582,27.966489361702127,21.176063829787232,2.6106357937210696,-2.1463096263153503
2012-05-09,25.88616940174751,23.850851959110003,28.775,19.175,2.88883059825249,-4.675851959110002
2012-05-10,25.677351550704202,23.615378332219564,30.757446808510636,18.90159574468085,5.080095257806434,-4.713782587538713
2012-05-11,27.16573079874263,23.970349496299605,29.689893617021276,17.431382978723402,2.524162818278647,-6.538966517576203
2012-05-12,27.775370906660726,25.481019529219623,28.971276595744683,17.818617021276598,1.1959056890839577,-7.662402507943025
2012-05-13,29.301385609267186,25.452455632286387,30.104255319148937,19.767553191489363,0.802869709881751,-5.684902440797025
2012-05-14,28.53029578475781,26.447283235563475,28.798404255319152,19.31117021276596,0.2681084705613408,-7.136113022797517
2012-05-15,27.764165243434604,25.0456243657336,28.277659574468085,19.08723404255319,0.5134943310334812,-5.95839032318041
2012-05-16,28.061706393406098,25.27096160986116,28.857446808510637,19.70425531914894,0.7957404151045395,-5.566706290712222
2012-05-17,26.501468032969512,24.148254498651056,27.554255319148936,21.21223404255319,1.0527872861794236,-2.9360204560978644
2012-05-18,25.51303086557266,24.249171060122308,27.319148936170212,19.63563829787234,1.8061180705975524,-4.613532762249967
2012-05-19,25.566983985544937,23.769924754337808,27.404255319148938,16.257978723404257,1.8372713336040007,-7.511946030933551
2012-05-20,25.011603178139183,23.886102324199953,28.18191489361702,20.392553191489363,3.170311715477837,-3.4935491327105908
2012-05-21,24.61109898269848,23.818241380163897,27.420212765957448,17.80904255319149,2.8091137832589688,-6.009198826972408
2012-05-22,25.747358976263,24.184748397316923,27.993085106382978,20.71063829787234,2.2457261301199765,-3.4741100994445837
2012-05-23,25.56172470978447,23.946358010940344,29.002659574468087,20.06808510638298,3.4409348646836158,-3.878272904557363
2012-05-24,25.55943788520085,23.48265859755952,31.84946808510638,23.002127659574466,6.29003019990553,-0.48053093798505486
2012-05-25,25.74999752481375,23.93297863914262,31.1968085106383,21.013297872340427,5.446810985824548,-2.919680766802191
2012-05-26,26.471437588178503,24.328742852899666,29.10478723404255,21.625531914893617,2.6333496458640475,-2.7032109380060483
2012-05-27,26.87664265735998,24.76951238830725,25.588297872340426,22.576063829787234,-1.2883447850195537,-2.1934485585200143
2012-05-28,27.1884220687607,25.125228088413678,29.1,22.64095744680851,1.9115779312393002,-2.4842706416051676
2012-05-29,26.41928219598526,24.09905101358879,29.476595744680854,20.72978723404255,3.0573135486955927,-3.369263779546241
2012-05-30,26.65851315561497,24.938060939085688,28.868617021276595,22.15053191489362,2.210103865661626,-2.787529024192068
2012-05-31,26.826332516521973,24.877592138808495,28.636170212765958,18.244148936170212,1.809837696243985,-6.633443202638283
2012-06-01,26.023474171431417,24.86877701047007,28.84255319148936,19.324468085106382,2.8190790200579414,-5.544308925363687
2012-06-02,25.838594589242916,24.012971461102495,28.793085106382982,20.41063829787234,2.9544905171400657,-3.6023331632301563
2012-06-03,26.52041731640304,24.582180886611752,28.995744680851065,20.156382978723403,2.475327364448024,-4.425797907888349
2012-06-04,27.191666047870115,25.137911190317084,30.755851063829788,20.30744680851064,3.564185015959673,-4.830464381806443
2012-06-05,26.90019133189776,23.84645949357696,30.518085106382976,20.28936170212766,3.6178937744852178,-3.557097791449298
2012-06-06,26.789003985049874,24.51312888294848,28.395744680851063,20.148936170212767,1.6067406958011894,-4.364192712735711
2012-06-08,26.669327244375154,24.13378109452742,28.518617021276597,20.197340425531916,1.8492897769014434,-3.9364406689955054
2012-06-09,26.262890274993197,24.231179178733214,26.162765957446812,20.61276595744681,-0.10012431754638484,-3.618413221286403
2012-06-10,25.381045766193893,24.403189525011783,28.81755319148936,19.495212765957447,3.436507425295467,-4.9079767590543355
2012-06-11,24.908841365312753,23.78070914086294,29.304255319148936,21.09468085106383,4.395413953836183,-2.6860282897991077
2012-06-12,24.95953961535605,23.1621979653969,29.723936170212767,18.13244680851064,4.764396554856717,-5.02975115688626
2012-06-13,26.175516942650006,24.044821167792918,26.902127659574465,21.152659574468085,0.7266107169244584,-2.8921615933248326
2012-06-14,26.000242815771912,24.74623672681372,29.227127659574467,21.365957446808512,3.226884843802555,-3.380279280005208
2012-06-15,24.87538031236852,23.032512561570286,33.575,19.95212765957447,8.699619687631483,-3.080384901995817
2012-06-16,24.685260513353683,22.618056236231837,26.685106382978724,17.1218085106383,1.999845869625041,-5.496247725593538
2012-06-17,25.676767159228746,24.109007202792043,30.686702127659576,17.254787234042553,5.00993496843083,-6.85421996874949
2012-06-18,26.427084973144247,24.21665082547463,29.968617021276597,25.44255319148936,3.54153204813235,1.2259023660147292
2012-06-19,27.130802455384753,24.451696740179784,30.002127659574466,22.168085106382982,2.871325204189713,-2.283611633796802
2012-06-20,27.11336773842237,24.496399841588186,29.04255319148936,21.582978723404256,1.9291854530669923,-2.91342111818393
2012-06-21,26.112512314051685,24.050823989505204,29.199468085106382,21.179255319148936,3.086955771054697,-2.871568670356268
2012-06-22,25.2294881314819,23.6052790772506,29.195744680851064,21.115957446808512,3.966256549369163,-2.489321630442088
2012-06-23,25.81537362936558,24.085863221207376,29.370212765957444,20.11223404255319,3.5548391365918626,-3.9736291786541855
2012-06-24,25.981111853667016,24.173752629885485,29.093617021276597,20.13563829787234,3.11250516760958,-4.038114332013144
2012-06-25,24.94451993762533,23.09237419865849,28.220744680851062,21.944148936170212,3.2762247432257325,-1.1482252624882783
2012-06-26,24.75426623103391,22.504043711789336,28.680851063829788,19.17659574468085,3.9265848327958786,-3.327447967108487
2012-06-27,24.29790623994461,22.508279250513624,29.018085106382976,19.267021276595745,4.720178866438367,-3.241257973917879
2012-06-28,24.86642236578308,23.19956015940204,27.56117021276596,17.46914893617021,2.694747846982878,-5.73041122323183
2012-06-29,25.934859285661332,22.591942773693745,29.205851063829787,18.29042553191489,3.2709917781684545,-4.301517241778853
2012-06-30,25.16522140541076,23.182227915150634,27.680851063829788,20.596276595744683,2.5156296584190265,-2.5859513194059502
2012-07-01,25.0234422415287,23.186642162322755,27.101595744680854,19.392021276595745,2.078153503152155,-3.79462088572701
2012-07-02,25.84918690131434,23.600853939259025,27.507446808510636,19.09521276595745,1.658259907196296,-4.505641173301576
2012-07-03,25.800416078809974,24.44749412143267,26.118617021276595,19.95531914893617,0.31820094246662123,-4.4921749724965
2012-07-04,24.896487463181643,22.177045370164137,25.4781914893617,19.626595744680852,0.5817040261800557,-2.550449625483285
2012-07-05,24.720725972129458,22.416528798792115,25.831382978723404,16.95425531914894,1.1106570065939465,-5.462273479643176
2012-07-06,24.704917947575552,22.974168461176703,27.972340425531915,19.927659574468084,3.2674224779563623,-3.0465088867086187
2012-07-07,25.69572411573978,22.74483329620557,28.195744680851064,18.125531914893617,2.500020565111285,-4.619301381311953
2012-07-08,24.67574886760235,22.729475012994726,28.795212765957448,18.002659574468087,4.119463898355097,-4.726815438526639
2012-07-09,25.773520952451747,23.912518997054576,27.954787234042552,19.25851063829787,2.181266281590805,-4.654008358756705
2012-07-10,24.02231009133442,22.331907131011633,27.19787234042553,17.025000000000002,3.1755622490911115,-5.306907131011631
2012-07-11,24.10693002648452,22.203921932625406,26.54095744680851,17.66436170212766,2.4340274203239893,-4.539560230497745
2012-07-12,26.173891240315868,22.83284646419645,25.83936170212766,17.717553191489362,-0.33452953818820674,-5.115293272707088
2012-07-13,27.202418256973885,24.427552783346982,29.09787234042553,18.33989361702128,1.895454083451643,-6.087659166325704
2012-07-14,26.56851266057771,24.29735848122573,28.789361702127657,22.840957446808513,2.220849041549947,-1.4564010344172154
2012-07-15,24.823299175763054,23.01094156085253,29.79095744680851,18.53191489361702,4.967658271045455,-4.479026667235509
2012-07-16,24.45573253137303,23.29522685082054,27.881382978723405,19.131382978723405,3.4256504473503746,-4.163843872097136
2012-07-17,24.858731962080128,23.324832553649685,26.977127659574467,19.142021276595745,2.118395697494339,-4.18281127705394
2012-07-18,25.5409665602337,24.16407118635675,26.902659574468085,19.17074468085106,1.3616930142343868,-4.993326505505689
2012-07-19,27.034482809831445,24.129741838073357,28.081382978723404,18.344680851063828,1.046900168891959,-5.78506098700953
2012-07-20,26.101508378505514,24.06923690007676,30.547340425531914,18.266489361702128,4.4458320470264,-5.802747538374632
2012-07-21,25.6781220761863,23.69337689661154,27.29255319148936,20.45212765957447,1.6144311153030628,-3.2412492370370707
2012-07-22,25.1374446177075,23.216401821737122,28.913297872340426,18.12287234042553,3.775853254632924,-5.093529481311592
2012-07-23,25.442102175688717,23.23045246404797,27.973936170212767,18.76808510638298,2.5318339945240496,-4.462367357664991
2012-07-24,25.27776267914163,23.59795673374424,27.337234042553188,18.79042553191489,2.059471363411557,-4.807531201829349
2012-07-25,25.59439692086829,23.950790574490725,27.88563829787234,19.39308510638298,2.2912413770040487,-4.557705468107745
2012-07-26,25.199561149476494,23.55655899606444,28.213297872340426,18.982446808510637,3.013736722863932,-4.574112187553801
2012-07-27,25.588949035914993,23.837749065617174,28.822340425531916,19.720744680851062,3.233391389616923,-4.117004384766112
2012-07-28,25.91734288755231,22.44226652805628,28.39521276595745,19.392021276595745,2.4778698784051407,-3.0502452514605345
2012-07-29,25.602638053513488,22.525756293161066,27.686702127659576,17.49468085106383,2.084064074146088,-5.031075442097237
2012-07-30,25.429723521695053,22.80341105418188,29.65159574468085,18.001595744680852,4.221872222985798,-4.801815309501027
2012-07-31,25.489848766119678,22.778662656864924,27.522340425531915,17.95425531914894,2.032491659412237,-4.824407337715986
2012-08-01,24.854000891067074,23.28534343209327,26.34468085106383,18.81755319148936,1.4906799599967577,-4.467790240603911
2012-08-02,25.031175960991106,23.189488626519164,24.78617021276596,18.91968085106383,-0.24500574822514665,-4.269807775455334
2012-08-03,24.809382688547316,22.834789485408805,26.393617021276597,15.442553191489361,1.584234332729281,-7.392236293919444
2012-08-04,24.94420063859809,23.44374619440117,25.726595744680854,18.32659574468085,0.7823951060827632,-5.11715044972032
2012-08-05,24.74149055716441,22.449622781614323,27.315425531914894,16.594148936170214,2.5739349747504825,-5.855473845444109
2012-08-06,26.718903244969283,22.83833642731622,28.048936170212766,18.58936170212766,1.3300329252434828,-4.24897472518856
2012-08-07,24.20846191925949,23.226199351501236,26.90053191489362,16.96595744680851,2.692069995634128,-6.260241904692727
2012-08-08,24.232161085121675,22.402198460434192,27.575531914893617,18.63776595744681,3.343370829771942,-3.7644325029873826
2012-08-09,25.000651221504484,21.994769931437418,27.414893617021278,17.013297872340427,2.414242395516794,-4.9814720590969905
2012-08-10,24.29081532635331,22.200246776069946,28.131914893617022,19.175531914893618,3.8410995672637114,-3.024714861176328
2012-08-11,24.13563550407173,22.13276379297548,27.869148936170212,18.5781914893617,3.7335134320984835,-3.5545723036137815
2012-08-12,24.406084502858903,21.942743496448145,26.954787234042552,18.698936170212768,2.548702731183649,-3.243807326235377
2012-08-13,24.89245439469323,22.741571000717784,29.42127659574468,20.516489361702128,4.528822201051447,-2.225081639015656
2012-08-14,23.618807207742464,21.99823345956787,26.33244680851064,18.127659574468087,2.7136396007681753,-3.870573885099784
2012-08-15,23.639899754956616,22.15657236207028,26.481382978723403,20.456382978723404,2.8414832237667866,-1.7001893833468742
2012-08-16,24.360359644563232,22.306833741739126,24.799999999999997,21.77872340425532,0.43964035543676516,-0.5281103374838061
2012-08-17,24.52995519912878,22.270241083141457,26.32287234042553,17.450531914893617,1.7929171412967513,-4.81970916824784
2012-08-18,23.38854211529417,22.392846959233736,27.752127659574466,16.217553191489362,4.363585544280294,-6.175293767744375
2012-08-19,25.166126828543895,21.301014578847116,28.757978723404257,17.470744680851062,3.591851894860362,-3.830269897996054
2012-08-20,24.781436103066824,21.20329125516696,23.502127659574466,14.998404255319148,-1.2793084434923578,-6.204886999847812
2012-08-21,25.207561446498858,21.498767357243707,25.64468085106383,18.5781914893617,0.4371194045649709,-2.9205758678820075
2012-08-22,23.738269102249944,21.35561644513757,25.143617021276597,18.929787234042553,1.405347919026653,-2.4258292110950173
2012-08-23,24.865113734808574,22.23647508725037,27.53617021276596,22.211170212765957,2.6710564779573858,-0.02530487448441221
2012-08-24,23.385662978639175,21.56052548204258,26.731914893617024,21.21063829787234,3.3462519149778487,-0.3498871841702389
2012-08-25,24.23200292071982,22.212828395336828,29.255851063829788,17.916489361702126,5.023848143109966,-4.296339033634702
2012-08-26,25.356180292567046,23.09978787653779,29.11010638297872,19.00212765957447,3.7539260904116745,-4.09766021696332
2012-08-27,24.36488874037775,22.79662359842581,27.628191489361704,17.4281914893617,3.2633027489839534,-5.368432109064109
2012-08-28,24.455987970594833,22.13350090344295,28.190425531914894,18.022340425531915,3.7344375613200604,-4.111160477911035
2012-08-29,26.179167594861497,23.02540184648899,28.347340425531915,19.59521276595745,2.168172830670418,-3.430189080531541
2012-08-30,26.334377861934172,22.962015544169674,27.424468085106383,17.41595744680851,1.0900902231722114,-5.546058097361165
2012-08-31,25.3556592658598,23.215295165961265,29.628191489361704,19.16436170212766,4.272532223501905,-4.050933463833605
2012-09-01,24.39938466869637,22.268594341724224,27.668617021276596,16.689893617021276,3.269232352580225,-5.578700724702948
2012-09-02,25.282255389718046,22.990267815153118,27.999468085106383,17.368617021276595,2.717212695388337,-5.621650793876523
2012-09-03,25.931958367367145,23.419545308284455,28.852127659574467,18.06755319148936,2.920169292207323,-5.3519921167950955
2012-09-04,24.849766342417297,22.51618846068169,29.332978723404256,17.045212765957448,4.483212380986959,-5.470975694724242
2012-09-06,25.119112893245244,22.890067572584883,29.102659574468085,19.21382978723404,3.9835466812228404,-3.6762377853508426
2012-09-07,24.97305487487938,22.023358332714565,27.250531914893617,18.93882978723404,2.2774770400142366,-3.0845285454805236
2012-09-08,25.626378554986275,22.89337788668604,27.93351063829787,19.77978723404255,2.307132083311597,-3.113590652643488
2012-09-09,25.899387886438433,23.85662137075815,34.45797872340426,19.749468085106383,8.558590836965827,-4.107153285651766
2012-09-10,25.73680874235788,23.617033984307398,29.293085106382982,20.251595744680852,3.556276364025102,-3.3654382396265454
2012-09-11,26.189234919927742,23.352431127942452,30.435638297872337,18.784574468085108,4.2464033779445955,-4.567856659857345
2012-09-12,28.180083661295555,23.598416870869528,29.043085106382982,19.279255319148938,0.863001445087427,-4.31916155172059
2012-09-13,28.238516125838487,23.39549788371579,27.732978723404255,18.262234042553192,-0.5055374024342321,-5.133263841162599
2012-09-14,26.653546446870223,23.498442117769343,29.40691489361702,18.583510638297874,2.753368446746798,-4.91493147947147
2012-09-15,26.32494393703132,23.98566050345289,26.725,19.857446808510637,0.40005606296868024,-4.128213694942254
2012-09-16,26.24301675701099,23.630234400138647,30.4468085106383,20.086702127659574,4.203791753627307,-3.543532272479073
2012-09-17,26.886865919160414,23.379526496868948,31.211702127659574,21.14414893617021,4.3248362084991605,-2.235377560698737
2012-09-18,26.813476399099045,24.02990767555258,29.08351063829787,22.690957446808508,2.270034239198825,-1.3389502287440713
2012-09-19,27.408913640751507,23.73358406970135,29.430319148936167,19.789893617021278,2.0214055081846602,-3.943690452680073
2012-09-20,28.091349966585028,23.663412786812273,30.429787234042553,19.26595744680851,2.3384372674575253,-4.397455340003763
2012-09-21,27.11796168411678,24.342194747654787,30.86968085106383,19.41276595744681,3.7517191669470513,-4.929428790207979
2012-09-22,28.5708861166803,23.881889557189254,33.409574468085104,19.30372340425532,4.838688351404805,-4.578166152933935
2012-09-23,26.24454864978594,24.042003663275693,33.86063829787234,20.35531914893617,7.616089648086401,-3.6866845143395217
2012-09-24,25.974164500878715,23.270651716541693,30.227127659574467,19.85372340425532,4.252963158695753,-3.416928312286373
2012-09-25,26.545303581594567,22.928691864062785,29.788297872340426,18.222872340425532,3.242994290745859,-4.705819523637253
2012-09-26,28.713016261973735,23.978373555110068,29.377659574468087,18.907978723404256,0.664643312494352,-5.070394831705812
2012-09-27,26.07948862651915,23.492655627335978,27.20212765957447,18.267021276595745,1.122639033055318,-5.225634350740233
2012-09-28,23.71648053266017,23.13650082918747,28.065957446808508,16.86648936170213,4.349476914148337,-6.2700114674853396
2012-09-29,24.19349347788426,23.00552758595086,26.084574468085105,21.602127659574467,1.8910809902008445,-1.403399926376391
2012-09-30,24.525671641791064,23.321241305908245,23.654787234042555,18.40478723404255,-0.870884407748509,-4.916454071865694
2012-10-01,24.58316601074233,22.98096458008473,25.015425531914893,20.942021276595746,0.4322595211725613,-2.038943303488985
2012-10-02,24.96947154773403,22.58616519393081,26.84840425531915,19.75212765957447,1.8789327075851183,-2.834037534356341
2012-10-03,25.152331377936264,22.540989084428645,29.593617021276597,17.581382978723404,4.441285643340333,-4.959606105705241
2012-10-04,25.475214969926583,23.42890522511823,30.751063829787235,21.52872340425532,5.275848859860652,-1.9001818208629082
2012-10-05,25.34652038315886,23.33181678671326,30.497872340425534,18.13936170212766,5.151351957266673,-5.192455084585603
2012-10-06,25.886888938392644,22.712133858072832,29.654255319148938,17.004787234042553,3.767366380756293,-5.707346624030279
2012-10-07,24.945417687681015,23.322356129798777,27.22872340425532,17.012234042553192,2.2833057165743043,-6.310122087245585
2012-10-08,24.938178015395692,22.541694512512095,28.71382978723404,17.8,3.7756517718383478,-4.741694512512094
2012-10-09,24.481110863592505,21.995061260859927,27.727659574468085,19.04042553191489,3.2465487108755795,-2.9546357289450356
2012-10-10,24.62321303928121,22.15387861686594,30.370212765957447,18.3281914893617,5.746999726676236,-3.8256871275042386
2012-10-11,26.56221900448014,23.269371550209144,27.020744680851063,21.984574468085107,0.4585256763709218,-1.2847970821240366
2012-10-12,25.90977797579268,23.724510779436173,32.50797872340426,21.180851063829788,6.598200747611578,-2.5436597156063847
2012-10-13,25.856595133783912,23.502879631692338,32.611702127659576,19.6968085106383,6.755106993875664,-3.806071121054039
2012-10-14,25.80081111853667,23.506555035766496,29.085106382978722,20.14840425531915,3.2842952644420507,-3.358150780447346
2012-10-15,26.026345139971795,23.212286329546316,28.1968085106383,21.24042553191489,2.1704633706665035,-1.9718607976314253
2012-10-16,25.97086210737359,23.730674735773903,25.882978723404257,18.78191489361702,-0.08788338396933426,-4.948759842156882
2012-10-17,26.336476077324846,23.434889482933613,27.89946808510638,18.261170212765958,1.562992007781535,-5.1737192701676555
2012-10-18,27.34048241380168,23.935479319818796,33.21755319148936,18.86542553191489,5.877070777687678,-5.070053787903905
2012-10-19,27.11847652285843,24.177237939655015,31.523404255319146,20.38031914893617,4.404927732460717,-3.796918790718845
2012-10-20,26.287061706393445,24.221136853048222,30.489893617021277,18.87659574468085,4.2028319106278325,-5.344541108367373
2012-10-21,25.78958070344794,24.547449568080026,30.893085106382976,22.58351063829787,5.103504402935037,-1.963938929782156
2012-10-22,27.70823692482861,24.185972624440012,28.53723404255319,20.201063829787234,0.8289971177245796,-3.984908794652778
2012-10-23,28.24616346130051,24.32845795896145,33.56382978723404,22.32287234042553,5.31766632593353,-2.005585618535921
2012-10-24,28.23449444320687,24.504913987277575,32.78936170212766,20.841489361702127,4.554867258920787,-3.6634246255754483
2012-10-25,27.22918764387026,24.345459765847465,34.4,21.130851063829788,7.170812356129737,-3.214608702017678
2012-10-26,26.639175267938924,24.680452464047903,31.255851063829788,22.784042553191487,4.616675795890863,-1.8964099108564163
2012-10-27,26.413274176381776,24.19634093215518,32.463297872340426,20.3,6.05002369595865,-3.89634093215518
2012-10-28,26.823429370560177,23.898940125244394,29.993617021276595,21.24787234042553,3.170187650716418,-2.6510677848188635
2012-10-29,27.92054305586504,24.358673795203117,32.5218085106383,18.382446808510636,4.601265454773262,-5.976226986692481
2012-10-30,28.113633325907813,24.27424915224873,32.706914893617025,20.342021276595744,4.593281567709212,-3.932227875652984
2012-10-31,28.720207668127046,24.21315462488559,36.19468085106383,21.70531914893617,7.474473182936784,-2.5078354759494204
2012-11-01,29.93717061458881,24.22392589292349,32.477127659574464,19.1781914893617,2.5399570449856554,-5.045734403561788
2012-11-02,29.47306626073612,25.11313804113763,36.9,22.16223404255319,7.42693373926388,-2.9509039985844403
2012-11-03,29.510854929333505,24.393929853221493,35.49627659574468,21.048936170212766,5.9854216664111775,-3.3449936830087275
2012-11-04,30.525195415955068,25.266979035172426,30.90585106382979,21.883510638297874,0.38065564787472184,-3.3834683968745516
2012-11-05,29.89169698769831,24.764028365634545,33.36010638297872,21.74468085106383,3.4684093952804105,-3.0193475145707147
2012-11-06,27.85510779436163,24.5772975916438,38.91595744680851,22.555319148936174,11.060849652446883,-2.021978442707624
2012-11-07,27.087957971337346,23.592669983416272,31.251063829787235,21.28617021276596,4.163105858449889,-2.306499770650312
2012-11-08,27.94898715378332,24.942695972871945,32.55106382978724,22.827659574468086,4.602076676003918,-2.115036398403859
2012-11-09,27.380865325115792,25.038900027227044,28.51595744680851,22.069680851063833,1.1350921216927183,-2.969219176163211
2012-11-10,26.599919061409423,24.212672211083884,27.106382978723403,21.778191489361703,0.5064639173139796,-2.4344807217221813
2012-11-11,26.85032697210471,23.75800029702242,27.60372340425532,21.095744680851062,0.753396432150609,-2.6622556161713575
2012-11-12,27.377250315586252,24.474898146085536,25.804787234042553,20.025000000000002,-1.5724630815436988,-4.449898146085534
2012-11-13,28.216314200143586,24.202453157100138,29.44787234042553,19.777127659574468,1.231558140281944,-4.4253254975256695
2012-11-14,28.39621841043538,24.363951139823314,30.750531914893617,20.988829787234042,2.3543135044582364,-3.3751213525892716
2012-11-15,28.223272196232813,25.077445112744783,30.111702127659573,22.60478723404255,1.88842993142676,-2.4726578787022326
2012-11-16,28.988737407489964,24.944991955644696,32.54840425531915,21.909042553191487,3.5596668478291846,-3.035949402453209
2012-11-17,29.077657236207074,24.880958144600356,32.47393617021277,20.360638297872338,3.396278934005693,-4.520319846728018
2012-11-18,27.969720798990124,24.855752332863062,33.3154255319149,22.32712765957447,5.345704732924773,-2.5286246732885935
2012-11-19,27.777447835449664,24.27881042548455,30.084574468085105,19.945744680851064,2.307126632635441,-4.333065744633487
2012-11-20,28.259556199103997,24.879675750600313,28.42127659574468,21.647872340425533,0.16172039664068194,-3.2318034101747806
2012-11-21,28.99871513081365,24.751089824509336,32.2813829787234,21.420212765957448,3.2826678479097495,-3.330877058551888
2012-11-22,29.084598648548308,25.495478577263043,32.762234042553196,21.43351063829787,3.677635394004888,-4.0619679389651715
2012-11-23,28.694287022598473,25.643790500235184,32.36648936170213,22.33776595744681,3.672202339103656,-3.306024542788375
2012-11-24,28.98568352268512,25.47210440335641,30.588297872340426,21.402127659574468,1.6026143496553047,-4.069976743781943
2012-11-25,29.33683547436948,25.122274943689547,32.621808510638296,21.613829787234042,3.2849730362688163,-3.5084451564555046
2012-11-26,29.224014257072895,25.49750402217768,30.43723404255319,22.623404255319148,1.2132197854802946,-2.8740997668585315
2012-11-27,28.055256305537,24.350545283532654,29.090425531914892,22.38936170212766,1.0351692263778922,-1.9611835814049954
2012-11-28,28.82500037127795,25.139046310734898,33.04414893617022,21.586702127659574,4.219148564892265,-3.5523441830753235
2012-11-29,28.753494467958717,25.51355486250344,32.83670212765958,23.174468085106383,4.083207659700861,-2.339086777397057
2012-11-30,27.991839063389534,24.437396351575444,29.85531914893617,21.799999999999997,1.8634800855466374,-2.637396351575447
2012-12-01,27.545862973688827,24.60525457290663,28.501595744680852,23.017021276595745,0.9557327709920251,-1.5882332963108858
2012-12-02,27.80720229697289,24.623945941932163,26.189893617021276,21.544148936170213,-1.6173086799516128,-3.07979700576195
2012-12-03,28.42604415732285,24.348045592930873,27.83404255319149,22.695744680851064,-0.592001604131358,-1.6523009120798093
2012-12-05,26.81652384841965,23.817832974431383,31.803723404255322,21.826595744680848,4.987199555835673,-1.991237229750535
2012-12-06,27.125729561149512,23.73432217024333,30.877659574468087,20.597872340425532,3.7519300133185745,-3.136449829817799
2012-12-07,28.35324026633009,24.31888641370267,31.070744680851064,20.7468085106383,2.717504414520974,-3.572077903064372
2012-12-08,28.66482092027428,24.362416029306246,29.69148936170213,22.78031914893617,1.026668441427848,-1.5820968803700772
2012-12-09,29.08102918244606,25.46336699586641,34.814893617021276,23.86968085106383,5.733864434575217,-1.5936861448025788
2012-12-10,29.484788000297044,25.282078166382064,28.709574468085105,22.932978723404254,-0.7752135322119393,-2.34909944297781
2012-12-11,29.221019776738217,25.464861760847555,30.781382978723403,21.751595744680852,1.5603632019851865,-3.7132660161667026
2012-12-12,29.482299695552115,25.540973243236635,27.912765957446805,20.32127659574468,-1.56953373810531,-5.219696647491954
2012-12-13,29.038390138858006,25.57698695576846,28.913829787234043,22.289893617021278,-0.12456035162396262,-3.2870933387471837
2012-12-14,28.82860300487613,25.313023687532507,30.398404255319146,22.08351063829787,1.5698012504430174,-3.2295130492346367
2012-12-15,28.326719635652637,25.602741268780562,27.05691489361702,22.619148936170212,-1.2698047420356176,-2.9835923326103497
2012-12-16,28.45536496621378,25.383058835177337,31.193617021276594,21.144680851063832,2.7382520550628158,-4.238377984113505
2012-12-17,29.07349026014208,25.28094898641126,33.429255319148936,24.13936170212766,4.355765059006856,-1.1415872842836023
2012-12-18,29.47087052300691,24.942080889086924,37.86382978723404,23.78244680851064,8.39295926422713,-1.1596340805762821
2012-12-19,28.989268582460852,25.144539986634015,36.94468085106383,24.45212765957447,7.955412268602977,-0.6924123270595466
2012-12-20,28.728999282196014,25.270652706616147,31.69840425531915,26.35,2.9694049731231367,1.0793472933838544
2012-12-21,28.764394940719285,25.343990247766214,33.44787234042553,23.652659574468085,4.683477399706248,-1.691330673298129
2012-12-22,29.10198460434151,25.32226182520236,30.73563829787234,22.252659574468087,1.6336536935308317,-3.069602250734274
2012-12-23,28.833443479121854,25.697784460780667,30.15212765957447,24.19840425531915,1.3186841804526175,-1.4993802054615166
2012-12-24,28.47987079527735,25.68936981757878,28.976063829787233,22.740957446808512,0.49619303450988284,-2.948412370770267
2012-12-25,29.27437687185966,25.5897252543254,30.50531914893617,23.0468085106383,1.2309422770765117,-2.542916743687101
2012-12-26,29.148592856612538,25.926273854607587,33.4404255319149,24.154255319148938,4.291832675302359,-1.772018535458649
2012-12-27,29.670698002524716,25.968875770401723,31.564893617021276,22.30212765957447,1.8941956144965602,-3.6667481108272533
2012-12-28,29.315689463132117,25.416946115195117,31.630851063829788,22.97446808510638,2.315161600697671,-2.4424780300887363
2012-12-29,28.863629118091183,25.204129600752537,31.085638297872343,24.44840425531915,2.2220091797811605,-0.7557253454333868
2012-12-30,27.994121927675053,25.435585752827933,30.73031914893617,23.315957446808508,2.7361972212611185,-2.1196283060194254
2013-01-01,27.94411524467222,24.1983297443133,31.590425531914892,22.923936170212766,3.646310287242674,-1.2743935741005323
2013-01-02,28.16151951684367,25.942127917625783,33.93404255319149,21.47553191489362,5.77252303634782,-4.466596002732164
2013-01-03,28.0452501175713,25.824049899754982,33.6,21.351063829787233,5.554749882428702,-4.4729860699677495
2013-01-04,28.27823667731002,25.446167916635773,33.90053191489362,23.18244680851064,5.6222952375836,-2.2637211081251323
2013-01-05,28.69504987500312,25.54278681220768,30.430319148936167,23.71968085106383,1.7352692739330458,-1.823105961143849
2013-01-06,29.07592609093831,25.314401128685006,29.504255319148935,22.72978723404255,0.42832922821062525,-2.5846138946424553
2013-01-07,29.175398381228206,25.248850275983273,28.367021276595743,23.227659574468085,-0.8083771046324628,-2.021190701515188
2013-01-08,29.01470532907598,25.62659538130248,27.742021276595743,24.2968085106383,-1.272684052480237,-1.3297868706641793
2013-01-09,28.70550184401384,24.67791564565232,31.750531914893617,22.508510638297874,3.045030070879779,-2.1694050073544453
2013-01-10,29.041603178139212,25.40370312616028,29.66595744680851,22.89521276595745,0.6243542686692969,-2.5084903602028312
2013-01-11,29.21127719610905,25.27258953986285,33.63989361702128,21.897872340425533,4.428616420912228,-3.374717199437317
2013-01-12,29.384954332813606,25.112326922600914,30.202659574468083,22.2031914893617,0.8177052416544761,-2.9091354332392143
2013-01-13,27.19028266627072,25.714043959308015,34.18829787234043,22.198936170212765,6.998015206069709,-3.51510778909525
2013-01-14,27.890375238236686,24.983369471052754,28.70212765957447,21.809042553191492,0.8117524213377827,-3.1743269178612614
2013-01-15,27.514679092101744,24.367034479344625,28.699468085106382,22.495744680851065,1.1847889930046378,-1.8712897984935601
2013-01-16,28.69837479270319,25.08630726962201,26.76489361702128,23.090425531914892,-1.9334811756819121,-1.9958817377071192
2013-01-17,28.81663770698748,25.38893245216707,29.202659574468083,22.14148936170213,0.3860218674806042,-3.2474430904649374
2013-01-18,29.964033563525675,25.38064701368785,31.84787234042553,24.8281914893617,1.8838387768998537,-0.5524555243261489
2013-01-19,27.064199648523527,25.036345387490428,28.310638297872337,20.676595744680853,1.2464386493488107,-4.359749642809575
2013-01-20,30.692193015024372,25.702980619291623,32.11489361702128,23.148936170212767,1.4227006019969082,-2.554044449078855
2013-01-21,30.655824855820413,25.782786317170405,32.11595744680851,23.361702127659573,1.4601325909880956,-2.4210841895108324
2013-01-22,28.179333927378025,26.009157941635124,32.25212765957447,22.638829787234044,4.072793732196445,-3.3703281544010792
2013-01-23,27.156752803148493,25.353189277493186,28.08457446808511,21.203723404255317,0.9278216649366158,-4.149465873237869
2013-01-24,28.799302740031237,24.881024232073514,28.170212765957448,23.376595744680852,-0.6290899740737892,-1.504428487392662
2013-01-25,30.08777753025913,25.505431053686777,28.944148936170212,21.10212765957447,-1.14362859408892,-4.4033033941123065
2013-01-26,30.285319175268,25.55830821019282,29.630851063829788,23.341489361702127,-0.6544681114382129,-2.2168188484906928
2013-01-27,30.395597881240576,25.93588153758577,29.098936170212767,22.604255319148937,-1.2966617110278094,-3.331626218436835
2013-01-28,29.443728125541497,26.041329422539036,31.55212765957447,21.5468085106383,2.108399534032973,-4.494520911900736
2013-01-29,29.62469245810746,25.886676319893127,30.800000000000004,22.743617021276595,1.1753075418925434,-3.1430592986165315
2013-01-30,29.059532684834608,25.47806044404848,29.5,22.948936170212765,0.4404673151653924,-2.5291242738357163
2013-01-31,30.355565208781968,25.52255191703182,28.86755319148936,22.835106382978722,-1.4880120172926077,-2.687445534053097
2013-02-01,30.12001336600582,26.12313927873072,28.776063829787233,21.73617021276596,-1.343949536218588,-4.3869690659647596
2013-02-02,29.978563896933224,26.686684488007756,28.90531914893617,23.34308510638298,-1.0732447479970553,-3.3435993816247773
2013-02-03,29.687940645033564,25.741467537932294,28.263297872340427,22.304787234042553,-1.4246427726931365,-3.436680303889741
2013-02-04,29.210670775475876,26.24198410930427,30.300000000000004,22.878723404255318,1.0893292245241284,-3.363260705048951
2013-02-05,29.776034256577816,26.06778866859736,31.007446808510636,21.629255319148935,1.23141255193282,-4.438533349448424
2013-02-06,28.450435880300063,25.961964555332827,30.73936170212766,22.65691489361702,2.288925821827597,-3.305049661715806
2013-02-07,28.654995420905493,25.101464567708717,29.03191489361702,22.48936170212766,0.3769194727115277,-2.6121028655810576
2013-02-08,27.1021680156432,24.769527239424804,30.192021276595742,23.920744680851065,3.089853260952541,-0.8487825585737383
2013-02-09,28.50916016930279,25.929785896388694,30.624468085106383,22.590425531914892,2.1153079158035943,-3.3393603644738015
2013-02-10,28.542433108091473,25.621486596866475,29.82287234042553,23.572340425531916,1.2804392323340572,-2.0491461713345593
2013-02-11,27.993035073389308,25.998713150664628,29.489893617021277,23.863829787234042,1.4968585436319692,-2.1348833634305855
2013-02-12,28.5211863567734,25.27748545828075,29.720744680851062,23.813297872340424,1.199558324077664,-1.4641875859403264
2013-02-13,29.10197569367091,26.054284547412237,30.278191489361703,21.936702127659576,1.1762157956907942,-4.117582419752662
2013-02-14,29.084580827207276,26.217484220687652,31.03031914893617,22.329787234042552,1.9457383217288928,-3.8876969866451
2013-02-15,28.248832949679468,25.80143956832751,29.101063829787233,23.63457446808511,0.8522308801077649,-2.1668651002424006
2013-02-16,29.34800227717136,25.94091284869188,33.62712765957447,22.79627659574468,4.279125382403109,-3.144636252947201
2013-02-17,29.06698076780276,25.84535184772659,32.94734042553191,24.043085106382982,3.8803596577291515,-1.8022667413436082
2013-02-18,28.87148610182919,25.76769683918718,31.704787234042552,25.40585106382979,2.8333011322133608,-0.3618457753573914
2013-02-19,28.56330536372866,25.731938318358516,32.80531914893617,23.22872340425532,4.2420137852075115,-2.5032149141031965
2013-02-20,27.536246380040097,24.792533353134843,31.862765957446808,24.313297872340424,4.32651957740671,-0.4792354807944186
2013-02-21,27.07435211999706,24.576120145540983,33.7,24.394148936170215,6.625647880002944,-0.1819712093707686
2013-02-22,27.490775970891775,24.687251058142124,33.10212765957447,20.10053191489362,5.611351688682696,-4.586719143248505
2013-02-23,27.931977921338614,24.87296304546919,33.78351063829787,23.747340425531913,5.851532716959255,-1.1256226199372783
2013-02-24,27.53019207445368,24.94889854211533,32.94255319148936,23.49468085106383,5.41236111703568,-1.4542176910515003
2013-02-25,27.798593351649686,24.523857082745508,32.515957446808514,22.287765957446812,4.717364095158828,-2.236091125298696
2013-02-26,28.69722952402168,25.910913096210493,33.89946808510638,22.693617021276594,5.202238561084698,-3.2172960749338984
2013-02-27,29.11933986782509,25.627902279646605,35.59468085106383,22.153191489361703,6.475340983238738,-3.4747107902849024
2013-02-28,30.237547585455786,26.100886364198914,33.398936170212764,21.285638297872342,3.1613885847569776,-4.815248066326571
2013-03-01,29.86813346204309,26.332694982797477,34.08244680851064,24.943617021276594,4.214313346467549,-1.3890779615208828
2013-03-02,28.958525779064928,26.149539367837463,30.286702127659574,22.84308510638298,1.3281763485946456,-3.3064542614544834
2013-03-03,28.954733546199407,26.357000569292836,32.39627659574468,24.756914893617022,3.441543049545274,-1.600085675675814
2013-03-05,29.426617410460096,26.55459790599241,32.327127659574465,23.58404255319149,2.900510249114369,-2.9705553528009183
2013-03-06,29.91289275017948,26.22474715972379,33.5,20.58031914893617,3.5871072498205194,-5.644428010787621
2013-03-07,29.416689190861575,26.034488750278456,29.800000000000004,22.017021276595745,0.38331080913842897,-4.017467473682711
2013-03-08,29.219273285314785,26.438489146308314,30.321276595744678,21.65478723404255,1.1020033104298932,-4.783701912265762
2013-03-09,29.40597262444004,25.8091938318359,29.654255319148938,23.11542553191489,0.24828269470889808,-2.6937682999210075
2013-03-10,30.728542362812902,26.743766985965692,31.491489361702126,23.194148936170212,0.7629469988892232,-3.5496180497954803
2013-03-11,31.211759362392,27.061152941758905,33.58457446808511,23.418617021276596,2.372815105693107,-3.6425359204823096
2013-03-12,30.793520457414388,26.65152966510732,33.9718085106383,22.960638297872343,3.178288053223909,-3.6908913672349755
2013-03-13,30.62858369842337,26.91119180218317,34.35851063829787,22.169680851063827,3.7299269398745025,-4.741510951119341
2013-03-14,30.043232345734054,26.306247617633232,34.17765957446809,22.21755319148936,4.134427228734033,-4.088694426143874
2013-03-15,28.376430038860462,25.957673819955005,33.362765957446804,23.753191489361704,4.986335918586342,-2.204482330593301
2013-03-16,26.858306477562508,24.532221232147776,32.994680851063826,23.876063829787235,6.136374373501319,-0.6561574023605417
2013-03-17,27.965027350808214,25.37367441399971,31.22446808510638,24.399468085106385,3.259440734298167,-0.9742063288933238
2013-03-18,27.624004603846515,25.056304546917147,33.195744680851064,24.23936170212766,5.571740077004549,-0.8169428447894873
2013-03-19,28.255489468082487,25.064041731640316,28.93351063829787,21.879255319148935,0.6780211702153842,-3.1847864124913805
2013-03-20,27.610277715898178,24.73693571941294,30.695212765957447,21.233510638297872,3.0849350500592685,-3.5034250811150685
2013-03-21,28.88602237568375,26.087772332368047,29.988829787234042,23.11968085106383,1.102807411550291,-2.968091481304217
2013-03-22,28.610263607336492,25.91430979431209,30.608510638297876,23.58404255319149,1.9982470309613838,-2.3302672411205982
2013-03-23,27.95344001386104,25.894365238484284,30.575000000000003,22.1,2.621559986138962,-3.794365238484282
2013-03-24,28.440823741986605,25.13960075245666,30.507446808510636,22.78244680851064,2.0666230665240306,-2.3571539439460167
2013-03-25,29.400605678077284,26.131744263755877,30.716489361702127,21.009042553191488,1.3158836836248433,-5.122701710564389
2013-03-26,28.988513403133652,26.053408331476987,30.504787234042553,22.121276595744682,1.5162738309089008,-3.9321317357323053
2013-03-27,29.81105022152923,26.411898715378356,30.99042553191489,22.63936170212766,1.1793753103856623,-3.772537013250698
2013-03-28,30.689963614762064,26.217732481869348,30.36010638297872,22.852127659574467,-0.32985723178334325,-3.3656048222948804
2013-03-29,29.496755030816132,26.7065359768323,30.35851063829787,22.96968085106383,0.8617556074817365,-3.736855125768468
2013-03-30,27.251832380386645,25.10048959184178,28.714893617021275,23.23404255319149,1.4630612366346298,-1.8664470386502892
2013-03-31,28.842302170738378,25.27955050617561,30.895744680851063,20.739893617021277,2.053442510112685,-4.539656889154333
2013-04-01,27.640350238855547,25.214185292443346,30.700531914893617,21.07872340425532,3.06018167603807,-4.135461888188026
2013-04-02,28.60549367589914,25.28145689463139,31.1,24.76436170212766,2.494506324100861,-0.5170951925037315
2013-04-03,28.339363134575876,25.73415410509648,33.0968085106383,22.626595744680852,4.757445376062421,-3.107558360415627
2013-04-04,28.09112521967279,26.684131085864237,31.92287234042553,22.809574468085106,3.831747120752741,-3.874556617779131
2013-04-05,29.42017771837334,25.686043662285613,29.618085106382978,23.5781914893617,0.19790738800963936,-2.107852172923913
2013-04-06,31.881999950496265,26.49340387614177,31.876595744680852,23.638829787234044,-0.005404205815413121,-2.854574088907725
2013-04-07,30.565013242246494,26.580648498799576,33.49148936170213,23.070212765957447,2.9264761194556357,-3.5104357328421294
2013-04-08,29.53248013663034,26.440024256825325,34.0,22.00531914893617,4.46751986336966,-4.434705107889155
2013-04-09,28.876294398653556,26.261915299126315,31.37287234042553,23.448936170212765,2.4965779417719745,-2.8129791289135504
2013-04-10,29.914144946907243,26.4837719363382,29.788829787234043,22.200531914893617,-0.12531515967319962,-4.283240021444584
2013-04-11,28.876133759065397,25.965706789435956,29.08457446808511,24.456382978723404,0.2084407090197118,-1.5093238107125515
2013-04-12,28.957092893740253,26.12461424222181,27.92127659574468,22.898404255319146,-1.0358162979955736,-3.2262099869026635
2013-04-13,29.233325412737315,26.27989851736345,28.658510638297873,22.798936170212766,-0.5748147744394423,-3.480962347150683
2013-04-14,31.561519764362288,26.33959357441654,28.96436170212766,22.7031914893617,-2.5971580622346266,-3.63640208505484
2013-04-15,28.597708720081187,26.62881661345017,32.7,22.326595744680848,4.102291279918816,-4.3022208687693215
2013-04-16,28.054432563550392,25.366623103388577,32.67446808510638,22.502659574468087,4.620035521555991,-2.8639635289204897
2013-04-17,28.28777604514744,25.45839558426769,34.6,22.04627659574468,6.312223954852563,-3.4121189885230123
2013-04-18,27.313701146011283,25.223588277517933,32.44734042553191,21.851595744680854,5.133639279520629,-3.37199253283708
2013-04-19,27.031981386599398,25.102178163906842,29.761702127659575,21.40372340425532,2.729720741060177,-3.698454759651522
2013-04-20,26.555711987327015,24.96332145243929,28.831914893617018,21.940425531914894,2.2762029062900027,-3.0228959205243946
2013-04-21,26.777949308185498,25.173003143486596,27.963297872340423,19.795212765957448,1.1853485641549248,-5.3777903775291485
2013-04-22,27.019638622806383,25.58367218633208,27.413297872340426,20.342553191489362,0.39365924953404274,-5.241118994842719
2013-04-23,27.381495755055596,24.921778421326223,26.81276595744681,21.618617021276595,-0.5687297976087855,-3.3031614000496283
2013-04-24,25.560042820722288,24.662999678225788,26.209574468085105,21.41595744680851,0.6495316473628172,-3.2470422314172787
2013-04-25,25.23986163708821,24.17776465929063,27.048404255319152,21.14414893617021,1.8085426182309412,-3.0336157231204197
2013-04-26,26.93659191604172,24.29365213732342,26.21755319148936,22.731914893617024,-0.7190387245523624,-1.5617372437063963
2013-04-27,26.310879433677485,24.12884111779414,26.736170212765956,23.27659574468085,0.42529077908847057,-0.8522453731132877
2013-04-28,25.66255637236702,23.992347961684118,28.629787234042556,20.370744680851065,2.967230861675535,-3.621603280833053
2013-04-29,25.69662656864938,23.704196678300093,27.93191489361702,24.010106382978723,2.235288324967641,0.3059097046786299
2013-04-30,26.9622009356205,25.25989208187923,29.002659574468087,22.238297872340425,2.0404586388475856,-3.0215942095388044
2013-05-01,27.432121977178838,25.424375139229255,30.520744680851063,21.4,3.0886227036722254,-4.024375139229257
2013-05-02,26.342724437513937,24.746721368283033,23.701595744680848,22.65053191489362,-2.641128692833089,-2.096189453389414
2013-05-03,25.720659884656357,24.27024677606994,25.40053191489362,22.523404255319146,-0.32012796976273705,-1.7468425207507927
2013-05-04,26.632394742704435,24.16819509418093,22.313297872340424,19.831382978723404,-4.31909687036401,-4.336812115457526
2013-05-05,26.720710378456033,24.505882280141634,23.5,20.697340425531916,-3.220710378456033,-3.808541854609718
2013-05-06,28.49153313036811,24.75680849483922,29.699999999999996,20.41808510638298,1.2084668696318843,-4.338723388456241
2013-05-07,27.911783124180147,25.470504937996623,27.298936170212766,22.624468085106383,-0.6128469539673809,-2.84603685289024
2013-05-08,28.525592930868072,26.208141877676326,23.6,23.738297872340425,-4.925592930868071,-2.4698440053359008
2013-05-09,26.73486671121998,24.70545184525139,25.555319148936174,22.133510638297874,-1.1795475622838048,-2.5719412069535146
2013-05-10,26.41521026707261,24.467035716937687,23.9,20.41223404255319,-2.515210267072611,-4.054801674384496
2013-05-11,26.024526868146836,24.18852429395315,30.300000000000004,21.49787234042553,4.275473131853168,-2.6906519535276203
2013-05-12,25.41582733100671,23.849081953417,27.001595744680852,21.357978723404255,1.585768413674142,-2.491103230012744
2013-05-13,26.849920794039747,24.33921561347489,25.597872340425535,20.913829787234043,-1.2520484536142114,-3.4253858262408485
2013-05-14,27.10008762159356,25.15061137100571,26.745744680851065,23.377659574468087,-0.3543429407424945,-1.7729517965376225
2013-05-15,26.087854508551743,24.653328877998092,27.199999999999996,22.772872340425533,1.1121454914482527,-1.8804565375725595
2013-05-16,25.98103561793033,24.196177569862186,30.800000000000004,23.8968085106383,4.818964382069673,-0.2993690592238849
2013-05-17,25.892066037969414,24.314198905967714,30.881914893617022,22.97446808510638,4.989848855647608,-1.3397308208613339
2013-05-18,26.263310314101204,24.89592510086385,23.455851063829787,22.120212765957447,-2.8074592502714175,-2.7757123349064017
2013-05-19,25.157893368976033,23.65331254176874,21.716489361702127,23.634042553191488,-3.4414040072739063,-0.019269988577253372
2013-05-20,25.486618400534667,23.721544516224924,23.793617021276596,22.81808510638298,-1.693001379258071,-0.9034594098419433
2013-05-21,27.072079403975124,25.050265835004154,30.059574468085106,21.27872340425532,2.9874950641099822,-3.771542430748834
2013-05-22,27.990704438009004,24.27001707878526,26.300000000000004,23.373936170212765,-1.690704438009,-0.8960809085724932
2013-05-23,28.51983614266976,25.001982129155238,25.201595744680848,21.010106382978723,-3.3182403979889123,-3.9918757461765146
2013-05-24,28.330869037895127,25.11748446820627,24.001595744680852,24.72287234042553,-4.329273293214275,-0.39461212778074284
2013-05-25,27.062070493304645,24.823052152174455,22.46808510638298,25.5531914893617,-4.593985386921666,0.7301393371872464
2013-05-26,26.16424543946937,24.185830796267453,24.97340425531915,22.534042553191487,-1.1908411841502193,-1.6517882430759663
2013-05-27,25.834562510829016,23.620152223954847,22.705319148936166,22.270744680851063,-3.1292433618928506,-1.3494075431037835
2013-05-28,26.520661122249464,24.787526051335362,17.557978723404254,21.66063829787234,-8.96268239884521,-3.1268877534630235
2013-05-29,27.333547436944684,25.160712358604997,21.930319148936167,23.055319148936167,-5.403228288008517,-2.1053932096688293
2013-05-30,29.045916932749208,24.96652434345691,50.28776595744681,24.81276595744681,21.2418490246976,-0.15375838601010017
2013-05-31,27.39982822207378,25.146338704487505,21.604255319148937,23.868085106382978,-5.795572902924842,-1.278253598104527
2013-06-01,25.636251825449847,24.237386450830456,26.91063829787234,22.38989361702128,1.274386472422492,-1.8474928338091772
2013-06-03,25.85049775995651,23.712057869854732,28.976063829787233,19.60053191489362,3.1255660698307217,-4.111525954961113
2013-06-04,26.684651370015615,24.360048266132083,30.0781914893617,21.022340425531915,3.393540119346085,-3.3377078406001672
2013-06-05,26.10366525581054,24.2506881017797,34.49148936170213,19.501595744680852,8.387824105891589,-4.749092357098849
2013-06-06,25.807818370832422,24.298504739981695,30.6,20.29095744680851,4.79218162916758,-4.007547293173186
2013-06-07,26.647550060642118,23.725109526991957,28.963297872340423,20.911702127659574,2.315747811698305,-2.813407399332384
2013-06-08,26.735571891784957,24.469539367837513,27.721276595744683,21.626595744680852,0.9857047039597262,-2.8429436231566605
2013-06-09,25.840835622880718,24.335774114502158,19.02872340425532,21.879255319148935,-6.812112218625398,-2.4565187953532224
2013-06-10,26.088103264770666,24.297641147496336,26.245744680851065,22.231382978723403,0.1576414160803985,-2.066258168772933
2013-06-11,25.173031608128554,23.498390386376627,28.800000000000004,20.606382978723403,3.6269683918714506,-2.8920074076532245
2013-06-12,25.790811118536737,23.33164995915945,28.548936170212766,20.17659574468085,2.7581250516760285,-3.1550542144786
2013-06-13,26.07653572931366,24.113788025048905,28.962234042553188,18.738829787234042,2.8856983132395264,-5.374958237814862
2013-06-14,25.262489047300846,23.334786267666686,28.45851063829787,20.038829787234043,3.1960215909970238,-3.2959564804326433
2013-06-15,25.206349842825716,23.35373010569043,24.324468085106382,19.68351063829787,-0.8818817577193343,-3.6702194673925597
2013-06-16,25.29482636568406,23.263702383604368,29.658510638297873,21.41808510638298,4.363684272613813,-1.8456172772213897
2013-06-17,25.43969951238836,23.60667235959511,25.76648936170213,22.76968085106383,0.32678984931377286,-0.8369915085312805
2013-06-18,25.93144674636767,23.770994034801163,29.414361702127657,21.526063829787233,3.4829149557599877,-2.2449302050139295
2013-06-19,25.18500160887112,23.56655231306155,30.300000000000004,18.84468085106383,5.114998391128886,-4.7218714619977185
2013-06-20,25.94011385856794,23.631251949209172,29.800000000000004,19.702659574468086,3.8598861414320638,-3.9285923747410862
2013-06-21,26.020438107967664,23.300928689884017,30.778723404255317,18.91595744680851,4.758285296287653,-4.384971243075508
2013-06-22,27.316743149922047,25.01872849681945,31.711170212765957,22.51063829787234,4.39442706284391,-2.5080901989471087
2013-06-23,26.722642756367406,24.768360436622856,30.376063829787235,24.14521276595745,3.6534210734198282,-0.6231476706654071
2013-06-24,26.287303284572147,24.643336303556907,27.991489361702126,22.472340425531915,1.7041860771299788,-2.1709958780249927
2013-06-25,26.89015247147347,25.148774287765207,31.19787234042553,24.460638297872343,4.307719868952059,-0.6881359898928636
2013-06-26,26.438909680453435,24.396491670998273,30.178723404255322,20.45531914893617,3.7398137238018876,-3.9411725220621037
2013-06-27,25.542434345684512,23.743014776862026,28.61436170212766,20.954787234042552,3.0719273564431475,-2.788227542819474
2013-06-28,25.73846711715055,23.54578203509817,30.5,19.68563829787234,4.761532882849451,-3.8601437372258296
2013-06-29,26.57147842875179,24.410380931165093,28.152659574468085,23.329787234042552,1.5811811457162968,-1.0805936971225414
2013-06-30,26.858214400633642,24.75764436523849,27.137234042553192,23.675531914893618,0.2790196419195503,-1.082112450344873
2013-07-01,25.865703571693814,23.22252023464773,28.786702127659577,20.988297872340425,2.920998555965763,-2.2342223623073068
2013-07-02,25.646707259721325,24.233720947501297,27.9,21.294148936170213,2.253292740278674,-2.9395720113310837
2013-07-03,26.243570456176826,23.669659414370983,18.7,17.547340425531914,-7.543570456176827,-6.122318988839069
2013-07-04,26.789679215861042,23.315024628103345,21.3,20.302659574468084,-5.489679215861042,-3.0123650536352606
2013-07-05,24.812546719140585,22.632241281156382,25.712234042553188,20.225,0.8996873234126035,-2.407241281156381
2013-07-06,25.194409791836847,23.812050691814648,26.56808510638298,21.148936170212767,1.3736753145461336,-2.66311452160188
2013-07-07,24.786436226826083,22.978418851018546,21.9,19.98191489361702,-2.886436226826085,-2.9965039574015258
2013-07-08,25.976864434048707,23.250329694809523,28.189361702127663,17.738297872340425,2.2124972680789554,-5.512031822469098
2013-07-09,25.74642682111829,24.55645875102107,27.89095744680851,20.917021276595744,2.1445306256902192,-3.639437474425325
2013-07-10,25.976689190861634,24.491643276156594,25.28031914893617,21.260106382978723,-0.6963700419254657,-3.2315368931778714
2013-07-11,24.660524491968033,22.48851810598751,25.598936170212767,19.352127659574467,0.9384116782447336,-3.136390446413042
2013-07-12,26.709416351080392,23.875559515853638,33.9,20.71968085106383,7.190583648919606,-3.1558786647898067
2013-07-13,25.917967129526517,23.921920992054652,20.056382978723406,20.80212765957447,-5.861584150803111,-3.1197933324801816
2013-07-14,25.603887527536415,23.613410311625955,33.490425531914894,22.496808510638296,7.88653800437848,-1.1166018009876595
2013-07-15,25.68494740229204,22.814560530679955,26.788829787234043,17.94468085106383,1.103882384942004,-4.869879679616126
2013-07-16,27.774372416524386,23.473229375510527,30.199999999999996,20.69148936170213,2.4256275834756096,-2.781740013808399
2013-07-17,25.97292047226557,24.005981040073323,26.4,22.576595744680848,0.4270795277344277,-1.4293852953924748
2013-07-18,26.64617905497397,24.64902131135375,27.700531914893617,21.306382978723402,1.0543528599196463,-3.3426383326303473
2013-07-19,25.226426573599724,23.297194623895507,27.207978723404253,20.981382978723403,1.9815521498045285,-2.3158116451721042
2013-07-20,26.041147496349083,23.06305041954414,32.7,18.564893617021276,6.65885250365092,-4.498156802522864
2013-07-21,27.38662731120519,24.408746070641826,34.611702127659576,20.78085106382979,7.225074816454388,-3.627895006812036
2013-07-22,26.277629514120974,24.47232816019408,37.60957446808511,19.182978723404254,11.331944953964133,-5.289349436789827
2013-07-23,26.132338803494974,23.08249597782236,36.26382978723404,19.728191489361702,10.131490983739063,-3.3543044884606594
2013-07-24,26.572107621098553,22.930128957204147,26.173936170212766,21.58776595744681,-0.398171450885787,-1.3423629997573379
2013-07-25,25.284603103883626,24.29859706442909,15.334042553191491,21.83244680851064,-9.950560550692135,-2.46615025591845
2013-07-26,24.6115809014629,23.778826761713844,19.103191489361702,18.71436170212766,-5.508389412101199,-5.064465059586183
2013-07-27,24.62189500259899,23.63509467587437,20.577659574468086,18.786702127659574,-4.044235428130904,-4.848392548214797
2013-07-28,25.930013366005824,23.61279374272914,25.76595744680851,17.19255319148936,-0.16405591919731322,-6.420240551239779
2013-07-29,25.27959258434197,24.15262493502638,23.757446808510636,22.04255319148936,-1.5221457758313335,-2.11007174353702
2013-07-30,24.463095467933954,23.079330957154582,28.876063829787235,20.75957446808511,4.412968361853281,-2.319756489069473
2013-07-31,24.897767134476908,22.553841489072113,27.83244680851064,17.34840425531915,2.934679674033731,-5.2054372337529635
2013-08-01,26.011427439914883,23.52945174624392,27.56755319148936,19.35691489361702,1.556125751574477,-4.1725368526269015
2013-08-02,26.1779797529764,23.47699735155072,28.0,20.78510638297872,1.8220202470236018,-2.6918909685720003
2013-08-03,25.143873171456164,22.880004455335325,22.267021276595745,19.245744680851065,-2.876851894860419,-3.63425977448426
2013-08-04,26.149915596148674,22.937807727531492,30.800000000000004,20.054787234042553,4.650084403851331,-2.8830204934889387
2013-08-05,25.138338902502426,23.177659463874647,27.509042553191488,21.08776595744681,2.3707036506890624,-2.0898935064278383
2013-08-06,24.38882106878549,23.016544392465562,29.776063829787233,19.95159574468085,5.387242761001744,-3.0649486477847105
2013-08-07,25.058771565060283,22.676258260934162,26.903723404255317,20.80691489361702,1.8449518391950335,-1.8693433673171427
2013-08-08,25.189352738793673,23.45531348233959,28.295212765957448,21.176063829787232,3.105860027163775,-2.279249652552359
2013-08-09,25.452510086383995,22.764513254622443,23.345744680851062,20.35159574468085,-2.106765405532933,-2.412917509941593
2013-08-10,24.98561000965327,23.240933145219174,31.523936170212767,20.173936170212766,6.538326160559496,-3.0669969750064077
2013-08-11,25.370247766144473,22.839184178609514,29.34840425531915,19.239893617021277,3.978156489174676,-3.599290561588237
2013-08-12,24.458261924209808,22.820223261800493,33.416489361702126,20.05744680851064,8.958227437492319,-2.7627764532898524
2013-08-13,25.20287715650602,22.28809559169332,31.699999999999996,20.450531914893617,6.497122843493976,-1.8375636767997037
2013-08-14,25.367780500482695,23.933152397217896,32.29414893617022,21.278191489361703,6.926368435687522,-2.654960907856193
2013-08-15,25.864288260191643,23.53551743768719,34.48723404255319,21.815957446808508,8.622945782361548,-1.7195599908786825
2013-08-16,25.11899012400687,23.095085270166578,31.59521276595745,21.486702127659573,6.476222641950578,-1.6083831425070052
2013-08-17,24.942319249523564,22.58693027400318,29.0,22.079255319148935,4.057680750476436,-0.5076749548542452
2013-08-18,24.709325511744794,22.47030073513031,24.238297872340425,22.090957446808513,-0.47102763940436887,-0.3793432883217953
2013-08-19,24.143688027524092,22.04883369223535,23.244148936170212,21.096808510638297,-0.8995390913538799,-0.9520251815970511
2013-08-20,23.718688646320686,21.96078092126436,21.1718085106383,19.618617021276595,-2.546880135682386,-2.3421638999877636
2013-08-21,24.673831835845647,21.875935249127508,32.486170212765956,19.67712765957447,7.812338376920309,-2.198807589553038
2013-08-22,25.53629835895157,22.797560703942963,24.865957446808512,20.30372340425532,-0.6703409121430575,-2.4938372996876446
2013-08-23,25.5941761342541,23.348317863419254,26.80691489361702,20.35531914893617,1.2127387593629209,-2.9929987144830825
2013-08-24,25.611506645875124,22.32688794831813,32.54468085106383,19.592021276595744,6.933174205188706,-2.7348666717223864
2013-08-25,25.586745130070994,23.423622187569663,35.97074468085106,22.34840425531915,10.383999550780068,-1.0752179322505135
2013-08-26,26.21122793990247,23.113784559788144,33.65372340425532,20.963297872340426,7.442495464352845,-2.1504866874477173
2013-08-27,26.53449914606074,23.46469567584961,37.23457446808511,19.38457446808511,10.700075322024368,-4.080121207764503
2013-08-28,27.08103660800475,23.52766763198929,32.73723404255319,21.887234042553192,5.656197434548439,-1.6404335894360962
2013-08-29,26.18442018761914,24.188214648152325,33.08244680851064,24.242021276595743,6.8980266208915,0.05380662844341799
2013-08-30,24.15730848246335,22.70752753644723,30.596276595744683,19.9968085106383,6.438968113281334,-2.710719025808931
2013-09-01,25.633077399074295,23.026451820499517,35.4,23.41755319148936,9.766922600925703,0.3911013709898441
2013-09-02,24.985870646766216,23.315498626271676,30.648404255319146,22.125531914893617,5.6625336085529305,-1.1899667113780588
2013-09-03,25.862099452983898,23.326509987376596,25.1781914893617,21.72659574468085,-0.6839079636221967,-1.5999142426957462
2013-09-04,27.583631098240232,23.74758966362225,31.162765957446812,21.20372340425532,3.5791348592065795,-2.5438662593669292
2013-09-05,25.664894928343358,23.907622088562164,30.628723404255318,25.28085106382979,4.96382847591196,1.3732289752676259
2013-09-06,24.371585109279522,22.578550283408845,28.7281914893617,20.91542553191489,4.356606380082177,-1.6631247514939531
2013-09-07,24.279143090517607,22.906226331031462,18.672340425531914,21.262234042553192,-5.606802664985693,-1.6439922884782696
2013-09-08,25.760684636518874,22.353499913368523,22.6,19.507978723404257,-3.160684636518873,-2.8455211899642663
2013-09-09,25.58159600009907,23.86628276527813,15.889893617021277,19.140425531914893,-9.691702383077791,-4.725857233363236
2013-09-10,24.61194153610063,22.279536645132566,32.115425531914894,20.427659574468084,7.503483995814264,-1.8518770706644823
2013-09-11,25.460130689834443,22.083665750847786,22.314893617021276,18.88563829787234,-3.145237072813167,-3.1980274529754453
2013-09-12,25.015140714338827,21.738204994925923,36.58297872340426,17.248404255319148,11.567838009065433,-4.489800739606775
2013-09-13,24.80222296477814,22.097178040147526,33.97021276595744,18.47021276595745,9.167989801179303,-3.626965274190077
2013-09-14,24.887481745501418,23.018752753644776,52.442021276595746,21.61063829787234,27.554539531094328,-1.4081144557724343
2013-09-15,26.12845746392418,23.437039182198475,27.049468085106383,22.996808510638296,0.9210106211822051,-0.4402306715601796
2013-09-16,25.956696616420402,23.28346922105891,31.57872340425532,22.497340425531913,5.622026787834919,-0.7861287955269951
2013-09-17,27.527675057548095,23.869966337466906,31.984574468085107,23.61542553191489,4.456899410537012,-0.25454080555201486
2013-09-18,26.097213682829647,24.45794708051784,28.24042553191489,28.279255319148938,2.143211849085244,3.8213082386310973
2013-09-19,26.171695750105243,23.883815994653673,30.730851063829785,22.66648936170213,4.559155313724542,-1.2173266329515435
2013-09-20,26.255418182718245,23.917925546397385,34.32340425531915,23.102127659574467,8.067986072600903,-0.8157978868229172
2013-09-21,26.790692062077767,23.212195985247888,51.503191489361704,17.239893617021277,24.712499427283937,-5.972302368226611
2013-09-22,26.93290537362941,23.75816836216933,25.379255319148935,20.157446808510638,-1.5536500544804746,-3.6007215536586905
2013-09-23,28.17183040023764,23.836040197024772,34.79414893617022,21.987234042553194,6.622318535932578,-1.8488061544715784
2013-09-24,28.258465137001565,23.355603079131697,32.441489361702125,22.368085106382978,4.18302422470056,-0.9875179727487193
2013-09-25,28.829382936065997,23.701991534863055,30.199999999999996,22.436702127659576,1.3706170639339987,-1.265289407203479
2013-09-26,27.08935125368191,24.239685403826627,28.205319148936166,24.186702127659576,1.1159678952542542,-0.05298327616705123
2013-09-27,26.697516893146314,24.815822875671415,31.248404255319148,22.572340425531916,4.550887362172833,-2.243482450139499
2013-09-28,27.07807430509149,24.59719289126508,25.906382978723403,23.913297872340426,-1.1716913263680873,-0.6838950189246553
2013-09-29,25.943027152793263,23.605678324793985,25.262234042553192,21.930319148936167,-0.6807931102400708,-1.6753591758578175
2013-09-30,26.159441597980276,24.12365164228612,26.670744680851065,21.38776595744681,0.5113030828707892,-2.7358856848393103
2013-10-01,27.541947971584875,24.87927229524024,27.700531914893617,22.906382978723403,0.15858394330874148,-1.972889316516838
2013-10-02,27.648759684166293,24.36692062077674,28.977127659574467,22.68723404255319,1.3283679754081739,-1.6796865782235493
2013-10-03,27.751369520556466,24.612742011336422,26.180319148936167,24.718617021276597,-1.5710503716202986,0.10587500994017418
2013-10-04,28.18670181431156,24.247489913615993,28.467021276595744,23.632446808510636,0.2803194622841829,-0.6150431051053573
2013-10-05,29.356642409841413,24.33960347516154,23.47340425531915,21.33563829787234,-5.883238154522264,-3.0039651772891993
2013-10-06,27.768440385139,24.24298210440338,25.408510638297873,23.245212765957447,-2.3599297468411287,-0.9977693384459343
2013-10-07,26.71030271527934,24.968585431053725,23.64468085106383,25.649468085106385,-3.0656218642155117,0.6808826540526596
2013-10-08,25.469187396351572,23.24560406920625,21.455851063829787,22.737765957446808,-4.013336332521785,-0.5078381117594439
2013-10-09,24.28065666691424,22.65322912799195,17.01436170212766,21.840957446808513,-7.2662949647865815,-0.8122716811834358
2013-10-10,23.913755847627556,22.54286799831698,17.068617021276598,19.288829787234043,-6.845138826350958,-3.2540382110829356
2013-10-11,24.673421202445468,23.433117992128928,26.113829787234046,21.89627659574468,1.4404085847885781,-1.536841396384247
2013-10-12,25.500491076953608,23.473802133610604,25.79148936170213,21.805319148936167,0.29099828474852174,-1.6684829846744371
2013-10-13,26.275895893666075,23.348396574342246,32.29893617021276,22.179787234042553,6.023040276546688,-1.1686093402996924
2013-10-14,25.33384445929562,23.262173956090294,29.59840425531915,21.42340425531915,4.26455979602353,-1.8387697007711452
2013-10-15,25.23202915769417,23.010420534145226,39.19468085106383,22.230851063829785,13.962651693369658,-0.7795694703154403
2013-10-16,25.395798371327373,22.9000970273014,32.2,18.021808510638298,6.8042016286726295,-4.878288516663101
2013-10-17,26.701847479022888,23.374291477933753,28.86968085106383,21.83351063829787,2.167833372040942,-1.5407808396358824
2013-10-18,27.837726541422285,24.264812752159685,27.17712765957447,19.00744680851064,-0.6605988818478146,-5.257365943649045
2013-10-19,28.07259275760498,24.58444196925825,29.824468085106382,22.363297872340425,1.751875327501402,-2.2211440969178256
2013-10-20,28.52513922922708,24.877707977525347,28.196276595744678,20.89946808510638,-0.32886263348240163,-3.9782398924189657
2013-10-21,27.06995767431505,24.393740748991377,38.1,20.72659574468085,11.030042325684953,-3.6671450043105267
2013-10-22,27.48737877775301,24.228701269770568,32.79893617021276,19.765425531914893,5.311557392459754,-4.463275737855675
2013-10-23,27.13170738348066,23.889070567560225,31.081914893617025,21.426063829787232,3.950207510136366,-2.463006737772993
2013-10-24,26.95201282146479,23.967760698992606,31.630851063829788,21.4,4.678838242364996,-2.5677606989926076
2013-10-25,26.83469592336826,23.229882428652786,31.975,20.5781914893617,5.140304076631743,-2.651690939291086
2013-10-26,26.280737853023425,24.402317269374578,30.059042553191492,23.414361702127657,3.778304700168068,-0.9879555672469209
2013-10-27,27.118355486250437,24.954912254647127,29.80212765957447,25.975531914893615,2.6837721733240336,1.0206196602464885
2013-10-28,29.662873443726653,24.250042078166416,35.08457446808511,24.28191489361702,5.421701024358455,0.03187281545060472
2013-10-29,27.75675948615134,24.65122546471622,22.89414893617021,26.633510638297874,-4.862610549981127,1.982285173581655
2013-10-30,27.15741516299107,24.171482141531214,20.37659574468085,22.240957446808512,-6.780819418310223,-1.9305246947227026
2013-10-31,28.104391227939914,24.301868270587363,20.630851063829788,23.43617021276596,-7.473540164110126,-0.8656980578214046
2013-11-01,27.760488354248707,24.757643375164037,18.753723404255318,23.160106382978725,-9.00676494999339,-1.5975369921853115
2013-11-02,26.39443503873673,23.33716096136243,19.375531914893617,24.336170212765957,-7.018903123843113,0.9990092514035283
2013-11-03,24.601642533600682,22.74049454221432,25.727127659574467,20.781382978723403,1.1254851259737855,-1.959111563490918
2013-11-04,26.210400237617876,22.296321625702376,27.26489361702128,21.411702127659574,1.0544933794034037,-0.8846194980428024
2013-11-05,26.79073859557934,23.59512536818397,29.0,19.619148936170212,2.2092614044206584,-3.975976432013759
2013-11-06,27.186791416054064,24.91085963218734,24.898936170212767,21.34946808510638,-2.287855245841296,-3.5613915470809587
2013-11-07,26.420513848667156,24.614247667137022,16.386702127659575,22.680851063829788,-10.03381172100758,-1.9333966033072336
2013-11-08,27.267075319917865,24.112095987723137,22.579255319148935,20.825531914893617,-4.68782000076893,-3.2865640728295205
2013-11-09,28.462776168906714,24.545692680874197,26.028723404255317,23.94255319148936,-2.4340527646513976,-0.6031394893848372
2013-11-10,27.572467513180413,25.0480470780426,23.914893617021278,25.66648936170213,-3.6575738961591355,0.6184422836595296
2013-11-11,28.38784485532534,24.976283755352597,32.44468085106383,25.320744680851064,4.0568359957384885,0.34446092549846696
2013-11-12,28.151994752605162,24.947150318061517,38.782446808510635,24.305851063829788,10.630452055905472,-0.6412992542317291
2013-11-13,28.186257518378284,24.907754015989724,35.02925531914894,25.653191489361703,6.842997800770654,0.7454374733719789
2013-11-14,26.883592237815947,24.58746169649271,29.199999999999996,22.267021276595745,2.316407762184049,-2.320440419896965
2013-11-15,26.41678522808843,22.859015123388133,25.28031914893617,17.228191489361702,-1.1364660791522603,-5.630823634026431
2013-11-16,26.307870349743894,23.033388777505536,27.964893617021275,18.29840425531915,1.6570232672773813,-4.734984522186387
2013-11-17,28.200259152001195,24.548193856587716,27.60531914893617,19.220744680851062,-0.5949400030650231,-5.327449175736653
2013-11-18,27.22809955199125,25.071116804039548,24.19787234042553,24.38936170212766,-3.0302272115657196,-0.6817551019118895
2013-11-19,26.72774782802412,24.493199425756757,27.227659574468085,22.987765957446808,0.4999117464439635,-1.505433468309949
2013-11-20,27.189212395732795,24.429987376550116,25.585106382978722,23.177659574468084,-1.6041060127540732,-1.252327802082032
2013-11-21,26.490986609242384,23.466241677186247,31.5,23.320744680851064,5.009013390757616,-0.14549699633518287
2013-11-22,28.059798519838637,24.321228682458354,31.09946808510638,23.293617021276596,3.0396695652677437,-1.0276116611817585
2013-11-23,29.489888121581146,24.8388854236282,33.26702127659574,23.281382978723403,3.777133155014596,-1.5575024449047952
2013-11-24,28.325749362639556,25.29149377490654,21.839893617021275,23.631914893617022,-6.485855745618281,-1.6595788812895194
2013-11-25,26.98034132818492,24.875287740402484,24.78563829787234,22.827659574468086,-2.1947030303125814,-2.0476281659343982
2013-11-26,27.19110814088765,24.187826786465678,23.779787234042555,23.018617021276597,-3.411320906845095,-1.1692097651890805
2013-11-27,25.977226553798232,24.774411771985797,29.942021276595742,22.93191489361702,3.96479472279751,-1.8424968783687774
2013-11-28,25.51208361179181,24.412913541744047,34.0,24.124468085106383,8.487916388208191,-0.28844545663766397
2013-11-30,27.609471547734017,25.01349323036561,30.008510638297874,22.852659574468085,2.399039090563857,-2.1608336558975267
2013-12-01,27.30099353976391,24.547147100319307,25.945744680851064,21.743617021276595,-1.3552488589128444,-2.8035300790427122
2013-12-02,27.807334224400392,24.74436202074213,22.52021276595745,23.086170212765957,-5.287121458442943,-1.6581918079761735
2013-12-03,29.747522091037354,25.030067325066227,28.107978723404255,26.273404255319146,-1.6395433676330988,1.2433369302529194
2013-12-04,30.952876166431565,25.211453181851937,32.9,25.012765957446806,1.9471238335684333,-0.19868722440513054
2013-12-05,28.805882775178816,25.785907527041445,33.48936170212766,23.626063829787235,4.683478926948844,-2.1598436972542103
2013-12-06,29.6760179203485,25.36591495260018,34.51276595744681,22.39627659574468,4.83674803709831,-2.969638356855498
2013-12-07,29.08921561347495,25.227500061879653,30.0,25.91223404255319,0.9107843865250516,0.6847339806735384
2013-12-08,28.194915472389255,24.81336600579192,31.836702127659574,20.325,3.6417866552703195,-4.488366005791921
2013-12-09,28.31555060518309,24.96007227543879,28.947340425531912,23.57872340425532,0.6317898203488213,-1.3813488711834694
2013-12-10,28.61732061087605,24.79227296354054,26.379787234042553,24.20851063829787,-2.237533376833497,-0.5837623252426702
2013-12-11,29.89324323655353,24.36374990718059,32.200531914893624,25.75957446808511,2.307288678340093,1.3958245609045186
2013-12-12,30.38303631098239,25.460484888987935,23.481914893617024,25.602127659574467,-6.901121417365367,0.1416427705865324
2013-12-13,30.241213336303588,25.951437093141294,27.91595744680851,29.053723404255322,-2.3252558894950788,3.102286311114028
2013-12-14,30.01602955372391,25.054144451870002,27.804787234042553,26.163829787234043,-2.2112423196813573,1.1096853353640412
2013-12-15,29.086970867057744,25.387980000495077,28.449468085106382,23.679255319148936,-0.6375027819513619,-1.7087246813461405
2013-12-16,28.95043291007653,25.358713150664585,31.798404255319152,24.260106382978723,2.847971345242623,-1.0986067676858617
2013-12-17,28.43058736169894,25.468410435385238,29.300531914893618,23.822340425531916,0.8699445531946779,-1.6460700098533216
2013-12-18,26.511589812133423,24.653830845771154,29.699999999999996,21.82340425531915,3.188410187866573,-2.830426590452003
2013-12-19,27.924395188237952,24.678267617138204,30.243085106382978,23.246808510638296,2.318689918145026,-1.4314591064999078
2013-12-20,28.02146704289504,24.854323655355074,25.493085106382978,23.71436170212766,-2.528381936512062,-1.139961953227413
2013-12-21,29.05160614836268,25.048812405633555,27.798404255319152,24.49468085106383,-1.2532018930435278,-0.5541315545697252
2013-12-22,28.003228632954688,25.495088240390146,27.240957446808512,24.43882978723404,-0.762271186146176,-1.0562584531561043
2013-12-23,28.28932328407717,24.920312863543018,23.300000000000004,23.407978723404256,-4.989323284077166,-1.512334140138762
2013-12-24,28.97084700873745,25.29579713373431,26.200531914893617,23.588297872340426,-2.770315093843834,-1.7074992613938846
2013-12-25,29.260010643300916,25.357355263483612,27.804255319148936,25.82712765957447,-1.4557553241519798,0.46977239609085686
2013-12-26,29.899179723274187,24.945143932080896,30.956914893617018,23.898936170212767,1.0577351703428306,-1.0462077618681285
2013-12-27,27.81876611965049,25.480160639588178,29.898404255319146,23.680319148936167,2.079638135668656,-1.7998414906520104
2013-12-28,27.83852553154634,25.38677780252965,32.159574468085104,22.435638297872337,4.321048936538766,-2.951139504657313
2013-12-29,28.196586470631928,25.096979777728336,31.52021276595745,21.973936170212767,3.3236262953255213,-3.1230436075155694
2013-12-30,28.87403876141684,25.170338852998725,32.788829787234036,23.18191489361702,3.9147910258171947,-1.9884239593817057
2013-12-31,28.998278507957764,25.2915935249128,34.613297872340425,20.638297872340427,5.615019364382661,-4.653295652572371
2014-01-01,29.09569985891443,24.993917972327495,34.298122065727696,22.246478873239436,5.202422206813267,-2.7474390990880586
2014-01-02,28.879272542758883,24.91045345412249,35.8150234741784,21.047417840375587,6.93575093141952,-3.863035613746902
2014-01-03,27.997648078017903,25.19625801341556,33.23943661971831,22.64788732394366,5.241788541700409,-2.5483706894718985
2014-01-04,28.715726095888726,24.821940546026156,33.123474178403754,22.938028169014085,4.4077480825150275,-1.88391237701207
2014-01-05,28.339419816341206,24.634523897923373,32.00422535211268,23.165727699530517,3.664805535771471,-1.4687961983928552
2014-01-06,27.269662632113068,24.00883963268234,33.480751173708924,23.65680751173709,6.211088541595856,-0.3520321209452497
2014-01-07,27.078419346055853,24.19444246429549,27.806572769953053,22.174647887323943,0.7281534238972007,-2.019794576971549
2014-01-08,26.949017103537074,24.441535605554293,30.782159624413147,21.538028169014087,3.8331425208760734,-2.903507436540206
2014-01-09,27.687322591025065,24.26593846686967,29.732394366197184,22.500469483568075,2.0450717751721186,-1.765468983301595
2014-01-10,27.189600257419386,24.169842330635447,27.784507042253523,23.472769953051642,0.5949067848341372,-0.6970723775838046
2014-01-11,28.44408430484401,25.47200217816396,29.43661971830986,22.391079812206574,0.9925354134658484,-3.080922365957388
2014-01-12,27.89169451251206,24.61112719982185,29.703286384976526,22.515023474178403,1.811591872464465,-2.0961037256434487
2014-01-13,28.243955842677167,24.6371555159526,32.23380281690141,21.757276995305165,3.9898469742242426,-2.879878520647434
2014-01-14,28.54739758916861,25.380993787282534,30.94225352112676,22.96056338028169,2.3948559319581477,-2.4204304070008433
2014-01-15,28.13268508205249,24.291147743867725,31.608450704225355,22.727699530516432,3.475765622172865,-1.5634482133512932
2014-01-16,28.45220143065768,24.88154426870625,32.471830985915496,22.938497652582157,4.019629555257815,-1.943046616124093
2014-01-17,28.555042944481556,26.130158906957774,31.742253521126763,22.929577464788732,3.1872105766452066,-3.2005814421690424
2014-01-18,28.688348803247493,25.38388554738748,31.73098591549296,24.83051643192488,3.0426371122454654,-0.5533691154625977
2014-01-19,28.191240315833795,25.336296873839785,29.9,24.035211267605632,1.7087596841662034,-1.3010856062341531
2014-01-20,29.048595826835935,25.712530382911325,21.795305164319252,21.405164319248826,-7.253290662516683,-4.307366063662499
2014-01-21,27.938777257988647,24.75444196925821,25.300000000000004,22.929107981220657,-2.638777257988643,-1.8253339880375528
2014-01-22,27.797595604069215,24.820707655751164,30.423474178403755,23.684037558685446,2.625878574334539,-1.1366700970657178
2014-01-23,28.11664463750901,24.787743867726135,30.176525821596247,23.53145539906103,2.059881184087235,-1.2562884686651046
2014-01-24,27.618130491819556,24.855697878765454,30.67417840375587,23.908450704225352,3.0560479119363144,-0.9472471745401023
2014-01-25,29.20668151778426,24.550869037895097,31.44225352112676,22.94225352112676,2.2355720033424973,-1.6086155167683387
2014-01-26,28.709869805202914,26.35624811267047,35.1037558685446,24.838497652582163,6.393886063341689,-1.5177504600883083
2014-01-27,27.792127917625805,25.238827504269693,30.461971830985913,24.53145539906103,2.6698439133601077,-0.7073721052086626
2014-01-28,27.97220217321353,24.317529764114795,28.58169014084507,21.53943661971831,0.6094879676315372,-2.778093144396486
2014-01-29,28.42259127249332,25.62507957723824,27.92582159624413,25.349295774647885,-0.49676967624919044,-0.27578380259035384
2014-01-30,28.053000668300285,25.509190861612353,27.973239436619718,23.10657276995305,-0.07976123168056759,-2.4026180916593027
2014-01-31,26.52933145219174,24.439051756144636,28.403286384976525,23.513145539906105,1.873954932784784,-0.9259062162385305
2014-02-01,27.072527660206447,24.602647211702674,30.259154929577463,22.45774647887324,3.186627269371016,-2.1449007328294343
2014-02-02,27.916483502883636,24.349203485062276,30.800000000000004,24.02206572769953,2.883516497116368,-0.3271377573627454
2014-02-03,28.437795351600244,25.837139427241993,30.8075117370892,21.646948356807513,2.3697163854889567,-4.19019107043448
2014-02-04,26.41391326947354,24.2688344347913,30.0,20.55774647887324,3.5860867305264605,-3.7110879559180603
2014-02-05,27.770476968391904,24.438281478181295,29.300000000000004,23.29906103286385,1.5295230316081003,-1.139220445317445
2014-02-06,27.0683544961758,24.52416450087867,27.891079812206574,22.518779342723004,0.8227253160307733,-2.005385158155665
2014-02-07,27.334105096408564,23.75284324645429,29.1,21.076995305164317,1.7658949035914375,-2.675847941289973
2014-02-08,26.746311477438667,24.05452835325866,26.193896713615025,19.25539906103286,-0.5524147638236414,-4.7991292922258
2014-02-09,27.092669240860403,24.248728001782126,27.090610328638498,23.083568075117373,-0.002058912221905018,-1.165159926664753
2014-02-10,27.601070765575116,25.423496695626397,25.98920187793427,22.868544600938968,-1.6118688876408456,-2.5549520946874296
2014-02-11,26.798361674215982,24.653308333952168,30.26525821596244,20.205164319248826,3.4668965417464577,-4.448144014703342
2014-02-12,26.634753100170883,24.453873171456166,26.1,22.502347417840376,-0.5347531001708816,-1.9515257536157904
2014-02-13,27.29585208286926,24.345472884334526,31.199999999999996,21.970422535211267,3.904147917130736,-2.37505034912326
2014-02-14,28.564432316031855,25.299670057671847,28.800000000000004,22.549295774647888,0.2355676839681493,-2.750374283023959
2014-02-15,27.87541669760651,24.928444345436958,33.89906103286385,22.687793427230048,6.0236443352573374,-2.24065091820691
2014-02-16,27.344068216133337,24.52116878295095,25.571830985915494,23.0037558685446,-1.7722372302178435,-1.51741291440635
2014-02-17,28.009841835598195,25.1188572065048,23.395305164319247,22.555868544600937,-4.614536671278948,-2.562988661903862
2014-02-18,28.77197965396897,25.219067102299448,21.886854460093893,24.46854460093897,-6.885125193875076,-0.7505225013604786
2014-02-19,28.01492933343235,25.560495532288826,24.888732394366198,23.81549295774648,-3.1261969390661513,-1.7450025745423474
2014-02-20,26.917810202717817,25.027446102819283,21.83004694835681,22.544600938967136,-5.087763254361008,-2.482845163852147
2014-02-21,28.335154575381807,24.38373258087671,27.8018779342723,22.504694835680752,-0.5332766411095058,-1.8790377451959586
2014-02-22,27.57415435261504,25.398157223831163,24.97605633802817,23.597652582159625,-2.5980980145868706,-1.8005046416715373
2014-02-23,27.041198980223328,24.920355436746604,28.689201877934273,24.037558685446008,1.6480028977109455,-0.8827967513005959
2014-02-24,27.06555481299972,24.92436944630083,26.072300469483572,23.549765258215963,-0.9932543435161492,-1.3746041880848665
2014-02-25,26.56198287171111,24.80707160713854,33.1,23.18356807511737,6.538017128288892,-1.623503532021168
2014-02-26,27.570138857949075,24.872154402118724,32.37746478873239,22.930985915492958,4.807325930783314,-1.9411684866257666
2014-02-28,26.7634548649786,24.593135070914116,32.38732394366197,22.41032863849765,5.62386907868337,-2.1828064324164664
2014-03-01,27.08138956956509,24.958276527808778,31.699999999999996,23.345070422535212,4.618610430434906,-1.6132061052735658
2014-03-02,27.78612361080178,24.57527660206432,29.61361502347418,24.15962441314554,1.8274914126723978,-0.41565218891878075
2014-03-03,27.842443503873653,25.73621445013731,28.693427230046947,25.63568075117371,0.8509837261732933,-0.10053369896360209
2014-03-04,27.18301749956686,24.77270834880329,32.51596244131455,24.390140845070423,5.332944941747691,-0.38256750373286863
2014-03-05,28.220410385881564,24.814732556124852,26.840845070422535,23.284037558685448,-1.379565315459029,-1.5306949974394044
2014-03-06,28.01029578475783,24.84318927749314,27.98262910798122,23.432394366197183,-0.027666676776608057,-1.4107949112959552
2014-03-07,28.615411747233964,24.95189921041566,20.59530516431925,23.824413145539907,-8.020106582914714,-1.1274860648757539
2014-03-08,28.470401227692435,25.508119600999976,26.060093896713617,24.050704225352113,-2.410307330978817,-1.4574153756478623
2014-03-09,29.159879953466543,26.051400707903326,26.795774647887324,21.832863849765257,-2.364105305579219,-4.218536858138069
2014-03-10,27.923187297344157,25.340010395782315,26.397183098591547,24.492957746478872,-1.5260041987526094,-0.8470526493034427
2014-03-11,28.238177272839835,25.22311724957308,30.08638497652582,23.04507042253521,1.8482077036859863,-2.1780468270378677
2014-03-12,27.820890076978344,25.287513427885415,27.06384976525822,22.827230046948355,-0.7570403117201252,-2.46028338093706
2014-03-13,28.148769337392707,25.292432118016904,31.799530516431926,22.49718309859155,3.6507611790392183,-2.7952490194253556
2014-03-14,26.577189673522923,24.47379396549593,27.0,23.293896713615027,0.4228103264770766,-1.1798972518809023
2014-03-15,26.39423776639194,24.235501596495112,28.199999999999996,22.25868544600939,1.805762233608057,-1.9768161504857211
2014-03-16,28.39186431028935,25.253810301725196,28.231924882629105,23.663849765258213,-0.1599394276602446,-1.5899605364669824
2014-03-17,27.423007351303227,25.66224895423386,28.987793427230045,22.58826291079812,1.5647860759268184,-3.0739860434357382
2014-03-18,28.19150936858,24.78167297839167,30.495305164319248,26.455399061032864,2.303795795739248,1.6737260826411955
2014-03-19,28.279495804559303,26.07796292170991,30.074647887323945,24.314084507042253,1.7951520827646412,-1.7638784146676585
2014-03-20,28.73564887007751,25.71831068537915,31.699999999999996,23.838497652582163,2.964351129922484,-1.8798130327969886
2014-03-21,29.39549615108541,26.16730254201633,33.09906103286385,24.891079812206574,3.7035648817784406,-1.2762227298097564
2014-03-22,28.631936338209528,25.47942847949315,34.767605633802816,24.471361502347417,6.1356692955932886,-1.0080669771457345
2014-03-23,29.21437612930373,25.956744387515243,33.06056338028169,24.27981220657277,3.8461872509779624,-1.6769321809424724
2014-03-24,28.489936635231857,26.04021162842514,31.4,22.472769953051642,2.910063364768142,-3.567441675373498
2014-03-25,27.566848840375314,25.791307888418658,20.699999999999996,22.159154929577465,-6.866848840375319,-3.6321529588411927
2014-03-26,28.133743719214863,25.229571792777392,10.130046948356807,24.023474178403756,-18.003696770858056,-1.2060976143736362
2014-03-27,28.385997128783913,25.659676493156155,25.739906103286387,22.984976525821597,-2.646091025497526,-2.6746999673345577
2014-03-28,27.706669389371598,25.86796415930297,25.347417840375588,23.688262910798123,-2.35925154899601,-2.1797012485048484
2014-03-29,27.922165787975587,24.823604118709966,22.300000000000004,24.70469483568075,-5.622165787975582,-0.11890928302921466
2014-03-30,27.691505655800597,24.880922501918292,24.95399061032864,25.49718309859155,-2.737515045471959,0.616260596673257
2014-03-31,27.977426548847802,25.04576371871991,26.0,24.242253521126763,-1.9774265488478022,-0.8035101975931482
2014-04-01,27.839558674290288,25.106527808717658,29.384976525821596,17.751173708920188,1.5454178515313082,-7.35535409979747
2014-04-02,28.908350535877844,26.076416177817407,29.301408450704223,23.13802816901408,0.39305791482637886,-2.938388008803326
2014-04-03,28.329052993737832,25.335778322318788,26.6,23.154460093896713,-1.729052993737831,-2.181318228422075
2014-04-04,29.152276181282673,25.84236726813691,29.462910798122067,21.039906103286384,0.3106346168393941,-4.802461164850527
2014-04-05,28.60836241677191,25.56352738793595,27.952112676056338,27.44647887323944,-0.6562497407155732,1.88295148530349
2014-04-06,27.856062226182587,25.180710873493297,34.8,25.296713615023474,6.94393777381741,0.11600274153017764
2014-04-07,28.08643201900952,25.34245092943246,38.29859154929577,23.887323943661972,10.21215953028625,-1.4551269857704874
2014-04-08,29.78589935892677,25.237005519665388,30.009389671361504,24.97230046948357,0.22349031243473405,-0.2647050501818171
2014-04-09,28.27959357441648,25.110416821365845,32.1,25.603755868544603,3.8204064255835206,0.49333904717875754
2014-04-10,29.03925397886195,25.78145243929606,29.730516431924883,24.292018779342722,0.691262453062933,-1.4894336599533382
2014-04-11,28.719002004900915,26.706927798816878,31.199999999999996,24.970892018779345,2.480997995099081,-1.7360357800375326
2014-04-12,28.269421301453008,26.072715526843467,29.800000000000004,25.455399061032864,1.5305786985469965,-0.6173164658106032
2014-04-13,27.665129823519294,25.13862825177597,33.989671361502346,21.725821596244135,6.324541537983052,-3.412806655531835
2014-04-14,28.115989208187955,25.095790698250084,33.630046948356814,24.159154929577465,5.514057740168859,-0.9366357686726197
2014-04-15,27.949516843642527,25.484980074750638,26.6,23.133802816901408,-1.349516843642526,-2.35117725784923
2014-04-16,28.478614143214315,26.219845053340293,23.11924882629108,24.408920187793427,-5.359365316923235,-1.8109248655468662
2014-04-17,27.718562411821495,25.55355436746612,26.763849765258215,25.96150234741784,-0.95471264656328,0.4079479799517216
2014-04-18,27.266098858939188,24.88195514962507,22.778403755868545,22.97511737089202,-4.487695103070642,-1.9068377787330526
2014-04-19,27.449568079998073,25.51732382861809,30.526760563380282,24.10281690140845,3.077192483382209,-1.41450692720964
2014-04-20,27.6406977550061,25.502583846934556,31.800000000000004,25.683098591549296,4.159302244993903,0.18051474461474015
2014-04-21,27.881895992673435,25.27003836538711,32.998591549295774,26.41361502347418,5.116695556622339,1.1435766580870705
2014-04-22,28.292261082646462,25.710314348654833,31.800000000000004,27.385446009389675,3.5077389173535423,1.6751316607348414
2014-04-23,28.689392341773782,26.291001707878536,24.238028169014083,28.462910798122067,-4.4513641727597,2.171909090243531
2014-04-24,29.053525655305577,25.78876710972503,29.4,22.95774647887324,0.3464743446944212,-2.831020630851789
2014-04-25,29.951256157025853,26.138089651246332,20.83380281690141,22.561971830985915,-9.117453340124442,-3.576117820260418
2014-04-26,27.813496448107685,25.004684042474253,25.694835680751172,22.46901408450704,-2.1186607673565128,-2.5356699579672117
2014-04-27,26.722279646543427,25.386849582931177,23.699530516431924,22.53849765258216,-3.022749130111503,-2.8483519303490183
2014-04-28,26.48510259647037,24.844564490977973,24.279342723004696,24.144600938967137,-2.2057598734656736,-0.6999635520108356
2014-04-29,25.914482067275628,23.644019950001223,19.71220657276995,21.727699530516432,-6.2022754945056775,-1.9163204194847907
2014-04-30,26.814275141704456,25.529789114130892,23.183098591549296,19.355399061032863,-3.6311765501551605,-6.17439005309803
2014-05-01,27.248934432316048,26.039507685453373,24.678403755868544,19.556338028169016,-2.570530676447504,-6.483169657284357
2014-05-02,26.553872923937604,25.355799856439205,34.7,19.53568075117371,8.146127076062399,-5.820119105265494
2014-05-03,26.93702878641625,24.799868567609735,27.78262910798122,22.239906103286387,0.8456003215649694,-2.5599624643233483
2014-05-04,26.597397341650037,24.236496373852162,25.07511737089202,22.380751173708923,-1.5222799707580172,-1.8557452001432395
2014-05-05,27.287002796960508,25.448666122125758,29.486854460093895,21.495305164319248,2.199851663133387,-3.9533609578065096
2014-05-06,25.98511794262521,24.230554194203194,25.591549295774648,23.02300469483568,-0.3935686468505608,-1.2075494993675129
2014-05-07,26.194955322888063,24.583640998985175,27.5,21.900469483568077,1.3050446771119368,-2.683171515417097
2014-05-08,26.82086854285791,25.12956015940199,27.9,24.228638497652582,1.0791314571420898,-0.9009216617494076
2014-05-09,28.514624885522664,24.400886859236152,29.9,21.28262910798122,1.385375114477334,-3.1182577512549337
2014-05-10,29.332225439964418,24.89767258236185,28.4,23.730516431924883,-0.9322254399644194,-1.1671561504369663
2014-05-11,26.7693388777505,24.157978267864678,22.0112676056338,17.451173708920187,-4.758071272116698,-6.706804558944491
2014-05-12,26.373315016955075,24.52136159996047,25.78779342723005,19.681220657277,-0.5855215897250261,-4.8401409426834725
2014-05-13,25.2488834434792,23.746884483057386,29.452582159624413,18.907981220657277,4.203698716145212,-4.838903262400109
2014-05-14,26.715979059924337,24.596729288878976,19.046948356807512,18.526760563380282,-7.6690307031168246,-6.069968725498693
2014-05-15,26.31114155590211,24.48741046013714,15.43661971830986,22.54272300469484,-10.874521837592251,-1.9446874554423026
2014-05-16,26.11605579069834,24.75752926907751,28.699999999999996,23.17699530516432,2.583944209301656,-1.5805339639131901
2014-05-17,27.20467364669196,25.224509541843133,28.215492957746477,24.924413145539905,1.0108193110545187,-0.3000963963032284
2014-05-18,26.146369644315712,24.469160911858637,28.423474178403755,25.63474178403756,2.2771045340880427,1.1655808721789214
2014-05-19,25.993168238409964,24.087000816811496,27.769953051643192,22.3906103286385,1.7767848132332276,-1.696390488172998
2014-05-20,25.568940867800336,24.182700428207227,27.007981220657275,19.133802816901408,1.4390403528569387,-5.048897611305819
2014-05-21,26.663436301081674,24.54402762307859,27.7868544600939,22.188732394366195,1.1234181590122247,-2.3552952287123965
2014-05-22,26.455495408529487,25.166953788272565,31.0,23.920657276995307,4.544504591470513,-1.246296511277258
2014-05-23,27.61552164550386,24.848095839211908,31.19906103286385,24.915962441314555,3.5835393873599877,0.06786660210264728
2014-05-24,28.985766936462028,25.37475829806192,32.975117370892015,22.409389671361502,3.989350434429987,-2.9653686267004176
2014-05-25,26.79755327838427,24.73354793198189,29.88169014084507,23.4056338028169,3.0841368624607988,-1.3279141291649879
2014-05-26,26.45718769337401,24.249430954679383,24.49014084507042,19.256338028169015,-1.967046848303589,-4.993092926510368
2014-05-27,28.294255092695778,24.442290289844323,23.569014084507042,20.239906103286387,-4.7252410081887355,-4.202384186557936
2014-05-29,26.73946387465662,24.711366302814326,24.7018779342723,20.935211267605634,-2.0375859403843215,-3.776155035208692
2014-05-30,26.23953862528157,23.716492661072834,26.994835680751173,21.30469483568075,0.7552970554696046,-2.4117978253920853
2014-05-31,25.430933392737813,23.202925175119503,27.6924882629108,19.302347417840373,2.2615548701729864,-3.9005777572791303
2014-06-01,26.232721219771804,24.79081532635331,28.89342723004695,21.561502347417843,2.6607060102751454,-3.229312978935468
2014-06-02,27.456597113932844,24.451361847479063,36.60469483568075,22.0112676056338,9.14809772174791,-2.4400942418452622
2014-06-03,27.813082596965444,24.250270785376642,26.500469483568075,21.09530516431925,-1.3126131133973686,-3.154965621057393
2014-06-04,26.7505645899854,24.830137620355913,24.45727699530516,22.232394366197184,-2.2932875946802405,-2.597743254158729
2014-06-05,26.321859112398272,24.66162867255764,33.68638497652582,22.956338028169014,7.36452586412755,-1.7052906443886258
2014-06-06,27.066387465656817,24.974891958119883,34.38309859154929,20.281220657276993,7.316711125892475,-4.69367130084289
2014-06-07,26.981484369198824,24.698652508601242,32.891549295774645,21.450234741784037,5.910064926575821,-3.248417766817205
2014-06-08,26.188354248657276,23.498042622707374,34.95868544600939,18.359154929577464,8.770331197352114,-5.1388876931299095
2014-06-09,26.10379644068223,23.766420633152677,29.699999999999996,16.188262910798123,3.5962035593177646,-7.578157722354554
2014-06-10,26.170683646444445,24.5170394297171,30.166666666666668,15.498591549295774,3.995983020222223,-9.018447880421327
2014-06-11,25.280895274869522,24.316369149278557,27.664319248826292,19.15868544600939,2.38342397395677,-5.157683703269168
2014-06-12,25.35238954481332,24.25469295314474,26.40469483568075,19.08544600938967,1.0523052908674302,-5.16924694375507
2014-06-13,26.024139996534757,23.215810747258786,26.060093896713617,19.780281690140843,0.035953900178860465,-3.435529057117943
2014-06-14,24.729097547090475,22.932213806588948,25.4,18.854460093896712,0.6709024529095231,-4.077753712692235
2014-06-15,25.935341946981566,23.980225489468125,26.160093896713615,19.69154929577465,0.22475194973204893,-4.288676193693476
2014-06-16,26.08105442934584,23.10446696863937,27.511737089201876,17.0018779342723,1.4306826598560356,-6.102589034367071
2014-06-17,26.44585356798109,24.875601346501355,27.36525821596244,19.43286384976526,0.9194046479813522,-5.442737496736097
2014-06-18,26.696787455756066,24.95710700230194,26.623474178403757,18.433802816901405,-0.07331327735230886,-6.523304185400534
2014-06-19,26.172707606247343,24.28967797826789,27.092957746478874,20.043661971830986,0.9202501402315306,-4.2460160064369035
2014-06-20,26.025951832875478,24.087279027746888,25.656338028169014,17.29530516431925,-0.3696138047064643,-6.791973863427639
2014-06-21,25.420686369149337,23.874062770723526,27.11549295774648,17.669483568075115,1.6948065885971424,-6.204579202648411
2014-06-22,24.532321972228374,22.75486200836616,26.01455399061033,18.45868544600939,1.482232018381957,-4.29617656235677
2014-06-23,25.56770525482051,23.598989133932378,25.900469483568077,19.303286384976527,0.3327642287475676,-4.295702748955851
2014-06-24,25.254413752134838,24.072936808494887,26.068544600938967,22.365727699530513,0.8141308488041297,-1.7072091089643742
2014-06-25,24.722974926363236,23.023175663968743,29.57417840375587,17.97793427230047,4.851203477392634,-5.045241391668274
2014-06-26,24.552913789262675,23.006199103982567,30.611737089201878,18.0018779342723,6.058823299939203,-5.004321169710266
2014-06-27,25.525162248459253,23.218413900646055,26.483098591549293,19.52394366197183,0.95793634309004,-3.6944702386742243
2014-06-28,25.036121383134116,23.695936239202013,31.582629107981223,19.00281690140845,6.546507724847107,-4.693119337793561
2014-06-29,25.285006806762226,23.270020049008735,27.830985915492956,19.43755868544601,2.54597910873073,-3.832461363562725
2014-06-30,26.349681196010067,24.54428826019165,28.44882629107981,17.367605633802814,2.099145095069744,-7.1766826263888355
2014-07-01,25.970202965273188,24.036263211306675,27.800000000000004,17.773708920187794,1.8297970347268162,-6.262554291118882
2014-07-02,25.960944531075995,23.632794237766404,28.781220657276993,16.583098591549298,2.820276126200998,-7.049695646217106
2014-07-03,25.97453676889188,23.81298210440343,33.1,16.6075117370892,7.125463231108121,-7.205470367314231
2014-07-04,25.614852107621118,23.889434172421545,27.67089201877934,20.098591549295776,2.056039911158223,-3.7908426231257693
2014-07-05,24.761025469666606,22.648926016682765,28.77042253521127,16.450234741784037,4.009397065544665,-6.198691274898728
2014-07-06,25.981471993267576,22.98275810004708,28.706572769953052,17.93943661971831,2.7251007766854762,-5.043321480328768
2014-07-07,25.143440756416965,22.971652681864327,27.028169014084508,17.619718309859156,1.8847282576675433,-5.3519343720051715
2014-07-08,25.28529368084952,23.0472918987154,26.459624413145537,17.695774647887323,1.174330732296017,-5.351517250828078
2014-07-09,26.460346526076137,24.16795648622565,26.768544600938966,17.303286384976527,0.3081980748628297,-6.864670101249121
2014-07-10,25.190302220242074,23.339200267320166,27.72300469483568,16.505633802816902,2.5327024745936058,-6.833566464503264
2014-07-11,25.29672730873,22.21137991633873,26.347887323943663,16.0943661971831,1.0511600152136644,-6.117013719155629
2014-07-12,26.60123264275643,24.328873542734073,25.939906103286383,16.04507042253521,-0.6613265394700463,-8.283803120198861
2014-07-13,24.356232518997103,22.915955298136225,25.92863849765258,18.5943661971831,1.5724059786554783,-4.321589100953126
2014-07-14,24.909484666221147,22.447391401202992,27.550704225352113,17.32206572769953,2.641219559130967,-5.125325673503461
2014-07-15,24.6058822801416,23.50720600975228,27.236150234741785,18.818779342723005,2.6302679546001855,-4.688426667029276
2014-07-16,25.60007574069948,23.923878121828693,24.241784037558684,19.241784037558684,-1.3582917031407966,-4.682094084270009
2014-07-17,25.34887601792036,23.455286997846656,25.80469483568075,20.338497652582163,0.45581881776038813,-3.1167893452644932
2014-07-18,25.321815054082833,23.18626667656747,26.235680751173707,17.616901408450705,0.9138656970908734,-5.569365268116766
2014-07-19,25.686709487388896,23.61230093314532,28.151643192488265,17.70469483568075,2.4649337050993694,-5.907606097464569
2014-07-20,25.968903244969226,24.21711987327052,34.13943661971831,18.35117370892019,8.170533374749084,-5.86594616435033
2014-07-21,24.680418058958935,22.897614663003424,35.45399061032864,17.17183098591549,10.773572551369703,-5.725783677087932
2014-07-22,24.322355387242908,22.857297839162413,25.66056338028169,17.596713615023475,1.3382079930387825,-5.260584224138938
2014-07-23,24.87598450533409,23.49159550506181,26.16948356807512,18.03192488262911,1.2934990627410308,-5.4596706224327
2014-07-24,25.510557906982513,23.351742531125524,26.83004694835681,16.496713615023474,1.3194890413742968,-6.85502891610205
2014-07-25,25.956437959456537,22.837372342268736,26.681220657277,19.684976525821593,0.7247826978204621,-3.152395816447143
2014-07-26,25.716270884384073,23.913739758916904,24.00281690140845,18.525821596244132,-1.7134539829756221,-5.387918162672772
2014-07-27,25.05558847553283,23.10862924185045,25.4075117370892,16.438028169014085,0.3519232615563723,-6.670601072836366
2014-07-28,25.482544243954408,23.847566891908627,23.5924882629108,18.300469483568076,-1.8900559810436093,-5.5470974083405515
2014-07-29,25.48175193683329,24.018883443479183,24.320657276995306,19.674647887323943,-1.1610946598379854,-4.34423555615524
2014-07-30,25.04886265191459,22.723121209871067,26.096713615023475,17.343661971830986,1.0478509631088855,-5.379459238040081
2014-07-31,23.225220167817668,22.28885176109509,21.653990610328638,15.218779342723005,-1.5712295574890298,-7.070072418372083
2014-08-01,23.709697284720676,22.06424444939489,23.349295774647885,14.784037558685446,-0.36040151007279064,-7.2802068907094455
2014-08-02,25.019575753075458,22.396360238607997,22.7981220657277,18.428169014084506,-2.2214536873477577,-3.9681912245234905
2014-08-03,25.890375980792612,23.356725328581035,27.917370892018777,21.15962441314554,2.026994911226165,-2.1971009154354952
2014-08-04,26.450261627187444,23.371513328878052,27.591549295774648,18.809859154929576,1.1412876685872035,-4.561654173948476
2014-08-05,26.244458305487512,23.810734140244108,29.90046948356807,21.634272300469487,3.6560111780805578,-2.176461839774621
2014-08-06,25.405034033811035,22.223065270661664,28.917370892018777,22.257746478873237,3.5123368582077426,0.03468120821157328
2014-08-07,23.770230687359287,22.547508972550247,27.215492957746477,19.325352112676057,3.4452622703871896,-3.2221568598741896
2014-08-08,24.824447414667986,23.627642137570888,25.93004694835681,19.199530516431924,1.1055995336888245,-4.428111621138964
2014-08-09,25.078196826811222,23.394286527561235,27.819718309859155,14.418779342723004,2.741521483047933,-8.97550718483823
2014-08-10,24.790423256850147,22.789226256775862,26.4887323943662,16.76901408450704,1.698309137516052,-6.02021217226882
2014-08-11,25.264852355139794,23.169339372787817,25.98544600938967,20.295774647887324,0.7205936542498748,-2.8735647249004934
2014-08-12,25.667957971337387,23.16053191752684,26.836150234741787,18.09342723004695,1.1681922634044,-5.06710468747989
2014-08-13,24.600802207866195,22.573877379272858,27.990610328638496,17.809389671361505,3.389808120772301,-4.7644877079113535
2014-08-14,24.25489146308263,22.61461250959138,31.53849765258216,16.96150234741784,7.28360618949953,-5.65311016217354
2014-08-15,25.564785772629364,22.115345164723692,29.03286384976526,12.240845070422536,3.468078077135896,-9.874500094301156
2014-08-16,24.800364842454428,22.896466919135662,27.472769953051642,19.441784037558687,2.6724051105972144,-3.454682881576975
2014-08-17,25.08447191901189,22.644071433875467,27.750234741784038,20.90422535211268,2.665762822772148,-1.7398460817627885
2014-08-18,24.81437513922924,22.344154352615078,27.528169014084508,18.516431924882628,2.7137938748552664,-3.82772242773245
2014-08-19,24.679940843048485,22.2871238335685,26.628638497652585,21.394835680751175,1.9486976546041,-0.8922881528173257
2014-08-20,25.151144278606978,23.364409296799636,27.5924882629108,16.82816901408451,2.4413439843038205,-6.536240282715127
2014-08-21,23.913919457439192,22.593276899086675,27.139906103286386,16.895305164319247,3.2259866458471933,-5.697971734767428
2014-08-22,24.56846612707608,22.471051706640992,27.562910798122065,18.46807511737089,2.9944446710459864,-4.0029765892701015
2014-08-23,25.718625034033835,22.957580752951685,27.096713615023475,17.109859154929577,1.3780885809896404,-5.847721598022108
2014-08-24,24.877871339818398,22.564014009554285,26.926291079812206,19.284037558685448,2.0484197399938076,-3.279976450868837
2014-08-25,25.763963268235955,23.890032177421404,27.697652582159627,18.895305164319247,1.9336893139236722,-4.994727013102157
2014-08-27,25.506063958812945,22.780066087473074,30.90093896713615,21.433802816901405,5.394875008323204,-1.3462632705716686
2014-08-28,26.895198138659964,23.702074948639904,34.592957746478874,21.224413145539906,7.6977596078189094,-2.4776618030999984
2014-08-29,26.145034281329742,23.882926165193965,35.25633802816902,20.269483568075117,9.111303746839276,-3.6134425971188477
2014-08-30,25.954154600133677,23.75621123239523,32.566197183098595,21.24037558685446,6.612042582964918,-2.515835645540772
2014-08-31,26.20059181703425,23.337545357788258,30.87370892018779,18.962441314553992,4.67311710315354,-4.375104043234266
2014-09-01,27.554350387366696,23.590479938615374,29.998591549295774,18.622065727699532,2.444241161929078,-4.968414210915842
2014-09-02,28.65784906314201,22.58799732679887,37.0887323943662,21.636150234741784,8.430883331224187,-0.9518470920570863
2014-09-03,27.499721046508796,23.800459394569486,34.149765258215965,18.022535211267606,6.6500442117071685,-5.777924183301881
2014-09-04,26.910039850498777,24.018678993094284,32.002347417840376,18.673708920187792,5.092307567341599,-5.3449700729064915
2014-09-05,25.161178931214522,22.98667607237445,33.34366197183098,21.875117370892017,8.18248304061646,-1.1115587014824335
2014-09-06,24.327388678498096,22.54418677755507,27.96431924882629,20.004694835680752,3.636930570328193,-2.539491941874317
2014-09-07,24.72975099626251,21.93674116977303,29.994835680751173,17.971361502347417,5.265084684488663,-3.965379667425612
2014-09-08,25.388054256082796,23.554921165317694,28.263849765258215,23.982159624413146,2.8757955091754184,0.4272384590954523
2014-09-09,25.14268161679172,22.893543971683926,30.574647887323945,24.12112676056338,5.431966270532225,1.227582788879456
2014-09-10,24.475863468726004,22.0184453355115,32.291079812206576,13.311267605633804,7.8152163434805715,-8.707177729877698
2014-09-11,24.430116333754086,22.682758347565652,29.74413145539906,16.618779342723005,5.3140151216449745,-6.063979004842647
2014-09-12,26.09927353283331,22.525416697606488,29.576056338028167,16.94600938967136,3.4767828051948584,-5.579407307935128
2014-09-13,24.751035122893086,22.862729387886418,28.570892018779343,18.54319248826291,3.8198568958862573,-4.3195368996235075
2014-09-14,25.22535729313637,22.833542239053486,32.712676056338026,18.58638497652582,7.487318763201657,-4.247157262527665
2014-09-15,24.479075517932756,22.495854310536913,29.334272300469483,14.190140845070422,4.855196782536726,-8.305713465466491
2014-09-16,25.90485829558679,22.95542808346329,28.508450704225353,16.29718309859155,2.603592408638562,-6.6582449848717395
2014-09-17,26.40207890893788,23.76618747060718,34.15915492957746,19.588732394366197,7.75707602063958,-4.177455076240982
2014-09-18,26.14408504739987,23.897118635677316,31.083098591549295,18.281690140845072,4.939013544149425,-5.615428494832244
2014-09-19,26.18402564292967,23.741900943046005,30.013145539906105,19.92206572769953,3.8291198969764366,-3.819835215346476
2014-09-20,26.7296264943937,23.34219771787832,34.24084507042254,20.61737089201878,7.511218576028838,-2.724826825859541
2014-09-21,28.99258830226978,23.72443355362492,29.62769953051643,22.20469483568075,0.6351112282466502,-1.5197387179441684
2014-09-22,28.468283953367575,23.349631197247618,32.2868544600939,20.11549295774648,3.8185705067263243,-3.2341382395011387
2014-09-23,25.286321625702385,23.159830449741378,32.192018779342725,18.085915492957746,6.9056971536403395,-5.073914956783632
2014-09-24,23.982641518774358,22.26485606791914,29.146948356807513,18.07136150234742,5.164306838033156,-4.193494565571722
2014-09-25,24.752872206133475,22.021474715972374,27.4,19.355399061032863,2.647127793866524,-2.6660756549395117
2014-09-26,25.417610950224002,22.609190861612433,24.42488262910798,22.682159624413146,-0.9927283211160223,0.07296876280071274
2014-09-27,26.229763867231043,22.912800178213445,38.90892018779343,23.05399061032864,12.679156320562385,0.1411904321151951
2014-09-28,27.26426103314276,23.7680228212173,36.81924882629108,23.53239436619718,9.554987793148321,-0.23562845502011953
2014-09-29,26.746608252271017,24.04753446696867,31.23333333333333,24.173708920187792,4.486725081062314,0.12617445321912157
2014-09-30,27.052406128561188,23.813429865597413,31.72676056338028,21.327230046948355,4.674354434819094,-2.486199818649059
2014-10-01,27.57062770723502,24.237107497339196,34.317840375586854,22.22957746478873,6.747212668351835,-2.0075300325504664
2014-10-02,27.099615108537023,24.4894856562957,33.5206572769953,22.53661971830986,6.421042168458278,-1.9528659379858375
2014-10-03,25.656522858345056,23.04095195663473,33.50516431924883,21.437089201877935,7.848641460903771,-1.6038627547567934
2014-10-04,23.332826167669168,22.494913739758942,28.425352112676055,21.407042253521126,5.092525945006887,-1.087871486237816
2014-10-05,24.439870795277386,22.984942204400852,28.668544600938965,17.807981220657275,4.228673805661579,-5.176960983743577
2014-10-06,24.126421128189975,21.905804064255847,23.907042253521126,17.33145539906103,-0.2193788746688483,-4.574348665194815
2014-10-07,25.117720600975247,23.367424568698823,25.695774647887323,21.63802816901408,0.5780540469120758,-1.7293963996847417
2014-10-08,25.129088636419908,23.851051211603703,31.772300469483568,20.68169014084507,6.64321183306366,-3.169361070758633
2014-10-09,26.116223360807965,23.339398777258054,37.9962441314554,20.429107981220657,11.880020770647434,-2.9102907960373976
2014-10-10,26.38194401128692,24.58678795079328,39.16431924882629,20.163849765258213,12.78237523753937,-4.422938185535067
2014-10-11,25.786423850894835,24.28122521719763,34.2,21.6075117370892,8.413576149105168,-2.673713480108429
2014-10-12,26.167464914234756,23.885421647979058,29.588732394366197,21.83051643192488,3.4212674801314407,-2.054905216054177
2014-10-13,26.435722630627993,23.785312739783706,29.339906103286385,21.475586854460094,2.904183472658392,-2.309725885323612
2014-10-14,27.01879483181108,24.10753421945003,29.738028169014083,23.64507042253521,2.719233337203004,-0.46246379691482176
2014-10-15,27.19437266404293,23.742282864285585,30.428169014084506,21.416901408450705,3.233796350041576,-2.3253814558348793
2014-10-16,26.694374891710595,23.907019875745675,30.001408450704226,25.188732394366195,3.3070335589936306,1.2817125186205196
2014-10-17,27.424260785624142,23.867136952055603,32.26995305164319,24.751173708920188,4.84569226601905,0.8840367568645853
2014-10-18,27.912389792331908,24.367669612138343,30.339906103286385,25.67793427230047,2.427516310954477,1.310264660162126
2014-10-19,28.4600121284127,24.474621420261883,30.583098591549295,22.85586854460094,2.1230864631365947,-1.6187528756609417
2014-10-20,28.311638820821315,24.533677631741796,29.94741784037559,19.486854460093895,1.635779019554274,-5.046823171647901
2014-10-21,27.396726071136925,24.516021385609292,28.76619718309859,21.68732394366197,1.3694711119616656,-2.828697441947323
2014-10-22,26.96307987426053,24.017431499220322,29.940845070422533,18.271361502347418,2.9777651961620037,-5.7460699968729045
2014-10-23,27.236456275834826,24.863393232840792,28.23427230046948,20.41549295774648,0.9978160246346555,-4.447900275094312
2014-10-24,27.229731937328268,24.665765203831597,33.96948356807512,16.04507042253521,6.739751630746852,-8.620694781296386
2014-10-25,26.997523328630507,24.432514789237928,30.570892018779343,19.143192488262912,3.573368690148836,-5.289322300975016
2014-10-26,28.517538674785328,24.81671963565259,38.03615023474178,19.57417840375587,9.518611559956454,-5.24254123189672
2014-10-27,28.25658077770362,24.77718571322498,32.00093896713615,24.548356807511738,3.744358189432532,-0.2288289057132431
2014-10-28,28.697284225637986,25.220863592485387,34.623943661971836,21.210328638497653,5.92665943633385,-4.010534953987733
2014-10-29,27.907212445236496,24.952815276849606,32.166197183098596,18.795774647887324,4.2589847378621,-6.157040628962282
2014-10-30,27.866702804386023,24.232177916388196,30.61830985915493,20.161032863849766,2.7516070547689075,-4.07114505253843
2014-10-31,27.383721442538615,24.49998341625212,31.205164319248826,23.82018779342723,3.8214428767102113,-0.6797956228248907
2014-11-01,26.493962030642876,24.10926189945792,29.444600938967135,21.994835680751173,2.950638908324258,-2.114426218706747
2014-11-02,25.425802579144147,23.449287641395017,32.23990610328639,21.91032863849765,6.81410352414224,-1.5389590028973679
2014-11-03,25.90968614638257,24.210063612286888,30.16619718309859,23.069483568075118,4.25651103671602,-1.1405800442117702
2014-11-04,26.405729808668127,23.33661642038561,30.924413145539905,21.771830985915493,4.518683336871778,-1.5647854344701173
2014-11-05,27.14522388059703,23.742814534293757,31.738028169014083,20.46901408450704,4.592804288417053,-3.273800449786716
2014-11-06,26.928568352268485,24.54765352342764,35.4943661971831,21.375586854460092,8.565797844914613,-3.172066668967549
2014-11-07,26.633085072151744,23.343089279968297,32.8,18.919718309859157,6.166914927848254,-4.42337097010914
2014-11-08,27.22820301477691,24.32565976089711,36.53615023474178,22.231924882629105,9.307947219964873,-2.0937348782680054
2014-11-09,29.04526323605853,25.015095418430235,41.18967136150235,23.369953051643193,12.144408125443817,-1.6451423667870415
2014-11-10,29.234039008935497,25.286213707581453,36.89483568075117,24.228638497652582,7.660796671815675,-1.0575752099288707
2014-11-11,28.75711121011858,25.042288062176738,36.26901408450704,20.79154929577465,7.511902874388461,-4.250738766402087
2014-11-12,28.803425410262207,25.342532610578928,34.593896713615024,25.292018779342722,5.790471303352817,-0.050513831236205675
2014-11-13,29.032533600653437,25.21946684488006,31.866666666666667,23.152582159624412,2.83413306601323,-2.0668846852556477
2014-11-14,30.401984109304237,25.577753768471098,32.521126760563384,22.72957746478873,2.1191426512591462,-2.8481763036823686
2014-11-15,30.09707482488062,25.544133066013217,33.375586854460096,22.792957746478873,3.278512029579474,-2.751175319534344
2014-11-16,27.228002524689998,24.950109650751244,32.931924882629104,18.377934272300468,5.703922357939106,-6.572175378450776
2014-11-17,24.932558352516082,23.78536199599023,33.694835680751176,24.090610328638498,8.762277328235093,0.30524833264826867
2014-11-18,24.251534862998483,22.86485557288188,32.838497652582156,18.998591549295774,8.586962789583673,-3.8662640235861048
2014-11-19,24.719818816365887,23.26031311106169,32.003286384976526,19.653990610328638,7.283467568610639,-3.6063225007330537
2014-11-20,24.674373406598875,23.724163015766976,32.140845070422536,21.995305164319248,7.466471663823661,-1.728857851447728
2014-11-21,26.5236741664811,24.30906611222497,33.25352112676056,19.930046948356804,6.72984696027946,-4.379019163868165
2014-11-22,26.581462835078298,24.29391797232745,32.39953051643192,21.133333333333333,5.818067681353625,-3.1605846389941163
2014-11-23,26.684543946932024,23.880610875968443,32.692018779342725,21.394835680751175,6.007474832410701,-2.4857751952172684
2014-11-25,27.532019504467712,24.970341328184986,30.94600938967136,22.458215962441315,3.413989885203648,-2.512125365743671
2014-11-26,27.675689215613488,24.79047201801933,29.77042253521127,25.66619718309859,2.0947333195977826,0.8757251650792597
2014-11-27,28.675849112645835,24.72365486002826,30.281690140845072,21.396244131455397,1.6058410281992366,-3.3274107285728647
2014-11-28,28.41304769683927,24.892653647187046,29.635680751173712,21.516431924882628,1.222633054334441,-3.376221722304418
2014-11-29,27.949644068216173,25.04965372144261,29.704225352112676,23.495305164319248,1.7545812838965027,-1.5543485571233617
2014-11-30,27.50395708027031,24.993745451845314,29.076056338028167,25.94319248826291,1.5720992577578556,0.9494470364175953
2014-12-01,26.630739585653828,24.769214128363217,27.215962441314552,24.151643192488265,0.5852228556607244,-0.6175709358749515
2014-12-02,26.88476027821099,24.066560481176225,30.582629107981223,17.71924882629108,3.6978688297702327,-6.3473116548851465
2014-12-03,26.33731541298488,24.59984554837746,31.799530516431926,19.20281690140845,5.462215103447047,-5.397028646969009
2014-12-04,27.696625331056225,24.477125318680294,35.12112676056338,19.28356807511737,7.424501429507153,-5.193557243562925
2014-12-05,28.634237271354664,25.190593054627413,36.85305164319249,21.783098591549297,8.218814371837823,-3.407494463078116
2014-12-06,26.67203138536172,24.2992537313433,37.04835680751174,23.96431924882629,10.376325422150018,-0.33493448251700997
2014-12-07,26.144104601371282,23.748720328704735,31.406103286384976,22.323474178403753,5.261998685013694,-1.425246150300982
2014-12-08,27.71933293730359,24.323210069057723,31.076525821596245,22.35070422535211,3.3571928842926546,-1.972505843705612
2014-12-09,27.089452736318435,24.700618549045828,31.984976525821597,20.370892018779344,4.895523789503162,-4.329726530266484
2014-12-10,26.9691542288557,23.84468924036537,30.5,21.20234741784037,3.5308457711442998,-2.6423418225249975
2014-12-11,26.731616544145027,23.664170936363007,30.917840375586856,21.12769953051643,4.186223831441829,-2.5364714058465765
2014-12-12,27.38622410336376,25.069373777876876,30.717840375586853,21.281220657276993,3.331616272223094,-3.7881531205998833
2014-12-13,27.508211430410142,24.870070542808378,32.05680751173709,20.19906103286385,4.548596081326949,-4.671009509944529
2014-12-14,28.801113586297447,25.21250290834388,30.41173708920188,22.94647887323944,1.6106235029044313,-2.26602403510444
2014-12-15,28.115416450087878,25.326006039454455,34.28262910798122,20.848826291079813,6.167212657893344,-4.477179748374642
2014-12-16,27.15907106259749,24.703106111234888,32.64600938967136,19.472769953051642,5.486938327073872,-5.2303361581832455
2014-12-17,27.60464790475487,24.13897972822457,34.11314553990611,22.01079812206573,6.508497635151237,-2.12818160615884
2014-12-18,26.389827974555146,24.70065938961909,33.74647887323944,22.328638497652584,7.356650898684293,-2.372020891966507
2014-12-19,28.155957030766558,25.177940645033516,29.165727699530517,21.750234741784038,1.0097706687639594,-3.4277059032494783
2014-12-20,28.879239375263012,25.146539194574416,30.380281690140844,23.676525821596247,1.5010423148778322,-1.470013372978169
2014-12-21,28.250292319497078,25.16797406004804,30.347417840375588,23.91032863849765,2.0971255208785102,-1.2576454215503894
2014-12-22,27.764051879904002,25.11994208064158,32.0056338028169,20.459154929577466,4.2415819229129,-4.660787151064113
2014-12-23,27.353310066582537,24.00283260315348,31.95868544600939,22.501877934272297,4.605375379426853,-1.5009546688811817
2014-12-24,27.578668349793304,24.273316749585433,32.705633802816905,21.97605633802817,5.126965453023601,-2.2972604115572643
2014-12-25,27.5293401153437,24.209970792802153,32.349295774647885,25.997652582159624,4.819955659304185,1.787681789357471
2014-12-26,27.50603376154055,24.26838122818748,32.092957746478874,23.922535211267604,4.586923984938323,-0.34584601691987515
2014-12-27,26.629781441053467,23.992007871092255,28.745539906103286,22.293427230046948,2.1157584650498187,-1.6985806410453073
2014-12-28,28.026982995470405,24.678744585530126,32.959154929577466,22.762910798122064,4.9321719341070605,-1.9158337874080615
2014-12-29,28.778906462711348,25.210656419395605,37.19906103286385,22.41549295774648,8.420154570152505,-2.7951634616491248
2014-12-30,29.37094799633678,25.072351179426278,34.42769953051643,23.35211267605634,5.0567515341796465,-1.7202385033699379
2014-12-31,29.80063340016335,25.543457092646292,33.60798122065728,23.050704225352113,3.8073478204939306,-2.492752867294179
2015-01-01,28.870364099898552,25.742153412044274,32.50985915492958,22.884037558685446,3.639495055031027,-2.8581158533588287
2015-01-02,28.94322888047327,25.63854186777553,33.6868544600939,24.11361502347418,4.743625579620627,-1.5249268443013513
2015-01-03,29.02803049429474,25.179871042796037,33.06948356807512,21.859154929577464,4.0414530737803815,-3.320716113218573
2015-01-04,27.10058538154999,24.913591495259993,32.423004694835676,23.659154929577465,5.322419313285685,-1.2544365656825285
2015-01-05,28.567181010371087,24.770461374718423,31.85164319248826,21.81267605633803,3.2844621821171742,-2.9577853183803917
2015-01-06,28.013696443157357,24.974843196950587,31.544600938967136,21.690140845070424,3.5309044958097786,-3.2847023518801635
2015-01-07,26.500863097448075,23.91466671617036,31.304225352112677,20.52394366197183,4.803362254664602,-3.390723054198528
2015-01-08,26.02945991435854,24.383095962971197,31.058685446009388,19.603286384976524,5.029225531650848,-4.779809577994673
2015-01-09,26.99961189079488,24.068054256082803,31.154460093896713,22.167136150234743,4.154848203101832,-1.90091810584806
2015-01-10,28.109291106655803,24.954949382441043,30.921596244131457,21.369953051643193,2.8123051374756542,-3.58499633079785
2015-01-11,29.125988960669304,25.305957278285234,30.26244131455399,21.36901408450704,1.1364523538846854,-3.9369431937781947
2015-01-12,28.347373827380522,25.205309522041546,30.705164319248826,24.382159624413145,2.357790491868304,-0.8231498976284009
2015-01-13,28.276542164797945,25.38546397366406,31.17699530516432,23.380751173708923,2.9004531403663734,-2.0047127999551364
2015-01-14,27.896537214425393,25.4083552387317,31.58075117370892,22.193896713615025,3.6842139592835252,-3.214458525116676
2015-01-15,27.80760278210937,24.89543105368682,32.07276995305164,21.346009389671362,4.26516717094227,-3.5494216640154583
2015-01-16,27.28380584639001,24.137264176629287,32.388732394366194,21.20093896713615,5.104926547976184,-2.9363252094931376
2015-01-17,28.74299299522295,25.299681691047283,31.92112676056338,22.243661971830985,3.17813376534043,-3.056019719216298
2015-01-18,28.9203754857553,25.251891042300997,31.65868544600939,23.62863849765258,2.738309960254089,-1.623252544648416
2015-01-19,28.74724140491577,26.06421623227152,30.96901408450704,22.929577464788732,2.221772679591272,-3.1346387674827874
2015-01-20,28.338635677334764,25.363963763273205,32.11877934272301,22.8981220657277,3.7801436653882448,-2.4658416975455033
2015-01-21,28.059938615380815,25.539558179252992,31.05586854460094,23.12723004694836,2.995929929220125,-2.4123281323046335
2015-01-22,28.398877750550753,24.863359817826336,34.000469483568075,18.524413145539906,5.601591733017322,-6.338946672286429
2015-01-23,29.13526868146829,26.124425880547506,31.998591549295774,20.26525821596244,2.8633228678274847,-5.859167664585065
2015-01-24,27.682869483428703,24.989585406301842,31.338497652582163,19.449295774647887,3.6556281691534593,-5.540289631653955
2015-01-25,27.299373777876838,24.67659092596722,28.966666666666665,21.1075117370892,1.6672928887898273,-3.5690791888780176
2015-01-26,28.360855176852112,25.105934506571657,29.312206572769952,19.05446009389671,0.9513513959178397,-6.051474412674946
2015-01-27,29.170507165664276,25.47426177569872,30.14882629107981,23.207042253521127,0.9783191254155348,-2.2672195221775944
2015-01-28,29.019129229474572,25.56460978688648,30.395305164319247,21.62018779342723,1.3761759348446745,-3.9444219934592475
2015-01-29,29.03528526521626,25.678999282196003,30.87699530516432,21.505633802816902,1.8417100399480617,-4.1733654793791
2015-01-30,28.87792901165824,25.951202445484057,31.327230046948355,22.909859154929578,2.449301035290116,-3.0413432905544795
2015-01-31,28.915285760253482,26.58792282369251,32.879812206572765,22.91549295774648,3.964526446319283,-3.672429865946029
2015-02-01,28.51639117843615,26.234231083389034,33.18450704225352,23.25586854460094,4.66811586381737,-2.978362538788094
2015-02-02,28.467841885101848,25.868313903121248,32.07605633802817,22.662910798122066,3.608214452926319,-3.2054031049991814
2015-02-03,28.9960528204748,25.245878814880825,32.4962441314554,22.847417840375588,3.500191310980597,-2.3984609745052374
2015-02-04,29.35936610479945,26.182492017524396,29.77793427230047,22.952582159624413,0.41856816750102155,-3.229909857899983
2015-02-05,30.158790623994435,25.539575258038155,29.84413145539906,23.767605633802816,-0.314659168595373,-1.7719696242353393
2015-02-06,30.813147694364034,26.298832702160837,27.56713615023474,23.69201877934272,-3.246011544129292,-2.606813922818116
2015-02-07,30.141100962847474,26.539882923690072,26.822535211267606,22.261971830985917,-3.318565751579868,-4.277911092704155
2015-02-08,29.468367119625725,26.451851191802234,29.14131455399061,23.029107981220655,-0.327052565635114,-3.4227432105815794
2015-02-09,28.755298878740632,26.196971609613627,27.915962441314555,22.917840375586856,-0.839336437426077,-3.279131234026771
2015-02-10,27.637387688423587,25.85313927873068,29.462441314553992,23.26572769953052,1.825053626130405,-2.587411579200161
2015-02-11,28.983544219202543,25.841479666344924,32.24553990610329,24.892018779342724,3.2619956869007467,-0.9494608870021999
2015-02-12,28.836220638103043,26.225207544367777,31.9,23.342723004694836,3.0637793618969553,-2.882484539672941
2015-02-13,28.836608994826918,25.92584663745953,31.699999999999996,23.05352112676056,2.863391005173078,-2.8723255106989676
2015-02-14,28.435821143040982,25.409262394495215,32.03943661971831,22.480751173708917,3.6036154766773265,-2.928511220786298
2015-02-15,28.11937179772781,25.204397910942873,32.9,22.731455399061034,4.78062820227219,-2.4729425118818398
2015-02-16,28.37161629662637,24.883055369916576,31.800000000000004,22.612676056338028,3.4283837033736333,-2.270379313578548
2015-02-17,29.12584539986642,26.04988985421153,32.556338028169016,22.601877934272302,3.430492628302595,-3.4480119199392263
2015-02-18,27.509330709635947,25.79451696740182,30.750234741784038,22.84413145539906,3.240904032148091,-2.9503855120027573
2015-02-19,28.776239697037227,25.136968391871562,29.035211267605632,22.492957746478872,0.2589715705684057,-2.64401064539269
2015-02-20,27.266656270884425,24.56444815722392,27.292957746478873,22.17793427230047,0.02630147559444751,-2.3865138849234526
2015-02-21,26.699224771664092,23.942457859954004,28.387793427230047,21.93286384976526,1.6885686555659554,-2.0095940101887457
2015-02-23,27.10191950694292,24.742144996411014,28.412206572769954,21.07417840375587,1.3102870658270334,-3.6679665926551444
2015-02-24,27.623572683844486,26.139701245018728,30.23286384976526,22.13802816901408,2.609291165920773,-4.001673076004646
2015-02-25,27.805168188906237,25.207766639439626,31.199999999999996,20.50093896713615,3.394831811093759,-4.706827672303476
2015-02-26,27.42105071656647,24.71639216851071,31.79765258215962,21.771361502347418,4.376601865593152,-2.945030666163291
2015-02-27,28.757702284596917,25.426816910472553,33.925821596244134,21.243192488262913,5.168119311647217,-4.18362442220964
2015-02-28,30.375499863864775,26.078162421722197,30.486854460093895,20.73286384976526,0.1113545962291198,-5.345298571956938
2015-03-01,29.16765228583455,26.180530927452367,31.483098591549293,22.35492957746479,2.315446305714744,-3.8256013499875756
2015-03-02,28.64970322516774,26.074297418380752,30.353990610328637,24.114084507042254,1.704287385160896,-1.9602129113384983
2015-03-03,28.318765129576036,26.12514541719264,29.134272300469487,22.91032863849765,0.8155071708934507,-3.214816778694992
2015-03-04,28.73738595579323,26.11741590554692,32.28826291079812,22.9962441314554,3.550876955004888,-3.121171774091522
2015-03-05,28.992136828296395,26.04443454369948,31.29906103286385,22.949295774647887,2.306924204567455,-3.0951387690515944
2015-03-06,26.990424246924647,24.727784460780697,29.9,22.43943661971831,2.9095757530753517,-2.288347841062386
2015-03-07,28.54048414643205,26.139955446647377,30.370892018779344,22.780281690140843,1.830407872347294,-3.3596737565065347
2015-03-08,28.835490953194267,24.744894185787587,32.57089201877935,22.55774647887324,3.73540106558508,-2.1871477069143452
2015-03-09,28.851647236454596,25.960857404519686,29.129577464788735,24.714084507042255,0.2779302283341387,-1.246772897477431
2015-03-10,28.96026063711298,25.146500086631534,28.603755868544603,22.177464788732394,-0.356504768568378,-2.96903529789914
2015-03-11,29.59558921808872,26.172248954233794,29.74600938967136,21.29718309859155,0.15042017158264187,-4.875065855642244
2015-03-12,28.673266998341603,26.101729907675576,31.6,22.3093896713615,2.9267330016583983,-3.7923402363140752
2015-03-13,29.16714289250268,26.46770376970875,33.372769953051645,22.243661971830985,4.205627060548963,-4.224041797877764
2015-03-14,28.78232791267544,25.64569565109781,30.598591549295776,22.2962441314554,1.8162636366203344,-3.349451519642411
2015-03-15,28.446956263458844,25.528119105962787,30.19154929577465,21.51737089201878,1.7445930323158052,-4.010748213944009
2015-03-16,29.182734090740382,25.983921685106793,30.315023474178407,21.664788732394367,1.1322893834380245,-4.319132952712426
2015-03-17,28.929994307071695,25.606539194574452,30.4037558685446,20.152112676056337,1.4737615614729052,-5.454426518518115
2015-03-18,29.12974901611352,25.976397613920483,33.8830985915493,26.02159624413146,4.753349575435777,0.04519863021097592
2015-03-19,28.434396178312454,25.976505037004074,30.60516431924883,20.275586854460094,2.1707681409363744,-5.70091818254398
2015-03-20,29.297511942773724,26.469160911858694,29.59953051643193,20.125821596244133,0.3020185736582057,-6.3433393156145605
2015-03-21,29.080902205391,26.578337417390742,29.99906103286385,20.54272300469484,0.9181588274728512,-6.035614412695903
2015-03-22,28.94507091408633,25.287865894408583,30.69295774647887,21.618779342723005,1.7478868323925418,-3.6690865516855773
2015-03-23,30.240702210341396,26.430866067671616,29.813615023474178,22.530516431924884,-0.4270871868672188,-3.900349635746732
2015-03-24,28.470478205985046,26.371635850597784,30.6981220657277,22.815023474178407,2.2276438597426527,-3.556612376419377
2015-03-25,27.870445781045078,25.997426053810614,29.7906103286385,25.562910798122065,1.9201645475934228,-0.43451525568854876
2015-03-26,27.63558154501129,24.99768891859111,31.199999999999996,19.625821596244133,3.5644184549887044,-5.371867322346976
2015-03-27,28.88026880522756,26.111646988935888,31.97793427230047,19.56384976525822,3.097665467072911,-6.547797223677669
2015-03-28,29.235343184574674,25.930743298433242,31.69154929577465,20.657746478873243,2.4562061111999753,-5.272996819559999
2015-03-29,28.498814385782566,25.72694339249034,32.27887323943662,22.757746478873237,3.7800588536540545,-2.969196913617104
2015-03-30,30.007929259176763,26.807540654934314,32.18591549295775,22.135211267605634,2.1779862337809845,-4.672329387328681
2015-03-31,29.783652879879185,26.571401450459177,31.9,22.057276995305163,2.116347120120814,-4.514124455154015
2015-04-01,29.405549120071328,26.478982450929493,31.05023474178404,20.90093896713615,1.6446856217127106,-5.578043483793344
2015-04-02,30.15890695774857,26.884173164030585,30.80798122065728,20.04131455399061,0.6490742629087087,-6.8428586100399755
2015-04-03,29.14375386747855,27.087315165466237,32.095774647887325,22.07136150234742,2.9520207804087732,-5.015953663118818
2015-04-04,28.500034900126252,26.5323514269449,29.81267605633803,21.331924882629107,1.3126411562117788,-5.200426544315793
2015-04-05,28.39629068587419,25.514492463057877,30.01737089201878,23.72347417840376,1.6210802061445868,-1.7910182846541183
2015-04-06,31.45401895992677,26.26243088042378,32.36760563380281,21.37230046948357,0.9135866738760399,-4.890130410940209
2015-04-07,32.42693398678256,27.032042771218585,33.922065727699525,22.68356807511737,1.4951317409169675,-4.3484746961012135
2015-04-08,28.800692804633627,25.55845399866348,33.27042253521127,22.632863849765258,4.46972973057764,-2.925590148898223
2015-04-09,27.4240424741962,25.106988688398758,31.6056338028169,20.678873239436623,4.181591328620701,-4.428115448962135
2015-04-10,26.42099824261777,25.43342986559736,31.475586854460094,21.018779342723004,5.054588611842323,-4.414650522874357
2015-04-11,27.371227939902496,25.14970990817062,30.492957746478872,21.96431924882629,3.1217298065763757,-3.185390659344332
2015-04-12,27.58350313111066,25.786482017771846,30.098591549295776,18.785446009389673,2.5150884181851154,-7.001036008382172
2015-04-13,27.926553550654717,25.803978366872173,31.494835680751173,19.15070422535211,3.5682821300964562,-6.653274141520061
2015-04-14,27.471590802207913,25.554461028192407,30.176525821596247,19.77793427230047,2.7049350193883335,-5.776526755891936
2015-04-15,28.033054379842156,25.78628573550168,30.967605633802815,18.75586854460094,2.9345512539606595,-7.030417190900739
2015-04-16,28.15460706418162,25.203210069057718,30.427699530516428,19.703286384976526,2.273092466334809,-5.4999236840811925
2015-04-17,28.63897997574327,25.96412613549171,32.20234741784038,19.825352112676057,3.5633674420971104,-6.138774022815653
2015-04-18,27.78517561446506,25.333128882948472,31.199999999999996,21.62394366197183,3.414824385534935,-3.709185220976643
2015-04-19,28.695002846464263,25.751119526744446,31.6,22.26150234741784,2.9049971535357386,-3.4896171793266078
2015-04-20,28.59420509393334,25.415009281948528,31.9037558685446,24.515962441314553,3.3095507746112602,-0.8990468406339751
2015-04-21,29.214143461795516,25.348714635776332,31.528638497652583,21.081220657276997,2.3144950358570675,-4.267493978499335
2015-04-22,30.2895606544393,25.884967451300724,32.30093896713615,21.05117370892019,2.0113783126968485,-4.833793742380536
2015-04-23,28.070204202866307,25.78605405806786,30.977464788732394,21.205164319248826,2.907260585866087,-4.580889738819035
2015-04-24,27.34804955322886,25.49174500631176,28.966666666666665,22.59906103286385,1.6186171134378036,-2.892683973447909
2015-04-25,28.61141580653947,25.78011484864237,31.980751173708917,21.338497652582163,3.369335367169448,-4.441617196060207
2015-04-26,27.207370609638417,25.782522462315285,32.04741784037559,20.0924882629108,4.84004723073717,-5.6900341994044865
2015-04-27,26.26030915076359,24.863939011410707,32.73661971830986,21.970892018779345,6.476310567546271,-2.893046992631362
2015-04-28,27.03422390534888,24.692096235241706,31.05305164319249,22.46713615023474,4.018827737843608,-2.224960085006966
2015-04-29,27.060694784782584,24.963230118066406,31.193896713615025,22.62769953051643,4.133201928832442,-2.3355305875499752
2015-04-30,26.361949456696607,24.848192866513216,31.206572769953052,18.528638497652583,4.844623313256445,-6.319554368860633
2015-05-01,26.26185143932088,24.640044553352652,32.29295774647887,19.463849765258217,6.031106307157991,-5.176194788094435
2015-05-02,25.94666097373829,24.129072300190614,29.75492957746479,20.678403755868544,3.8082686037265,-3.4506685443220704
2015-05-03,26.728952748694383,24.550979926239506,32.2,20.374178403755867,5.47104725130562,-4.17680152248364
2015-05-04,27.15423034083318,24.32619341105419,29.371361502347415,18.861032863849765,2.217131161514235,-5.465160547204427
2015-05-05,27.106897601544517,25.295408034454624,32.27370892018779,21.314084507042253,5.166811318643269,-3.9813235274123713
2015-05-06,27.076323110814087,25.29057350065591,29.1,21.323474178403753,2.0236768891859143,-3.9670993222521567
2015-05-07,27.42391351699223,24.95311724957304,30.11737089201878,20.674647887323943,2.6934573750265507,-4.278469362249098
2015-05-08,27.775721640553456,25.106309992326942,30.086854460093896,21.007981220657275,2.3111328195404397,-4.098328771669667
2015-05-09,26.286691666047943,24.32110517066417,29.6,21.75399061032864,3.313308333952058,-2.567114560335529
2015-05-10,26.77947625058789,24.590010890819485,28.68450704225352,22.362910798122066,1.9050307916656308,-2.2271000926974196
2015-05-11,27.757349818073862,24.867396846612735,29.565727699530516,21.694366197183097,1.8083778814566536,-3.173030649429638
2015-05-12,29.598342367763166,25.78627286453309,30.2056338028169,18.703286384976526,0.6072914350537353,-7.082986479556563
2015-05-13,28.567447092893815,26.069647038439655,30.749765258215962,17.505164319248827,2.1823181653221475,-8.564482719190828
2015-05-14,26.324874136778817,24.390010890819553,29.603286384976524,22.016431924882628,3.278412248197707,-2.3735789659369253
2015-05-15,25.607265166703826,24.66940496522369,26.67089201877934,20.72676056338028,1.0636268520755152,-3.9426444018434097
2015-05-16,26.013145219177773,24.790010395782303,28.206572769953052,20.285446009389673,2.1934275507752794,-4.50456438639263
2015-05-17,27.170497759956447,25.249536892651122,26.853521126760565,25.347887323943663,-0.3169766331958819,0.09835043129254117
2015-05-18,25.982449196802122,24.79539912378408,28.87370892018779,19.022535211267606,2.8912597233856694,-5.772863912516474
2015-05-19,25.437755006064265,24.4097138684686,28.52112676056338,19.974647887323947,3.0833717544991153,-4.435065981144653
2015-05-20,25.72258830226974,23.842612806613715,27.528169014084508,20.612676056338028,1.8055807118147662,-3.2299367502756873
2015-05-21,25.50615405559273,23.792683101903435,29.72676056338028,18.208920187793428,4.220606507787551,-5.583762914110007
2015-05-22,26.374198905967717,24.446600084156387,27.292018779342722,19.584037558685445,0.9178198733750058,-4.862562525470942
2015-05-24,26.897328531472056,25.205828073562543,27.117840375586855,19.17981220657277,0.22051184411479952,-6.026015866989773
2015-05-25,26.322520234647754,24.561030915076344,27.7962441314554,20.34037558685446,1.4737238968076447,-4.220655328221884
2015-05-26,25.893268235934727,24.384763990990336,28.195774647887323,18.10657276995305,2.3025064119525958,-6.278191221037286
2015-05-27,27.89161283136559,25.37199301997481,28.6,18.118779342723005,0.7083871686344096,-7.253213677251804
2015-05-28,26.989143585554814,25.2187841885102,29.013615023474177,18.35070422535211,2.024471437919363,-6.868079963158088
2015-05-29,27.46797480260392,24.079101259869844,28.95492957746479,16.118779342723005,1.4869547748608696,-7.960321917146839
2015-05-30,27.05009281948469,25.203314521917775,29.225821596244135,18.546478873239437,2.1757287767594455,-6.656835648678339
2015-05-31,26.60469592336824,24.80221875696151,30.897652582159623,19.047887323943662,4.2929566587913826,-5.754331433017846
2015-06-01,26.15640182173712,24.705001608871157,30.601408450704227,18.78450704225352,4.445006628967107,-5.920494566617638
2015-06-02,25.78188336922352,23.674410781911376,33.68826291079812,19.920657276995307,7.906379541574601,-3.7537535049160695
2015-06-03,26.1695255067944,24.087218633202212,28.590610328638498,20.770892018779342,2.4210848218440972,-3.31632661442287
2015-06-04,25.02197544615234,23.918273557585223,29.966197183098593,20.522535211267606,4.944221736946254,-3.395738346317618
2015-06-05,24.885012252172032,23.634976114452627,29.35868544600939,17.651643192488265,4.473673193837357,-5.983332921964362
2015-06-06,25.880815326353286,24.09495185762728,28.00985915492958,17.550704225352113,2.129043828576293,-6.544247632275166
2015-06-07,25.169380708398364,24.129589366599873,30.09953051643193,17.600469483568077,4.9301498080335655,-6.529119883031797
2015-06-08,25.45675379322296,24.092321972228433,28.048826291079816,19.090610328638498,2.592072497856858,-5.001711643589935
2015-06-09,25.05825845894907,23.792446226578534,29.0849765258216,17.574647887323945,4.0267180668725295,-6.217798339254589
2015-06-10,25.624907551793285,23.5972961065321,28.072769953051644,20.10704225352113,2.4478624012583587,-3.4902538530109695
2015-06-11,26.33236157520855,23.962034108066632,28.300000000000004,20.465258215962443,1.9676384247914527,-3.496775892104189
2015-06-12,25.78839038637659,23.75256033266504,28.182629107981217,17.986854460093895,2.3942387216046264,-5.7657058725711465
2015-06-13,26.064248904730107,24.28509319076261,28.406572769953048,19.22676056338028,2.342323865222941,-5.0583326273823275
2015-06-14,25.58051954159555,23.73517833716994,28.975586854460094,18.524413145539906,3.395067312864544,-5.210765191630035
2015-06-15,27.048771812578934,24.23217766886961,28.11361502347418,19.230046948356808,1.0648432108952441,-5.0021307205128025
2015-06-16,27.622984332070985,24.975874112026986,28.959154929577466,18.63568075117371,1.3361705975064808,-6.340193360853277
2015-06-17,26.442711071508086,24.55951189327004,29.635211267605634,17.608920187793426,3.192500196097548,-6.950591705476615
2015-06-18,27.243795203089007,24.376187470607192,28.165727699530517,17.63943661971831,0.9219324964415101,-6.736750850888882
2015-06-19,25.50880572263071,24.008563154377384,28.228169014084507,16.911267605633803,2.7193632914537957,-7.097295548743581
2015-06-20,26.934108066632064,24.235194673399178,28.159154929577465,20.58075117370892,1.2250468629454012,-3.6544434996902595
2015-06-21,26.177827776540198,24.724042474196153,26.715962441314552,18.79718309859155,0.5381346647743541,-5.926859375604604
2015-06-22,26.145133041261374,23.685645157298154,27.225352112676056,24.030046948356805,1.0802190714146818,0.344401791058651
2015-06-23,25.9972119501993,24.136569639365405,27.74600938967136,19.090140845070422,1.7487974394720602,-5.046428794294982
2015-06-24,26.288980718299058,24.890561372243326,26.869014084507043,20.158215962441314,0.5800333662079851,-4.7323454098020115
2015-06-25,25.051865052845244,23.295680799980232,26.918309859154927,17.62957746478873,1.8664448063096835,-5.666103335191501
2015-06-26,24.033763768223537,22.725124378109513,27.3906103286385,18.876525821596243,3.3568465604149615,-3.84859855651327
2015-06-27,23.98943070716075,22.34621717284233,26.859624413145536,15.780281690140844,2.8701937059847857,-6.5659354827014855
2015-06-28,24.09242345486507,22.391746243904947,25.630046948356807,16.860093896713614,1.5376234934917363,-5.531652347191333
2015-06-29,24.023245464221247,22.7416031781392,24.469953051643195,18.65070422535211,0.4467075874219475,-4.090898952787089
2015-06-30,25.52437340659884,23.19402836563455,25.438028169014085,21.38356807511737,-0.0863452375847551,-1.810460290517181
2015-07-01,25.88680577213438,24.29001782134111,24.735211267605635,18.323943661971832,-1.1515945045287452,-5.966074159369278
2015-07-02,26.348764139501554,24.493495705551823,26.547417840375587,16.4037558685446,0.19865370087403278,-8.089739837007222
2015-07-03,25.545803816737248,23.581435855548136,26.74600938967136,20.568544600938967,1.200205572934113,-3.012891254609169
2015-07-04,26.331083636543667,24.543092250191876,27.53849765258216,18.92394366197183,1.2074140160384914,-5.619148588220046
2015-07-05,26.974762010841403,24.588630231924924,29.203286384976526,20.193427230046947,2.228524374135123,-4.395203001877977
2015-07-06,25.218304744932027,23.509397539664917,26.13051643192488,18.107981220657276,0.9122116869928547,-5.401416319007641
2015-07-07,24.53670899235169,23.459208187916204,26.23849765258216,18.969483568075116,1.70178866023047,-4.489724619841088
2015-07-08,24.603783817232284,23.000183658820333,26.2962441314554,19.890140845070423,1.6924603142231156,-3.11004281374991
2015-07-09,25.05339843073193,23.166250340338195,26.814553990610328,18.96056338028169,1.7611555598783966,-4.205686960056504
2015-07-10,25.450762109848768,23.77537065914214,27.551643192488264,17.92300469483568,2.1008810826394964,-5.852365964306461
2015-07-11,26.01867602287075,23.519043835548644,28.466666666666665,16.300469483568076,2.447990643795915,-7.218574351980568
2015-07-12,25.042452167025658,24.035481795005126,27.607511737089204,17.78779342723005,2.5650595700635463,-6.247688367775076
2015-07-13,25.59608227519118,23.230745031063634,27.602347417840377,16.292488262910798,2.006265142649198,-6.938256768152836
2015-07-14,26.85649884903836,23.931196009999724,28.0,15.68075117370892,1.1435011509616402,-8.250444836290804
2015-07-15,26.376401326699863,23.773989010173068,27.506103286384977,16.84131455399061,1.1297019596851143,-6.932674456182458
2015-07-16,26.46764486027581,23.803649167099877,25.726291079812206,15.419718309859155,-0.741353780463605,-8.383930857240722
2015-07-17,25.419557436697175,24.03847825548877,25.775586854460094,18.13755868544601,0.35602941776291885,-5.90091957004276
2015-07-18,25.714568451276023,22.623033340758923,26.390140845070423,20.731455399061034,0.6755723937944005,-1.8915779416978893
2015-07-19,26.586268409197828,23.139790104205304,25.686384976525822,19.571830985915494,-0.8998834326720058,-3.56795911828981
2015-07-20,25.589178733199674,23.278555233781333,27.59906103286385,18.46150234741784,2.009882299664177,-4.817052886363491
2015-07-21,25.358513898170827,23.517420855919397,26.884037558685446,16.08262910798122,1.5255236605146187,-7.434791747938178
2015-07-22,25.586736219400507,23.22081978168859,28.39342723004695,19.92676056338028,2.8066910106464427,-3.294059218308309
2015-07-23,24.211327689908728,22.53045469171559,26.848356807511735,19.6924882629108,2.6370291176030065,-2.8379664288047906
2015-07-24,24.57580134155097,22.57414346179553,27.03192488262911,19.474647887323947,2.4561235410781386,-3.0994955744715824
2015-07-25,25.71009578970819,23.638544342961836,26.495305164319248,17.382159624413145,0.7852093746110569,-6.256384718548691
2015-07-26,25.807383480606973,23.02971238335681,26.57323943661972,20.505633802816902,0.7658559560127465,-2.524078580539907
2015-07-27,26.270252716516893,23.703093735303582,27.245539906103286,19.775586854460094,0.9752871895863926,-3.927506880843488
2015-07-28,25.666299349026076,22.267467389421085,28.199999999999996,20.083098591549295,2.5337006509739197,-2.184368797871791
2015-07-29,26.21239499022306,23.262204648399802,28.135211267605634,20.49014084507042,1.922816277382573,-2.772063803329381
2015-07-30,25.470606668151845,22.98371550209157,29.53145539906103,19.92488262910798,4.060848730909186,-3.05883287298359
2015-07-31,26.008730724487066,23.718991114081348,29.914084507042254,20.19154929577465,3.9053537825551885,-3.5274418183066985
2015-08-01,24.791866785475634,22.205950100245104,26.1,20.03849765258216,1.3081332145243678,-2.1674524476629458
2015-08-02,26.028370584886545,23.474845424618252,28.784976525821595,16.734272300469485,2.7566059409350494,-6.740573124148767
2015-08-03,25.777175317442698,22.638126036484266,29.003286384976526,19.524413145539906,3.2261110675338287,-3.1137128909443597
2015-08-04,26.119426499344115,24.398905967674125,30.49906103286385,19.02488262910798,4.379634533519734,-5.374023338566143
2015-08-05,24.84957575307544,22.65263137051062,28.1,19.1,3.2504242469245597,-3.5526313705106176
2015-08-06,25.358750030939916,23.14204277121854,27.916901408450705,15.26150234741784,2.5581513775107894,-7.880540423800701
2015-08-07,25.15900002475189,23.53210192817005,27.91924882629108,19.83943661971831,2.7602488015391913,-3.6926653084517405
2015-08-08,25.192166283012853,23.437699809410674,27.699999999999996,20.643192488262912,2.507833716987143,-2.794507321147762
2015-08-09,25.06937476795133,22.831919754461524,25.13474178403756,16.692018779342725,0.06536701608622764,-6.139900975118799
2015-08-10,24.296262963788138,21.984173906586477,31.700469483568074,17.216901408450703,7.404206519779937,-4.767272498135775
2015-08-11,25.385897626296412,23.05770401722731,28.650704225352115,17.988732394366195,3.264806599055703,-5.068971622861113
2015-08-12,25.21503873666495,22.531998712903146,42.977934272300466,16.35774647887324,17.762895535635515,-6.1742522340299075
2015-08-13,26.11402613796696,23.047688423553893,36.8,18.53286384976526,10.685973862033038,-4.514824573788633
2015-08-14,23.631535358035705,22.63859038142624,24.63943661971831,19.826760563380283,1.0079012616826049,-2.8118298180459576
2015-08-15,24.070945521150463,22.690475730798767,24.848826291079813,18.243661971830985,0.7778807699293502,-4.446813758967782
2015-08-16,25.47030964580091,23.414464740971766,23.80892018779343,20.846009389671362,-1.6613894580074806,-2.568455351300404
2015-08-17,24.804432068513165,22.832972946214227,28.05023474178404,20.01455399061033,3.245802673270873,-2.818418955603896
2015-08-18,24.64504814237273,22.11756639687144,25.877464788732393,19.5962441314554,1.2324166463596633,-2.521322265416039
2015-08-19,24.857907972574992,23.134770921511915,32.21126760563381,21.77511737089202,7.353359633058815,-1.3596535506198961
2015-08-20,26.61872280389099,23.104031583376695,31.6,22.374647887323945,4.981277196109012,-0.72938369605275
2015-08-22,25.272014801613864,23.778299052003717,24.580281690140847,20.96338028169014,-0.6917331114730167,-2.8149187703135787
2015-08-23,25.350306923095957,23.502316774337316,27.289201877934275,20.401877934272303,1.938894954838318,-3.1004388400650136
2015-08-24,25.793910299250058,23.716184995420917,29.684976525821593,20.50093896713615,3.8910662265715352,-3.215246028284767
2015-08-25,25.959251008638432,23.836434989233,30.328169014084505,19.474178403755868,4.368918005446073,-4.36225658547713
2015-08-26,25.55439568327523,23.24893220464844,32.852112676056336,21.84319248826291,7.297716992781105,-1.4057397163855292
2015-08-27,25.823539268830018,23.24785129080965,29.299530516431926,21.422535211267604,3.4759912476019075,-1.825316079542045
2015-08-28,25.90667879507936,23.36636296131286,28.572769953051644,19.000469483568075,2.6660911579722857,-4.365893477744784
2015-08-29,24.73750154699144,23.204146679537644,30.997652582159624,22.424413145539905,6.260151035168185,-0.7797335339977387
2015-08-30,25.193341501448003,23.111424717210014,34.7,21.314084507042253,9.506658498552,-1.7973402101677607
2015-08-31,25.71469146803298,23.37704660775728,31.82910798122066,18.5943661971831,6.1144165131876775,-4.78268041057418
2015-09-01,26.176799584168748,22.799638870324998,29.00281690140845,17.505633802816902,2.826017317239703,-5.294005067508095
2015-09-02,26.133890497759978,23.592340041088164,33.6018779342723,23.71924882629108,7.467987436512324,0.1269087852029145
2015-09-03,26.155135021410445,23.618340882651466,33.382629107981224,15.557276995305163,7.227494086570779,-8.061063887346304
2015-09-04,28.26379396549595,23.63465186505283,31.11361502347418,20.87136150234742,2.849821057978229,-2.763290362705412
2015-09-05,29.839153486299892,23.570705923120727,32.94084507042253,21.826760563380283,3.1016915841226407,-1.7439453597404437
2015-09-06,27.346265686492927,24.575058043117792,20.313615023474178,22.156338028169014,-7.0326506630187495,-2.4187200149487786
2015-09-07,27.675702086582078,23.79585480557415,27.13849765258216,19.193896713615025,-0.5372044339999178,-4.601958091959126
2015-09-08,27.88092225439965,24.13357392143763,20.133802816901408,23.34694835680751,-7.747119437498242,-0.7866255646301212
2015-09-09,27.41398603994952,24.547838419841128,29.405164319248822,23.270892018779342,1.9911782792993016,-1.2769464010617853
2015-09-10,27.13093958070351,24.304298408455224,24.654929577464788,21.891079812206574,-2.4760100032387236,-2.413218596248651
2015-09-11,26.580227717135756,24.081381648969113,26.004225352112673,24.848356807511735,-0.5760023650230828,0.7669751585426212
2015-09-12,27.825693423430096,24.06686938442124,22.846478873239437,21.773708920187794,-4.979214550190658,-2.293160464233445
2015-09-13,27.52094403603877,24.39030568550288,24.853990610328637,22.06244131455399,-2.6669534257101333,-2.327864370948891
2015-09-14,25.940939828222042,24.027399321798953,20.583098591549295,21.94788732394366,-5.357841236672748,-2.079511997855292
2015-09-15,26.766176332269083,23.877836934729373,33.38920187793427,20.089201877934272,6.623025545665186,-3.7886350567951013
2015-09-16,25.200662607361267,23.430764337516337,40.5,18.690610328638495,15.299337392638733,-4.740154008877841
2015-09-17,25.92019900497513,23.997205762233648,31.600469483568077,21.10657276995305,5.680270478592945,-2.8906329922805973
2015-09-18,26.769469072547793,24.4946481522735,44.64600938967136,23.398591549295773,17.87654031712357,-1.0960566029777254
2015-09-19,25.051654662013334,23.03087225563729,41.11408450704226,18.298591549295775,16.062429845028923,-4.732280706341516
2015-09-20,25.166478057473853,22.971801193039823,39.96056338028169,19.72018779342723,14.794085322807838,-3.2516133996125944
2015-09-21,26.28693274918936,22.867377292641265,33.4755868544601,21.586854460093896,7.188654105270736,-1.2805228325473692
2015-09-22,27.200946016187743,24.264311526942436,33.09530516431925,23.47981220657277,5.894359148131507,-0.7844993203696653
2015-09-23,27.343129873022974,24.342398703002402,29.199999999999996,24.17699530516432,1.8568701269770216,-0.16540339783808378
2015-09-24,27.388825771639347,24.054626370634423,4.711267605633803,22.3018779342723,-22.677558166005543,-1.752748436362122
2015-09-25,27.50963986039949,24.230078463404425,32.17464788732395,23.34413145539906,4.665008026924461,-0.8859470080053633
2015-09-26,27.892200440583224,24.412170738348095,38.108450704225355,23.901408450704224,10.21625026364213,-0.5107622876438711
2015-09-27,26.885217692631443,24.21823519219822,29.715492957746477,21.258215962441316,2.8302752651150342,-2.960019229756906
2015-09-28,27.770517561446525,24.188897552040828,32.94600938967136,20.823474178403753,5.1754918282248354,-3.365423373637075
2015-09-29,28.062185589465685,24.283445211752166,29.74413145539906,23.09530516431925,1.6819458659333755,-1.188140047432917
2015-09-30,27.0903574168957,24.356959976238272,30.300000000000004,24.934272300469484,3.209642583104305,0.5773123242312117
2015-10-01,27.12667310215096,24.377676790178555,28.802816901408452,21.257746478873237,1.676143799257492,-3.1199303113053176
2015-10-02,26.96453701641053,24.53555060518306,31.64929577464789,19.49906103286385,4.684758758237358,-5.036489572319212
2015-10-03,27.80604440484143,23.828786663696462,27.477464788732394,21.625352112676055,-0.3285796161090353,-2.2034345510204076
2015-10-04,28.194200886116732,24.391908616123374,28.231455399061034,22.719718309859157,0.037254512944301155,-1.6721903062642163
2015-10-05,29.458832207123578,24.32409420558895,28.97887323943662,23.079342723004693,-0.479958967686958,-1.244751482584256
2015-10-06,27.16114130838355,25.121040073265533,26.822535211267606,26.672769953051645,-0.33860609711594236,1.5517298797861123
2015-10-07,25.320321774213483,23.878135194673405,29.699999999999996,22.41361502347418,4.379678225786513,-1.4645201711992257
2015-10-08,26.239006212717527,23.68130145293435,36.58356807511737,20.93286384976526,10.344561862399843,-2.7484376031690907
2015-10-09,26.45406450335389,23.65035791193293,58.17981220657278,19.54131455399061,31.725747703218886,-4.109043357942319
2015-10-10,26.436479790104272,23.653062547956722,31.90046948356807,23.479342723004695,5.463989693463798,-0.17371982495202687
2015-10-11,27.66430113116013,24.430157421846047,34.16291079812206,24.963849765258217,6.498609666961933,0.5336923434121701
2015-10-12,28.07275933764015,24.761373728373087,37.595774647887325,22.748826291079812,9.523015310247175,-2.012547437293275
2015-10-13,27.74748719091116,24.772516521868283,38.36338028169014,21.619248826291077,10.615893090778982,-3.153267695577206
2015-10-14,27.448111432885355,24.726624093463045,13.494835680751175,22.972769953051642,-13.95327575213418,-1.753854140411402
2015-10-15,27.55676220885624,24.79590950719046,37.45352112676056,23.279342723004696,9.896758917904322,-1.5165667841857626
2015-10-16,27.620596272369482,24.933096210489907,35.0,24.17699530516432,7.3794037276305176,-0.7561009053255887
2015-10-17,27.190289844310826,24.582480631667522,38.68826291079812,25.56056338028169,11.497973066487297,0.9780827486141668
2015-10-18,26.87355436746617,24.692254399643616,34.42910798122065,27.43286384976526,7.555553613754483,2.7406094501216423
2015-10-19,27.27986411227448,24.40587188435933,30.506103286384977,25.360093896713614,3.2262391741104963,0.9542220123542862
2015-10-20,27.548048810673038,24.282980619291607,30.069014084507042,24.513145539906105,2.5209652738340047,0.23016492061449867
2015-10-21,28.699886636469387,24.807344125145505,34.105633802816904,26.03192488262911,5.405747166347517,1.2245807574836043
2015-10-22,28.996667161703954,24.880060889581955,34.32910798122066,24.576525821596245,5.332440819516705,-0.3035350679857096
2015-10-23,28.690190589341853,25.167267394371436,40.70046948356808,23.791079812206572,12.010278894226225,-1.3761875821648637
2015-10-24,28.640688596816915,25.111579416351105,37.36760563380282,25.305164319248828,8.726917036985903,0.19358490289772234
2015-10-25,28.10313185317193,25.156989430954695,31.260093896713613,24.038028169014087,3.1569620435416823,-1.1189612619406084
2015-10-26,28.2065498378754,25.197860448998824,30.454460093896714,23.295774647887324,2.2479102560213136,-1.9020858011115003
2015-10-27,27.681952674438833,24.14673374421426,29.657276995305164,24.12112676056338,1.9753243208663314,-0.02560698365087788
2015-10-28,29.19473280364349,24.523089775005587,32.49718309859155,23.069483568075118,3.302450294948059,-1.4536062069304698
2015-10-29,29.739311403183137,25.032631618029257,37.34225352112676,27.193427230046947,7.60294211794362,2.16079561201769
2015-10-30,28.45322294002625,25.653760302962837,29.290610328638497,23.72394366197183,0.837387388612246,-1.9298166409910067
2015-10-31,28.239016113462583,25.486408752258626,33.39483568075117,22.21220657276995,5.155819567288589,-3.2742021794886753
2015-11-01,28.87437786193408,24.839067349818038,32.20798122065728,23.124882629107983,3.3336033587232023,-1.7141847207100547
2015-11-02,28.185593178386682,24.959371550209255,33.86854460093897,23.00281690140845,5.682951422552286,-1.9565546488008039
2015-11-03,28.310334150144854,24.91881735600606,33.3849765258216,24.451643192488262,5.074642375676746,-0.4671741635177966
2015-11-04,28.309893319472337,25.22793866488456,35.422065727699525,23.555399061032865,7.112172408227188,-1.6725396038516962
2015-11-05,28.93823172693743,24.988234944679675,36.29671361502347,22.884037558685446,7.35848188808604,-2.1041973859942296
2015-11-06,29.319426251825462,25.440190094304626,36.111267605633806,28.034272300469485,6.791841353808344,2.5940822061648596
2015-11-07,28.874373654117505,25.380457909457732,35.95399061032864,26.36056338028169,7.079616956211133,0.9801054708239576
2015-11-08,27.923451399717862,25.032373951139846,33.68356807511737,24.646948356807513,5.760116675399509,-0.38542559433233237
2015-11-09,28.410715328828474,24.59116606024611,32.78075117370892,22.76572769953052,4.370035844880448,-1.8254383607155908
2015-11-10,28.604091482884144,25.79002623697437,32.79765258215962,27.980751173708917,4.1935610992754775,2.190724936734547
2015-11-11,28.31945323135568,24.918730724487034,33.3,24.016431924882628,4.980546768644317,-0.9022987996044058
2015-11-12,29.539354718942604,25.015541942031177,33.08826291079812,23.653521126760563,3.548908191855517,-1.3620208152706148
2015-11-13,29.738417118388213,24.810423009331487,34.73474178403756,23.617840375586855,4.996324665649347,-1.1925826337446317
2015-11-14,30.952369000767362,25.403183089527545,37.105633802816904,24.199530516431924,6.1532648020495415,-1.2036525730956207
2015-11-15,31.03507908220098,25.702363060320295,39.92863849765258,24.179342723004694,8.893559415451598,-1.5230203373156002
2015-11-16,29.562579391599286,25.810969282938572,42.19436619718309,26.839906103286385,12.631786805583808,1.0289368203478126
2015-11-17,29.537185218187687,25.674972401673244,39.89201877934272,25.62300469483568,10.354833561155033,-0.051967706837565686
2015-11-18,29.59442315784264,25.23607212692758,37.202816901408454,25.484976525821597,7.608393743565813,0.24890439889401605
2015-11-20,29.8017365906785,25.383344471671535,33.04131455399061,24.818779342723,3.239577963312108,-0.5645651289485336
2015-11-21,29.711499962872267,25.51370758149551,33.78169014084507,21.020657276995305,4.070190177972805,-4.493050304500205
2015-11-22,29.12749857676789,25.860666320140638,31.728169014084507,28.77511737089202,2.600670437316616,2.9144510507513814
2015-11-23,29.88825920150498,25.556383752877423,26.03568075117371,23.452582159624413,-3.8525784503312686,-2.10380159325301
2015-11-24,31.766164451375005,25.616624588500258,31.833333333333332,25.300469483568076,0.06716888195832738,-0.31615510493218224
2015-11-25,32.06473527882969,26.02871958614884,30.486384976525823,28.34694835680751,-1.578350302303864,2.3182287706586706
2015-11-26,31.47394099155963,26.469932674933887,28.962910798122063,24.23380281690141,-2.5110301934375663,-2.236129858032477
2015-11-27,29.58440979183689,26.337753768471146,29.02769953051643,23.32300469483568,-0.5567102613204611,-3.014749073635464
2015-11-28,29.178764387020124,25.433209574020452,33.29577464788732,22.835680751173708,4.117010260867197,-2.597528822846744
2015-11-29,29.992848939382668,25.75938937155024,33.33145539906103,21.55211267605634,3.33860645967836,-4.207276695493903
2015-11-30,29.612146976559984,25.374448652261094,34.599530516431926,22.423943661971833,4.987383539871942,-2.950504990289261
2015-12-01,28.840170540333133,25.89478998044609,33.75070422535211,23.146478873239435,4.910533685018976,-2.748311107206657
2015-12-02,28.757357491151254,25.83872923937531,32.7,21.842253521126757,3.942642508848749,-3.996475718248554
2015-12-03,30.378228261676668,25.396141927180054,32.27417840375587,22.133333333333333,1.8959501420792009,-3.262808593846721
2015-12-04,30.984985272641836,25.414941214326404,30.85774647887324,24.358215962441314,-0.1272387937685977,-1.0567252518850907
2015-12-05,31.63082695972878,25.744781812331382,31.839906103286385,22.85211267605634,0.20907914355760582,-2.8926691362750425
2015-12-06,31.028630974480905,26.12754263508333,34.60093896713615,26.175586854460093,3.5723079926552472,0.04804421937676295
2015-12-07,30.809768075047657,25.691348481473256,33.503286384976526,27.503286384976526,2.6935183099288693,1.8119379035032708
2015-12-08,29.836359248533427,25.336347615158047,28.694366197183097,26.931455399061033,-1.1419930513503296,1.5951077839029857
2015-12-09,28.910928689883917,25.890555926833542,33.25492957746479,25.019248826291083,4.344000887580876,-0.8713071005424595
2015-12-10,29.799969307690446,25.486983242989083,31.86525821596244,25.605164319248825,2.065288908271995,0.1181810762597415
2015-12-11,30.274511521992054,25.188759436647672,36.32816901408451,23.331455399061035,6.053657492092455,-1.857304037586637
2015-12-12,30.149647533476866,25.921194524887994,32.20328638497653,23.918779342723003,2.053638851499663,-2.0024151821649916
2015-12-13,29.965734264003345,25.58024083562293,33.6906103286385,23.588732394366197,3.724876064635154,-1.9915084412567339
2015-12-14,28.578061929160185,25.143928863146982,32.97652582159625,24.664788732394367,4.398463892436062,-0.4791401307526151
2015-12-15,27.763749907180568,25.276583500408435,32.43568075117371,22.746478873239436,4.671930843993145,-2.530104627168999
2015-12-16,29.67865448875034,25.61286453305621,34.255868544600936,25.108450704225355,4.577214055850597,-0.504413828830856
2015-12-17,29.097077547585457,26.08965124625638,35.682159624413146,23.735680751173707,6.585082076827689,-2.353970495082674
2015-12-18,28.578426029058733,25.95079601990045,35.82535211267605,25.28262910798122,7.246926083617318,-0.6681669119192328
2015-12-19,28.56142174698647,25.85151431895258,34.84694835680751,24.472769953051642,6.285526609821041,-1.378744365900939
2015-12-20,28.88441895002603,26.367252048216642,36.27699530516432,25.26244131455399,7.392576355138289,-1.104810733662653
2015-12-21,28.22099304472664,24.915183782579618,38.538967136150234,26.171361502347416,10.317974091423594,1.2561777197677984
2015-12-22,28.62250142323211,25.370064107324083,32.25633802816902,27.069014084507042,3.63383660493691,1.6989499771829593
2015-12-23,28.476429048785917,24.875919902972726,32.18075117370892,24.335211267605633,3.704322124923003,-0.5407086353670927
2015-12-24,28.573579861884582,25.999191356649646,32.62863849765258,25.315023474178407,4.055058635767999,-0.6841678824712396
2015-12-25,29.201369025519227,25.742915274374354,31.15586854460094,25.8943661971831,1.9544995190817112,0.1514509228087455
2015-12-26,28.674770178955953,26.0316108512165,34.316901408450704,25.060093896713617,5.642131229494751,-0.9715169545028814
2015-12-27,29.160542313309122,25.895879309918087,32.91643192488263,23.974647887323947,3.755889611573508,-1.9212314225941398
2015-12-28,28.422546966659297,25.252260835127913,35.05915492957747,23.661971830985916,6.63660796291817,-1.5902890041419973
2015-12-29,29.904343951882424,26.302384346922167,40.08826291079813,22.804225352112677,10.183918958915704,-3.49815899480949
2015-12-30,29.14645330561126,26.149477983218276,45.276525821596245,19.913615023474176,16.130072515984985,-6.2358629597441
2015-12-31,29.010980421276827,26.20472339793571,34.11596244131456,22.09577464788732,5.104982020037731,-4.108948750048388
2016-01-01,30.11016286725578,25.771342293507587,31.332394366197185,22.01830985915493,1.2222314989414045,-3.753032434352658
2016-01-02,31.068721318779296,25.385082547461707,32.19953051643193,25.625352112676055,1.1308091976526313,0.24026956521434784
2016-01-03,31.846220638103034,26.136580035147688,30.251173708920188,27.44976525821596,-1.5950469291828462,1.313185223068274
2016-01-04,30.362396475334776,26.36828197321853,31.861032863849765,29.232394366197184,1.4986363885149885,2.8641123929786545
2016-01-05,27.203924902848996,25.509687136457103,22.34413145539906,24.52112676056338,-4.859793447449935,-0.9885603758937229
2016-01-06,26.554488255241154,25.200011633375425,31.526291079812207,24.722535211267605,4.9718028245710535,-0.47747642210782004
2016-01-07,27.66016658003514,25.673705353827927,33.53943661971831,25.66338028169014,5.8792700396831705,-0.01032507213778544
2016-01-08,29.710788594341693,25.830456424345925,30.974178403755868,26.300469483568076,1.263389809414175,0.47001305922215053
2016-01-09,27.428979975743232,25.320981411351227,33.53661971830986,26.12723004694836,6.107639742566626,0.8062486355971323
2016-01-10,28.381088339397536,24.91419494566975,34.43708920187794,26.79718309859155,6.056000862480403,1.8829881529218007
2016-01-11,28.428792604143496,25.120157916883215,33.6943661971831,26.891079812206574,5.265573593039605,1.770921895323358
2016-01-12,29.530629192346794,25.828340635132804,32.45680751173709,28.293427230046948,2.9261783193902957,2.465086594914144
2016-01-13,29.97015915447639,26.535193435806093,34.68920187793427,24.076525821596245,4.719042723457882,-2.4586676142098476
2016-01-14,29.580494294695654,26.71767580010402,31.95868544600939,23.15680751173709,2.378191151313736,-3.5608682883669296
2016-01-15,30.92492735328335,26.03559491101703,33.688262910798116,22.821596244131456,2.7633355575147647,-3.2139986668855727
2016-01-16,30.285625850845292,26.40071186356778,34.376995305164314,23.639906103286386,4.091369454319022,-2.760805760281393
2016-01-17,29.236368654241232,26.47409148288409,32.94788732394366,25.483568075117372,3.7115186697024285,-0.9905234077667195
2016-01-18,28.570413108586422,25.672529640355492,21.102816901408453,24.568544600938967,-7.467596207177969,-1.103985039416525
2016-01-19,30.003544961758394,25.54553377391653,24.711267605633804,25.94694835680751,-5.29227735612459,0.401414582890979
2016-01-20,28.75453503626153,26.12006237469376,16.28920187793427,26.11830985915493,-12.465333158327258,-0.001752515538829158
2016-01-21,27.427916140689604,25.357544862750956,19.246948356807515,25.547887323943662,-8.180967783882089,0.19034246119270648
2016-01-22,27.2318390633896,25.489593326897875,25.89483568075117,22.678873239436623,-1.3370033826384287,-2.8107200874612523
2016-01-23,28.461837825796408,25.67157966386975,32.98403755868545,25.146009389671363,4.522199732889042,-0.5255702741983868
2016-01-24,29.30372045246412,26.24925496893644,33.9,25.788732394366196,4.596279547535879,-0.4605225745702448
2016-01-25,29.223179376748135,26.13893616494647,33.253051643192485,23.261032863849767,4.02987226644435,-2.877903301096705
2016-01-26,28.498639390114135,26.360337615405626,28.391079812206574,25.311267605633805,-0.10755957790756199,-1.049070009771821
2016-01-27,29.25319917823822,26.202974926363254,27.798591549295775,24.1906103286385,-1.454607628942444,-2.012364597724755
2016-01-28,29.37850498750032,25.462802158362422,32.63943661971831,23.814084507042253,3.2609316322179893,-1.648717651320169
2016-01-29,28.76612262072723,26.00497264919187,30.171830985915495,27.14225352112676,1.4057083651882643,1.137280871934891
2016-01-30,28.494148164649403,26.106501324224666,31.274647887323944,25.46807511737089,2.7804997226745414,-0.6384262068537758
2016-01-31,28.674046186975545,26.12767381995502,31.82676056338028,22.259154929577463,3.1527143764047345,-3.8685188903775583
2016-02-01,28.844481077201124,26.334208559194167,36.649765258215965,23.6018779342723,7.805284181014841,-2.732330624921868
2016-02-02,27.68078859434172,26.338234449642357,36.3037558685446,24.13051643192488,8.622967274202878,-2.2077180177174753
2016-02-03,27.761275958515853,25.52480780178712,36.595774647887325,22.96713615023474,8.834498689371472,-2.557671651552379
2016-02-04,29.387339174772933,26.282360337615444,37.487793427230045,23.45117370892019,8.100454252457112,-2.831186628695253
2016-02-05,28.83347169624517,26.59810796762457,37.284507042253516,23.941784037558687,8.451035346008346,-2.6563239300658843
2016-02-06,29.130269052746257,26.65277839657432,36.78873239436619,26.22488262910798,7.658463341619935,-0.42789576746633884
2016-02-07,29.41070666567657,26.621760599985237,35.459154929577466,24.626291079812205,6.0484482639008945,-1.9954695201730317
2016-02-08,28.61154303111317,26.807492883839473,36.79671361502347,23.19201877934272,8.185170583910299,-3.6154741044967516
2016-02-09,29.64503477636697,26.359197297096614,35.3793427230047,24.21361502347418,5.734307946637728,-2.145582273622434
2016-02-10,29.385177099576822,25.776619143090556,33.57276995305164,24.707511737089202,4.187592853474818,-1.0691074060013541
2016-02-11,30.756719635652644,26.527937179772834,38.023943661971835,24.091079812206573,7.267224026319191,-2.4368573675662617
2016-02-12,30.473926387960717,26.06573525407788,34.670422535211266,25.013615023474177,4.196496147250549,-1.0521202306037019
2016-02-13,30.01488403752387,26.783017994604165,35.36150234741784,23.890140845070423,5.3466183098939695,-2.892877149533742
2016-02-14,29.703379124279138,25.987467636939755,34.00093896713615,25.73098591549296,4.297559842857012,-0.2564817214467965
2016-02-15,30.3412546719141,26.686444394940793,38.23192488262911,21.654929577464788,7.890670210715008,-5.031514817476005
2016-02-16,29.848981213336344,26.653899655949147,36.35633802816901,22.741784037558684,6.507356814832669,-3.9121156183904624
2016-02-18,29.065423380609445,25.140705923120777,37.294366197183095,22.89718309859155,8.22894281657365,-2.243522824529226
2016-02-19,27.65221925199876,25.224662260835146,38.732394366197184,23.466666666666665,11.080175114198425,-1.7579955941684808
2016-02-20,29.897102299448022,26.511376946115206,37.64507042253521,23.582159624413144,7.74796812308719,-2.929217321702062
2016-02-21,29.301562832603167,26.26154006088956,34.38685446009389,25.214084507042255,5.085291627490726,-1.0474555538473034
2016-02-22,28.9634882799931,26.673518477265418,32.387793427230044,23.615962441314554,3.424305147236943,-3.0575560359508636
2016-02-23,29.079628722061386,25.51016633251652,33.08450704225352,24.21267605633803,4.004878320192134,-1.2974902761784897
2016-02-24,28.55523303878624,25.82872181381657,33.8037558685446,24.157276995305164,5.2485228297583575,-1.6714448185114072
2016-02-25,29.674168956213975,26.558947303284583,34.44413145539906,24.25399061032864,4.769962499185084,-2.304956692955944
2016-02-26,30.230432415039274,26.95475557535707,41.718779342723,24.15586854460094,11.488346927683729,-2.7988870307561307
2016-02-27,29.98421969753224,26.28502413306603,34.34272300469483,24.12112676056338,4.358503307162593,-2.1638973725026496
2016-02-28,29.321555654563042,25.906295883765267,36.84366197183098,24.3906103286385,7.522106317267941,-1.515685555126769
2016-02-29,30.065566693893743,27.048684438503983,36.19671361502348,27.97887323943662,6.131146921129734,0.9301888009326369
2016-03-01,30.046316180292592,26.755728571074997,38.66197183098591,26.474178403755868,8.61565565069332,-0.2815501673191285
2016-03-02,28.82784980569795,26.399634414989748,39.738028169014086,19.984037558685447,10.910178363316135,-6.415596856304301
2016-03-03,29.06553080369298,26.13962426672606,45.900469483568074,26.184976525821593,16.834938679875094,0.04535225909553375
2016-03-04,30.073746689438394,26.819804707804224,38.653521126760566,22.630046948356807,8.579774437322172,-4.189757759447417
2016-03-05,30.347984950867556,27.092293755105118,34.97370892018779,23.359624413145543,4.625723969320234,-3.732669341959575
2016-03-06,29.830736367911697,26.59384272666523,34.82816901408451,24.901877934272303,4.997432646172811,-1.6919647923929269
2016-03-07,29.207511447736465,25.790091581891602,34.571361502347415,24.962441314553992,5.36385005461095,-0.82765026733761
2016-03-08,29.116019652978935,26.70980322269253,30.67511737089202,21.718779342723007,1.5590977179130867,-4.9910238799695215
2016-03-09,28.730889086903858,25.76212024454844,33.930046948356804,24.585915492957746,5.199157861452946,-1.1762047515906957
2016-03-10,28.851080666320172,25.47906413207602,30.93615023474178,24.56431924882629,2.085069568421609,-0.9147448832497282
2016-03-11,30.456148857701578,26.397447587931026,33.85868544600939,25.044600938967136,3.402536588307811,-1.3528466489638902
2016-03-12,30.73162892007622,26.803375906537042,32.971830985915496,25.146009389671363,2.240202065839277,-1.6573665168656788
2016-03-13,29.529102002425702,26.433933813519445,33.53145539906103,25.94788732394366,4.002353396635328,-0.48604648957578434
2016-03-14,28.685201356402047,25.68189549763622,34.99295774647887,23.907981220657277,6.307756390076825,-1.7739142769789424
2016-03-15,27.972167273087337,26.02932848196832,33.86244131455399,23.831924882629107,5.890274041466654,-2.1974035993392143
2016-03-16,28.588459939110408,25.59338877750548,28.685446009389672,23.225821596244135,0.09698607027926442,-2.3675671812613466
2016-03-17,28.572625677582266,26.363640008910636,31.768075117370895,24.767605633802816,3.1954494397886286,-1.5960343751078199
2016-03-18,29.019644563253394,26.83054825375615,41.38826291079812,25.64882629107981,12.368618347544725,-1.1817219626763382
2016-03-19,28.819001509863654,26.397894359050554,31.52488262910798,24.632394366197182,2.705881119244328,-1.7654999928533712
2016-03-20,29.129353728868125,26.97974579837131,35.2887323943662,24.88638497652582,6.159378665498075,-2.09336082184549
2016-03-21,28.911455162001005,26.431503428133,32.19765258215963,24.474178403755868,3.286197420158622,-1.9573250243771305
2016-03-22,30.109187396351615,27.50964802851422,32.40798122065728,29.16619718309859,2.298793824305662,1.6565491545843685
2016-03-23,29.520372268013205,25.903078884186073,33.092957746478874,24.087323943661975,3.572585478465669,-1.8157549405240978
2016-03-24,30.11984653845201,27.236951065567723,36.62488262910798,21.17417840375587,6.50503609065597,-6.062772661811852
2016-03-25,29.465064973639244,27.102075443677222,29.014084507042252,23.14507042253521,-0.45098046659699165,-3.957005021142013
2016-03-26,28.471009380955877,26.176097373827417,29.0,22.360093896713614,0.5289906190441229,-3.816003477113803
2016-03-27,28.75594787257745,25.63144278606967,31.651643192488265,22.121596244131457,2.895695319910814,-3.509846541938213
2016-03-28,27.49453726392909,25.422510086384023,30.587323943661975,24.688732394366195,3.0927866797328853,-0.7337776920178278
2016-03-29,27.908956708992378,25.444783297443223,29.7868544600939,21.83755868544601,1.8778977511015214,-3.6072246119972142
2016-03-30,29.211981386599348,25.809370065097482,34.45305164319249,27.08450704225352,5.24107025659314,1.2751369771560377
2016-03-31,28.584493205613796,25.90128808692856,34.085915492957746,25.037558685446008,5.501422287343949,-0.8637294014825514
2016-04-01,29.082579391599268,26.761908368604736,32.455399061032864,23.87183098591549,3.3728196694335963,-2.8900773826892454
2016-04-02,28.105406054305547,26.09883690997748,32.109389671361505,23.83380281690141,4.003983617055958,-2.2650340930760677
2016-04-03,28.088313903121275,26.121007895844173,33.83286384976525,25.840845070422535,5.7445499466439784,-0.2801628254216375
2016-04-04,27.724414494690734,26.286110739833134,33.594835680751174,24.00093896713615,5.87042118606044,-2.285171772696984
2016-04-05,28.776553055617512,26.655864211281994,39.6037558685446,22.451643192488262,10.82720281292709,-4.2042210187937314
2016-04-06,27.656442662310383,25.53236924828599,30.14929577464789,24.18732394366197,2.4928531123375066,-1.3450453046240192
2016-04-07,28.454535036261518,25.42502512314053,34.87370892018779,23.293427230046948,6.41917388392627,-2.1315978930935806
2016-04-08,29.992499443083148,26.220837603029622,33.44084507042253,26.073708920187794,3.4483456273393855,-0.1471286828418279
2016-04-09,29.41307838914878,26.909148288408687,33.09154929577465,23.280281690140843,3.6784709066258685,-3.6288665982678445
2016-04-10,28.616659983663794,26.407339917328784,36.436619718309856,22.04600938967136,7.819959734646062,-4.361330527657422
2016-04-11,28.146601321749472,25.329893566990904,32.774647887323944,24.6075117370892,4.628046565574472,-0.7223818299017033
2016-04-12,28.185676344644946,25.201412341278683,33.39671361502347,24.02300469483568,5.211037270378526,-1.1784076464430022
2016-04-13,28.236237221851013,25.17419692581865,33.713615023474176,24.58450704225352,5.477377801623163,-0.5896898835651285
2016-04-14,28.367480507908226,25.486752060592607,30.53145539906103,24.098122065727697,2.1639748911528045,-1.3886299948649103
2016-04-15,28.277493131358142,25.30975421400467,35.539906103286384,24.50657276995305,7.262412971928242,-0.8031814440516207
2016-04-16,28.00523650404699,25.54523353382342,32.470892018779345,24.953051643192488,4.4656555147323544,-0.5921818906309326
2016-04-17,28.919121803915743,26.077415658028315,32.49718309859155,23.22488262910798,3.5780612946758055,-2.852533028920334
2016-04-18,28.427059726244465,25.84085839459425,21.56760563380282,21.322535211267606,-6.859454092441645,-4.518323183326643
2016-04-19,28.499998267369676,24.544811267047862,33.97981220657277,21.687793427230048,5.4798139392030905,-2.8570178398178143
2016-04-20,29.209387143882566,25.834048662161877,32.86619718309859,22.14976525821596,3.656810039216026,-3.6842834039459156
2016-04-21,28.56436573352147,26.70644068216137,37.90093896713615,24.2131455399061,9.33657323361468,-2.4932951422552705
2016-04-22,29.11606272121975,26.930894779832215,34.606572769953054,22.916431924882627,5.490510048733306,-4.014462854949588
2016-04-23,28.590757159476254,26.458843097943145,35.87042253521127,23.035211267605632,7.279665375735014,-3.423631830337513
2016-04-24,27.710906660726266,25.025229821044093,27.374647887323945,22.79154929577465,-0.3362587734023208,-2.233680525269442
2016-04-25,28.270687111705172,26.44446078067375,29.661971830985916,23.604225352112675,1.391284719280744,-2.8402354285610762
2016-04-26,29.506870374495747,26.258755228831035,31.177464788732394,25.75962441314554,1.6705944142366462,-0.49913081568549345
2016-04-27,29.940529442340562,26.564573649167187,30.983568075117372,21.75868544600939,1.0430386327768097,-4.805888203157796
2016-04-28,29.418115145664785,25.961356154550685,37.82816901408451,21.140375586854457,8.410053868419723,-4.820980567696228
2016-04-29,29.148916115937766,26.069848766119662,26.847887323943663,18.838967136150234,-2.301028791994103,-7.230881629969428
2016-04-30,29.066157273334852,26.17970297764913,32.66384976525821,19.84037558685446,3.597692491923361,-6.339327390794669
2016-05-01,29.434504343951915,26.09165936486727,31.699999999999996,22.464788732394368,2.2654956560480812,-3.626870632472901
2016-05-02,27.98445657285714,25.050573995693185,32.51784037558686,24.64929577464789,4.533383802729716,-0.4012782210452954
2016-05-03,25.74512388307221,24.7047637434718,34.57981220657277,22.251173708920188,8.834688323500558,-2.4535900345516133
2016-05-04,26.75835152595232,24.86993465508283,35.557276995305166,22.044600938967136,8.798925469352845,-2.8253337161156935
2016-05-05,28.38354174401627,25.53859161901937,33.29953051643192,24.90093896713615,4.915988772415652,-0.6376526518832222
2016-05-06,26.96586322120737,24.362073711046776,32.41455399061033,23.423474178403755,5.448690769402958,-0.9385995326430212
2016-05-07,25.981398232717083,24.388227519120846,25.9,22.35774647887324,-0.0813982327170848,-2.030481040247608
2016-05-08,27.23706121135615,25.23321031657639,22.5,23.501408450704226,-4.737061211356149,-1.7318018658721641
2016-05-09,28.24469963614763,25.962347961684145,22.731924882629105,23.441314553990612,-5.512774753518524,-2.5210334076935332
2016-05-10,28.166085987970632,25.770893789757736,33.012206572769955,24.101408450704227,4.846120584799323,-1.6694853390535087
2016-05-11,28.562510828939878,25.77093017499567,36.15539906103287,24.558685446009388,7.592888232092989,-1.2122447289862812
2016-05-12,27.852319744560816,25.387649563129685,32.927699530516435,19.617840375586855,5.075379785955619,-5.76980918754283
2016-05-13,28.520065344917214,25.59597361451449,32.64647887323944,19.378403755868547,4.1264135283222245,-6.217569858645945
2016-05-14,26.618725526595938,24.796195886240525,31.025352112676053,20.186384976525822,4.406626586080115,-4.609810909714703
2016-05-15,25.951477686195915,24.365924605826592,22.140375586854457,19.735680751173707,-3.8111020993414577,-4.6302438546528855
2016-05-16,27.422529640355435,25.093549912130925,21.68826291079812,21.835211267605633,-5.734266729557316,-3.258338644525292
2016-05-18,29.15537536199605,25.73173634315981,31.51549295774648,19.76525821596244,2.360117595750431,-5.9664781271973695
2016-05-19,27.354918690131456,25.390621024232132,32.568075117370896,22.304225352112677,5.21315642723944,-3.0863956721194548
2016-05-20,27.283392490284882,25.91032152669493,33.24037558685446,18.437089201877935,5.95698309656958,-7.473232324816994
2016-05-21,26.90162297962928,24.58090047276056,34.863849765258216,19.833333333333332,7.9622267856289355,-4.747567139427229
2016-05-22,27.12594985272642,24.6516123363283,33.06478873239437,22.166666666666668,5.938838879667948,-2.4849456696616308
2016-05-23,27.45022499443087,25.5391903665751,37.90985915492958,17.426291079812206,10.459634160498709,-8.112899286762893
2016-05-24,26.716975074874426,25.62303210316577,35.38215962441314,17.653521126760563,8.665184549538715,-7.969510976405207
2016-05-25,25.799936387713217,24.2389247790897,34.4056338028169,19.24037558685446,8.605697415103684,-4.998549192235242
2016-05-26,26.254385287492937,25.0791683374174,32.28356807511737,19.549295774647888,6.0291827876244355,-5.529872562769512
2016-05-27,26.460160144550912,25.27776540184658,24.90093896713615,21.746948356807515,-1.5592211774147628,-3.530817045039065
2016-05-28,26.51941734115502,24.145511497240193,28.44694835680751,21.27981220657277,1.927531015652491,-2.865699290667422
2016-05-29,27.70103116259503,25.417478032721988,35.78403755868545,21.25868544600939,8.083006396090418,-4.158792586712597
2016-05-30,27.14861166802808,25.308782950917077,33.81549295774648,21.98544600938967,6.666881289718397,-3.3233369415274083
2016-05-31,27.629999257444126,25.330182668745863,37.997652582159624,20.77323943661972,10.367653324715498,-4.5569432321261445
2016-06-01,27.509607682978128,25.183308828989368,39.563380281690144,24.599530516431923,12.053772598712015,-0.5837783125574454
2016-06-02,28.433962030642817,25.243490507660738,35.55774647887324,20.708920187793428,7.123784448230424,-4.53457031986731
2016-06-03,29.412523947427076,25.35341847974064,30.804225352112677,24.186854460093898,1.3917014046856018,-1.1665640196467422
2016-06-04,28.53718299052008,25.483735303581568,27.86807511737089,24.101408450704227,-0.6691078731491906,-1.3823268528773411
2016-06-05,28.637011707631018,25.89299918318858,32.9056338028169,23.806572769953053,4.268622095185883,-2.0864264132355252
2016-06-06,29.456664191480513,25.304683299918338,38.056338028169016,19.83474178403756,8.599673836688503,-5.469941515880777
2016-06-07,29.784794930818578,25.00291329422538,42.28215962441315,20.56384976525822,12.49736469359457,-4.439063528967161
2016-06-08,29.696624836018998,24.996618895571885,38.137089201877934,19.88169014084507,8.440464365858936,-5.114928754726815
2016-06-09,28.549792579391635,25.74517388183466,39.04084507042254,21.37276995305164,10.491052491030906,-4.372403928783019
2016-06-10,27.832933590752702,25.287571347243897,33.90469483568075,22.374178403755867,6.071761244928048,-2.913392943488031
2016-06-11,28.323001410856193,25.06807702779639,30.752582159624414,18.155399061032863,2.4295807487682204,-6.912677966763528
2016-06-12,28.12022103413284,25.52273755600112,26.959624413145537,19.76901408450704,-1.1605966209873024,-5.753723471494077
2016-06-13,26.363679611890802,24.393322442513863,15.73849765258216,20.432394366197183,-10.625181959308643,-3.96092807631668
2016-06-14,24.91402589044833,24.158166629538925,31.570892018779343,18.092018779342723,6.656866128331014,-6.066147850196202
2016-06-15,25.087123091012643,23.9369738372813,30.12629107981221,17.184976525821597,5.039167988799566,-6.751997311459704
2016-06-16,25.53613870943792,24.538813148189377,28.188262910798123,15.998591549295776,2.652124201360202,-8.5402215988936
2016-06-17,26.007813915497138,24.77854112521976,43.015492957746474,17.736150234741785,17.007679042249336,-7.042390890477975
2016-06-18,25.585474864483558,23.998114155590258,28.21220657276995,15.375586854460094,2.6267317082863926,-8.622527301130164
2016-06-19,26.61085468181483,24.290423504368732,34.385446009389675,17.50093896713615,7.774591327574846,-6.789484537232582
2016-06-20,25.649376500581695,23.33619341105424,34.2169014084507,18.406103286384976,8.567524907869007,-4.930090124669263
2016-06-21,25.859755946635005,23.968322813791758,34.07840375586854,15.88262910798122,8.218647809233538,-8.085693705810538
2016-06-22,26.751297740154996,24.92097225316212,32.60892018779342,18.436150234741785,5.857622447638427,-6.484822018420335
2016-06-23,26.645394173411546,24.83503824162773,30.959624413145537,19.614553990610325,4.314230239733991,-5.220484251017403
2016-06-24,26.334712507116194,24.186721615801616,33.156807511737085,19.324413145539907,6.822095004620891,-4.862308470261709
2016-06-25,26.468825524120746,24.31015618425289,26.874178403755867,17.98169014084507,0.4053528796351209,-6.328466043407818
2016-06-26,25.151551694265095,22.481427687433495,29.73380281690141,19.013145539906105,4.582251122636315,-3.4682821475273897
2016-06-27,25.87514863493476,24.079231454666967,26.952112676056338,16.73380281690141,1.0769640411215775,-7.345428637765558
2016-06-28,26.11225835994162,24.00067770599742,31.058685446009388,19.613145539906107,4.946427086067768,-4.387532166091312
2016-06-29,25.507302046979078,24.05925892923443,29.773708920187794,15.457276995305165,4.266406873208716,-8.601981933929267
2016-06-30,24.780675725848425,23.623567733471987,28.250234741784038,16.080751173708922,3.4695590159356122,-7.5428165597630645
2016-07-01,25.727666889433465,23.32258458949042,32.16948356807512,14.035211267605634,6.441816678641658,-9.287373321884784
2016-07-02,25.57585530061141,23.032235340709406,32.66948356807512,15.522535211267606,7.093628267463714,-7.5097001294418
2016-07-03,24.75554119947526,23.107016905522187,28.53145539906103,15.660093896713615,3.7759141995857703,-7.446923008808572
2016-07-04,25.051273978366964,23.587355758520857,27.622065727699532,16.5943661971831,2.5707917493325674,-6.992989561337758
2016-07-05,25.374288507710276,22.76027029033935,37.37370892018779,16.899530516431923,11.999420412477512,-5.860739773907426
2016-07-06,25.378075542684655,23.300892799683254,34.18169014084507,17.14131455399061,8.803614598160415,-6.159578245692643
2016-07-07,25.56466473602137,23.19581965792929,36.17605633802817,20.631455399061032,10.611391602006798,-2.5643642588682596
2016-07-08,26.75293557090174,24.408365882032683,35.010328638497654,16.293896713615023,8.257393067595913,-8.11446916841766
2016-07-09,25.405028588401308,22.77609737382744,29.768544600938966,22.310328638497655,4.363516012537659,-0.46576873532978524
2016-07-10,25.294328853246213,23.02038612905625,29.100469483568073,13.43943661971831,3.8061406303218597,-9.58094950933794
2016-07-11,26.341835845647438,24.889717086210737,22.301408450704223,18.118779342723005,-4.040427394943215,-6.770937743487732
2016-07-12,26.495832528897836,24.30369322541526,32.5,17.797652582159625,6.004167471102164,-6.506040643255634
2016-07-13,26.713319719808908,24.30851266057772,31.96338028169014,20.177464788732394,5.250060561881231,-4.131047871845325
2016-07-14,26.16254201628675,24.346966659241218,33.95492957746479,18.585915492957746,7.792387561178039,-5.7610511662834725
2016-07-15,26.572342763793017,23.639830202222754,35.03427230046948,19.56431924882629,8.461929536676465,-4.0755109533964635
2016-07-16,26.679351253681887,23.252009851241382,29.55211267605634,19.6093896713615,2.8727614223744524,-3.6426201798798807
2016-07-17,28.75511472488307,24.432189302245035,40.25399061032864,20.514084507042252,11.498875885445571,-3.918104795202783
2016-07-18,27.324246677062433,23.90426573599666,37.01690140845071,21.462910798122067,9.692654731388274,-2.4413549378745927
2016-07-19,26.189826736961948,24.65120789089383,32.32676056338028,17.821596244131456,6.1369338264183355,-6.829611646762373
2016-07-20,25.281934605579124,22.787506992401177,34.17417840375587,19.82488262910798,8.892243798176743,-2.962624363293198
2016-07-21,26.460427464666736,23.94314942699441,30.664788732394367,17.496713615023474,4.204361267727631,-6.446435811970936
2016-07-22,26.398709190366617,24.184192470483424,30.11549295774648,17.183098591549296,3.7167837673798623,-7.001093878934128
2016-07-23,25.28596198113911,23.707891141308437,29.0,18.495305164319248,3.71403801886089,-5.212585976989189
2016-07-24,26.112353654612548,23.862751169525552,10.55774647887324,16.798591549295775,-15.554607175739308,-7.064159620229777
2016-07-25,24.97349397292146,23.50942451919508,25.48169014084507,16.78262910798122,0.5081961679236109,-6.72679541121386
2016-07-26,25.493343234078395,23.629681196009983,26.793896713615027,18.507042253521128,1.3005534795366316,-5.122638942488855
2016-07-27,26.293605356303146,23.67172768000796,27.87887323943662,11.895305164319248,1.585267883133472,-11.776422515688713
2016-07-28,26.431586594391263,24.2018719833668,37.22206572769953,17.241784037558684,10.790479133308267,-6.960087945808116
2016-07-29,26.209722779139156,23.155089230464625,31.227230046948357,21.65586854460094,5.017507267809201,-1.499220685863687
2016-07-30,25.432177421350957,23.037826538947115,28.6962441314554,17.072769953051644,3.2640667101044443,-5.965056585895471
2016-07-31,24.55504665726096,22.51923293977876,23.207042253521124,21.938497652582157,-1.3480044037398358,-0.5807352871966032
2016-08-01,24.81353976386731,22.771911586346903,24.788262910798124,18.327230046948355,-0.0252768530691867,-4.444681539398548
2016-08-02,25.214557560456456,22.83517784213268,24.51549295774648,19.317370892018783,-0.6990646027099743,-3.517806950113897
2016-08-03,26.333466250835386,22.77504665726093,28.150234741784036,19.612206572769953,1.8167684909486503,-3.162840084490977
2016-08-04,25.858806217667905,22.98197074329846,29.025821596244132,19.1075117370892,3.1670153785762274,-3.8744590062092605
2016-08-05,24.5220548996312,22.134272171480916,27.008920187793425,16.53004694835681,2.4868652881622246,-5.604225223124107
2016-08-06,25.77319002004907,23.526570629439902,33.011267605633805,20.325352112676057,7.238077585584733,-3.201218516763845
2016-08-07,25.172988539887683,23.639296304546917,38.77981220657277,20.624413145539908,13.606823666685088,-3.0148831590070095
2016-08-08,26.592615529318607,22.76323036558506,36.998591549295774,18.617840375586855,10.405976019977167,-4.145389989998204
2016-08-09,26.9608769584911,24.391964555332834,33.565258215962444,18.55399061032864,6.604381257471346,-5.837973945004194
2016-08-10,26.567886190935894,24.228158213905658,36.91971830985916,18.255399061032865,10.351832118923262,-5.9727591528727935
2016-08-11,26.5217360956413,24.0457812925423,33.081690140845076,18.638028169014085,6.559954045203774,-5.407753123528217
2016-08-12,26.734661270760625,24.02677433726899,33.071361502347415,19.661032863849766,6.336700231586789,-4.365741473419224
2016-08-13,25.773687037449577,23.658505235018936,24.398591549295773,19.6018779342723,-1.3750954881538036,-4.056627300746637
2016-08-14,26.813088537412455,23.42251256157033,16.917840375586856,20.215023474178405,-9.895248161825599,-3.2074890873919237
2016-08-16,28.779293086804785,24.019221801440608,36.79765258215962,19.27699530516432,8.018359495354836,-4.742226496276288
2016-08-17,27.65160268310194,24.3850179451004,31.929577464788732,22.743192488262913,4.27797478168679,-1.6418254568374877
2016-08-18,27.335065468676532,24.34284992945726,33.775586854460094,22.834272300469483,6.440521385783562,-1.5085776289877764
2016-08-19,26.4773220959878,24.341658622311343,38.999530516431925,21.406103286384976,12.522208420444123,-2.9355553359263666
2016-08-20,26.222559590109142,23.667746837949608,36.65492957746479,19.154929577464788,10.43236998735565,-4.51281726048482
2016-08-21,27.271434122917753,24.32024826118169,35.16948356807512,16.81032863849765,7.898049445157369,-7.509919622684038
2016-08-22,28.28148709190367,23.62066384495438,35.32582159624413,19.146948356807513,7.044334504340462,-4.4737154881468655
2016-08-23,26.8241244028614,24.714786267666682,35.762910798122064,20.83661971830986,8.938786395260664,-3.8781665493568234
2016-08-24,25.04063538031238,23.111684116729805,32.93239436619719,19.653990610328638,7.891758985884806,-3.457693506401167
2016-08-25,24.910029454716494,23.213510061632178,31.12676056338028,18.02394366197183,6.216731108663787,-5.189566399660347
2016-08-26,24.750091086854354,23.136213460062834,30.9,20.71173708920188,6.149908913145644,-2.4244763708609547
2016-08-27,24.908676765426605,22.865247147347873,29.503286384976526,18.684037558685446,4.594609619549921,-4.181209588662426
2016-08-28,26.751819509418112,23.8056689190862,27.263380281690143,19.853521126760565,0.5115607722720306,-3.9521477923256363
2016-08-29,25.00599910893294,22.639557931734373,29.767605633802816,17.504694835680752,4.761606524869876,-5.134863096053621
2016-08-30,26.519177248087942,23.209326254300663,35.889671361502344,20.146948356807513,9.370494113414402,-3.0623778974931497
2016-08-31,26.38529516596128,23.809526249350313,34.304225352112674,22.30892018779343,7.9189301861513925,-1.5006060615568835
2016-09-01,26.06881042548457,23.695663473676404,33.894366197183096,22.749765258215962,7.825555771698525,-0.9458982154604421
2016-09-02,25.765786737952055,22.88772332368012,31.39342723004695,20.27323943661972,5.627640492094894,-2.614483887060402
2016-09-03,24.72052820474744,23.083873418974747,32.001408450704226,20.45774647887324,7.280880245956787,-2.626126940101507
2016-09-04,24.603180614341227,23.145656295636286,30.306572769953053,21.70281690140845,5.7033921556118266,-1.4428393942278355
2016-09-05,25.03062770723494,23.404794435781355,33.55023474178404,20.164319248826292,8.519607034549097,-3.240475186955063
2016-09-06,25.566619885646446,23.610220786614207,33.863849765258216,18.079342723004697,8.29722987961177,-5.53087806360951
2016-09-07,25.645372391772526,23.784788990371567,35.514084507042256,27.65680751173709,9.86871211526973,3.872018521365522
2016-09-08,26.73724586025105,24.07323779114381,36.91549295774648,21.82582159624413,10.17824709749543,-2.2474161948996816
2016-09-09,26.20927279027751,23.12672013068982,30.67981220657277,24.339906103286385,4.47053941629526,1.2131859725965661
2016-09-10,24.96674290240344,22.871161109873583,32.07276995305164,20.13192488262911,7.106027050648201,-2.739236227244472
2016-09-11,25.09553921932627,23.028423058835187,31.305164319248828,18.55962441314554,6.209625099922558,-4.468798645689649
2016-09-12,25.117091903665823,22.957589416103588,31.097652582159625,21.215492957746477,5.980560678493802,-1.7420964583571106
2016-09-13,26.74028068612165,23.76546694388759,29.853521126760565,18.694835680751172,3.113240440638915,-5.070631263136416
2016-09-14,26.161615554070465,22.409965842429642,29.056338028169016,19.82910798122066,2.8947224740985504,-2.580857861208983
2016-09-15,27.036961213831432,23.51665156803051,35.14929577464789,21.56525821596244,8.112334560816457,-1.9513933520680702
2016-09-16,27.593216009504772,24.381666047870112,31.269483568075117,25.248356807511737,3.676267558570345,0.8666907596416245
2016-09-17,25.58349125021664,23.902705873617037,33.8,24.238967136150233,8.216508749783358,0.33626126253319555
2016-09-18,26.623127892873924,24.139230217073873,32.105633802816904,22.5112676056338,5.482505909942979,-1.627962611440072
2016-09-19,27.14190539838131,23.834906314200225,28.099530516431923,22.640845070422536,0.9576251180506112,-1.1940612437776892
2016-09-20,28.634319695057115,24.128609440360435,36.92769953051643,22.837089201877934,8.293379835459312,-1.2915202384825015
2016-09-21,29.03127571099725,24.361081408876032,29.441314553990612,24.95399061032864,0.41003884299336235,0.5929092014526063
2016-09-22,26.873206603796973,24.653482834583315,39.026760563380286,24.973708920187793,12.153553959583313,0.3202260856044781
2016-09-23,24.847731491794832,23.845690700725243,30.431924882629108,22.530516431924884,5.584193390834276,-1.3151742688003587
2016-09-24,25.654776614440266,23.354331575951107,35.894366197183096,23.09906103286385,10.23958958274283,-0.2552705430872564
2016-09-25,26.541524467216107,23.603849904705328,32.24741784037558,21.673708920187792,5.705893373159476,-1.9301409845175357
2016-09-26,27.490575728323563,24.400906908244906,32.10046948356808,23.793896713615027,4.609893755244514,-0.6070101946298792
2016-09-27,27.108687161208934,24.82141531150222,32.23145539906103,22.248826291079812,5.1227682378521,-2.5725890204224093
2016-09-28,25.72585059775753,24.178852998688228,28.835680751173708,22.00985915492958,3.10983015341618,-2.168993843758649
2016-09-29,26.1875671394273,24.068559689116682,32.4,20.718779342723007,6.212432860572697,-3.3497803463936755
2016-09-30,27.97606024603357,24.535959010915576,32.75727699530516,21.32582159624413,4.781216749271593,-3.210137414671447
2016-10-01,27.21571644266237,24.89408826514193,34.37417840375587,20.714553990610327,7.158461961093501,-4.179534274531605
2016-10-02,26.340768545333106,24.621092052176948,28.32957746478873,20.261971830985917,1.988808919455625,-4.359120221191031
2016-10-03,25.89991411103688,24.248300537115483,33.786384976525824,19.152112676056337,7.8864708654889455,-5.096187861059146
2016-10-04,27.422878394099143,23.28656691666049,20.86901408450704,20.704225352112676,-6.553864309592104,-2.5823415645478143
2016-10-05,29.24735476844637,24.428355486250382,27.963849765258217,25.134272300469487,-1.2835050031881536,0.7059168142191048
2016-10-06,29.525493428380514,24.77779114378353,30.075586854460095,24.566666666666666,0.5500934260795809,-0.211124477116865
2016-10-07,30.329153733818487,25.608501274720993,24.6,24.66338028169014,-5.729153733818485,-0.9451209930308515
2016-10-08,28.0837887676048,25.192119997029806,31.339906103286385,25.64131455399061,3.2561173356815836,0.4491945569608049
2016-10-09,28.01347293383833,25.070834385287526,40.39999999999999,23.666666666666668,12.386527066161662,-1.404167718620858
2016-10-10,26.989691839310865,25.02041385114228,27.44600938967136,25.30798122065728,0.45631755036049526,0.28756736951499917
2016-10-11,27.373355114972412,24.824743941981694,35.99577464788732,22.932394366197183,8.622419532914911,-1.892349575784511
2016-10-12,26.526130541323198,23.405299126259308,24.567605633802817,23.375117370892017,-1.9585249075203812,-0.030181755367291174
2016-10-13,27.05853914507071,23.55267493378875,15.614084507042252,22.040845070422534,-11.444454638028459,-1.5118298633662164
2016-10-14,27.148429494319487,25.01901264820185,31.565727699530516,22.501408450704226,4.417298205211029,-2.5176041974976258
2016-10-15,27.346900076730833,24.52372391772485,28.664319248826292,23.868544600938968,1.317419172095459,-0.6551793167858833
2016-10-16,26.561248731467117,24.47779559911885,28.699999999999996,22.7962441314554,2.1387512685328787,-1.68155146766345
2016-10-17,25.914123165268222,23.75063835053595,29.941784037558687,22.824413145539907,4.027660872290465,-0.9262252049960438
2016-10-18,27.407351055666993,24.10130516571371,29.795774647887324,21.34413145539906,2.388423592220331,-2.7571737103146496
2016-10-19,27.7505796886216,24.655383282592027,34.78920187793427,23.107981220657276,7.038622189312669,-1.5474020619347506
2016-10-20,28.322846216677874,24.69060023266752,37.14553990610329,21.22957746478873,8.822693689425414,-3.4610227678787915
2016-10-21,28.2767713670454,24.5389435905052,39.009389671361504,25.772769953051643,10.732618304316105,1.233826362546445
2016-10-22,27.958826266676567,24.79331996732759,35.538967136150234,24.763380281690143,7.5801408694736665,-0.029939685637447866
2016-10-23,27.548149550753692,24.87789015123394,33.46572769953052,23.7943661971831,5.917578148776826,-1.0835239540508432
2016-10-24,27.237606247370138,24.126022375683817,29.270892018779342,24.197652582159627,2.0332857714092043,0.07163020647580964
2016-10-25,27.60267592386333,24.521893269968587,27.16338028169014,23.694366197183097,-0.43929564217318884,-0.8275270727854895
2016-10-26,27.598960174253136,24.645882527660206,30.756338028169015,24.624413145539908,3.1573778539158788,-0.02146938212029781
2016-10-27,28.43592584341974,24.748989876488224,31.199999999999996,23.012676056338027,2.764074156580257,-1.7363138201501975
2016-10-28,29.850969282938593,24.734511521992033,36.787323943661974,26.556338028169016,6.9363546607233815,1.8218265061769827
2016-10-29,28.617525803816704,25.117424816217465,33.78591549295774,25.41924882629108,5.168389689141037,0.3018240100736165
2016-10-30,27.57998465384526,25.094566966164223,27.054929577464787,26.452582159624413,-0.5250550763804718,1.35801519346019
2016-10-31,27.7700170787852,25.247643127645347,24.073708920187794,24.34037558685446,-3.6963081585974074,-0.9072675407908868
2016-11-01,27.90902947946836,25.33672805128583,20.6,23.419718309859153,-7.309029479468357,-1.9170097414266785
2016-11-02,28.06171777926295,24.714980817306525,26.727230046948357,24.591549295774648,-1.3344877323145923,-0.12343152153187731
2016-11-03,28.359699759906903,24.856050345288565,22.654460093896713,25.06525821596244,-5.70523966601019,0.20920787067387536
2016-11-04,26.54653251157157,24.435670651716578,28.888732394366198,24.10657276995305,2.3421998827946275,-0.32909788176352706
2016-11-05,26.742356872354662,23.267611197742667,19.610328638497652,22.895774647887325,-7.13202823385701,-0.37183654985534176
2016-11-06,25.83613499665853,23.56321056409496,22.115962441314554,24.129577464788735,-3.720172555343975,0.5663669006937759
2016-11-07,26.42917799064378,23.354407564169207,25.0962441314554,23.497652582159624,-1.3329338591883797,0.14324501799041656
2016-11-08,26.815122150441823,23.61699834162522,24.689201877934273,28.44694835680751,-2.1259202725075497,4.829950015182291
2016-11-09,28.087581000470323,24.94420880671271,29.318779342723,24.407042253521126,1.2311983422526787,-0.5371665531915824
2016-11-10,28.36179946040943,24.853481349471508,28.027230046948358,22.46056338028169,-0.3345694134610717,-2.392917969189817
2016-11-11,27.86564094948153,25.07033687284968,32.80657276995305,28.62723004694836,4.940931820471519,3.556893174098679
2016-11-12,27.765130071037845,25.126499839112967,32.29061032863849,25.038967136150237,4.525480257600648,-0.0875327029627293
2016-11-14,28.431538080740552,24.685608029504237,29.291079812206572,24.327699530516433,0.8595417314660203,-0.3579084989878041
2016-11-15,29.541305165713766,25.406145639959448,32.595774647887325,24.442723004694837,3.054469482173559,-0.9634226352646102
2016-11-16,29.699398529739426,25.840161382144004,30.99342723004695,22.217840375586853,1.2940287003075248,-3.6223210065571507
2016-11-17,30.04899606445389,25.535068438900055,33.557276995305166,26.528638497652583,3.508280930851278,0.9935700587525282
2016-11-18,30.114121185119245,25.313597930744322,34.71079812206573,25.269953051643192,4.596676936946487,-0.04364487910113013
2016-11-19,29.95710130937357,25.471841786094387,30.94741784037559,24.07323943661972,0.9903165310020192,-1.3986023494746682
2016-11-20,25.71717036707014,24.59071235860506,32.4,26.101408450704227,6.6828296329298595,1.5106960920991668
2016-11-21,26.35068785426114,24.383781342046007,31.774178403755865,22.080281690140847,5.423490549494726,-2.3034996519051596
2016-11-22,28.21511299225267,24.63605801836593,33.35305164319249,22.894835680751175,5.137938650939816,-1.7412223376147544
2016-11-23,28.861852181876714,24.938803742481582,43.3,23.76901408450704,14.438147818123284,-1.1697896579745404
2016-11-24,29.545012747209228,25.005701591544778,36.071361502347415,25.293427230046948,6.526348755138187,0.28772563850217026
2016-11-25,28.23713818964876,25.503417984703333,37.52863849765259,25.050704225352113,9.291500308003826,-0.4527137593512194
2016-11-26,28.178882948441867,25.27083908814143,31.171830985915495,23.54225352112676,2.992948037473628,-1.7285855670146688
2016-11-27,28.918304002376203,25.497412687804797,28.800000000000004,23.253521126760564,-0.11830400237619898,-2.243891561044233
2016-11-28,28.940937848073077,25.587934457067945,33.307981220657275,22.931924882629108,4.367043372584199,-2.656009574438837
2016-11-29,29.155161010866095,25.25663127150318,32.0,24.178873239436623,2.8448389891339048,-1.0777580320665585
2016-11-30,29.50182322219746,25.526980520284212,35.99906103286385,24.41173708920188,6.497237810666391,-1.1152434310823338
2016-12-01,29.275977079775316,26.155095665948863,33.60140845070423,23.95727699530516,4.325431370928911,-2.197818670643702
2016-12-02,27.17955743669711,24.525871141803407,30.449295774647887,23.409389671361502,3.269738337950777,-1.1164814704419044
2016-12-03,28.480004455335234,24.72810573995696,31.199999999999996,24.25586854460094,2.719995544664762,-0.47223719535601916
2016-12-04,30.545664216232296,25.682343753867485,32.44131455399061,26.05962441314554,1.8956503377583118,0.3772806592780533
2016-12-05,31.482935323383174,26.040750228954778,31.9,25.60704225352113,0.41706467661682467,-0.4337079754336486
2016-12-06,30.88169451251207,26.027273829855687,34.15399061032864,24.71361502347418,3.2722960978165716,-1.3136588063815076
2016-12-07,31.29482389049781,25.764414247172112,28.763380281690143,25.73286384976526,-2.531443608807667,-0.03155039740685339
2016-12-08,30.27059899507441,25.881233632830856,28.7018779342723,23.13943661971831,-1.5687210608021083,-2.7417970131125458
2016-12-09,29.17036038711916,25.8840206925571,27.784037558685448,26.533802816901407,-1.3863228284337126,0.6497821243443056
2016-12-10,29.37809212643259,25.643102645974125,33.67323943661972,24.86056338028169,4.295147310187126,-0.782539265692435
2016-12-11,30.253495705551813,25.427597584218233,32.710798122065725,24.94976525821596,2.4573024165139117,-0.47783232600227166
2016-12-12,30.486533749164664,25.83478453503625,33.72488262910798,24.328638497652584,3.2383488799433167,-1.5061460373836653
2016-12-13,30.081982871711148,26.137957971337414,32.94976525821596,24.41173708920188,2.867782386504814,-1.7262208821355358
2016-12-14,29.824197915893194,25.745384767703854,36.53380281690141,27.465258215962443,6.709604901008213,1.7198734482585891
2016-12-15,29.476827058736205,25.652530877948607,31.36197183098591,25.61549295774648,1.8851447722497063,-0.037037920202127594
2016-12-16,28.22611271998221,25.629531942278675,27.827230046948355,25.74460093896714,-0.3988826730338566,0.11506899668846415
2016-12-17,26.7375000618797,24.04199029726982,23.53849765258216,23.95680751173709,-3.1990024092975418,-0.08518278553273007
2016-12-18,27.084186034999163,25.565670651716516,29.620657276995303,23.73755868544601,2.5364712419961393,-1.8281119662705052
2016-12-19,27.292309348778474,24.953416499591583,23.934272300469484,24.498122065727703,-3.35803704830899,-0.45529443386388024
2016-12-20,26.613765748372543,23.840497017400594,20.083098591549295,23.961032863849763,-6.530667156823249,0.12053584644916882
2016-12-21,27.773931090814585,25.955201356402085,28.886854460093893,23.107981220657276,1.112923369279308,-2.8472201357448093
2016-12-22,28.68288260191582,25.98252840276234,29.055399061032865,22.150234741784036,0.372516459117044,-3.832293660978305
2016-12-23,27.22278928739388,24.93303878616871,33.957276995305165,20.779342723004696,6.734487707911285,-4.153696063164013
2016-12-24,28.32596173362049,24.768661171753195,29.296713615023474,21.561502347417843,0.9707518814029861,-3.2071588243353517
2016-12-25,27.700816068909262,24.941885101853927,31.15868544600939,23.67089201877934,3.4578693771001277,-1.2709930830745861
2016-12-26,29.02043117744614,25.801742531125512,37.1,25.070892018779343,8.07956882255386,-0.7308505123461693
2016-12-27,28.684817207494916,25.897722086087015,35.077934272300475,24.11830985915493,6.393117064805558,-1.7794122269320845
2016-12-28,28.23719759411904,25.84005989950748,37.7,24.166666666666668,9.462802405880964,-1.6733932328408123
2016-12-29,27.89746639934657,25.684999628722096,37.446478873239435,23.347417840375588,9.549012473892866,-2.337581788346508
2016-12-30,28.025551595257525,25.149770797752524,36.87417840375587,23.040375586854463,8.848626808498345,-2.109395210898061
2017-01-01,28.730429939853025,25.293766243409834,36.612206572769956,23.555868544600937,7.881776632916932,-1.7378976988088972
2017-01-02,29.470523501893524,25.61563302888544,34.65305164319249,24.28732394366197,5.182528141298967,-1.32830908522347
2017-01-03,29.05900373753127,25.74943862775683,37.45774647887324,24.03239436619718,8.39874274134197,-1.71704426155965
2017-01-04,29.622496225341024,25.608458949035935,36.221596244131455,24.728169014084507,6.5991000187904305,-0.8802899349514277
2017-01-05,29.011338828246835,25.859855696641205,34.266666666666666,24.172300469483567,5.255327838419831,-1.6875552271576382
2017-01-06,28.24631618029258,25.62250513601151,34.557276995305166,23.034741784037557,6.310960815012585,-2.5877633519739547
2017-01-07,28.26103784559797,24.883166505779627,35.204694835680755,24.45680751173709,6.943656990082786,-0.42635899404253763
2017-01-08,28.19077968367128,25.225726838444643,33.82910798122066,23.076525821596245,5.6383282975493785,-2.149201016848398
2017-01-09,28.438010197767426,24.640457661939138,34.64131455399061,24.141784037558686,6.203304356223185,-0.4986736243804515
2017-01-10,28.691921239573333,25.618274547659723,33.34507042253521,24.792018779342722,4.653149182961876,-0.8262557683170009
2017-01-11,29.316757506002318,25.85851637335719,35.32441314553991,26.37230046948357,6.007655639537589,0.5137840961263791
2017-01-12,29.259676740674763,25.748865622138112,35.14413145539906,25.570422535211268,5.884454714724299,-0.17844308692684407
2017-01-13,29.048952996213018,25.85118363406849,33.72300469483568,26.41830985915493,4.674051698622662,0.5671262250864402
2017-01-14,28.829682681121767,25.57105096408509,29.735680751173707,26.452582159624413,0.9059980700519397,0.8815311955393241
2017-01-15,29.256942897453087,26.091430162619815,34.0,25.14929577464789,4.7430571025469135,-0.942134387971926
2017-01-16,28.77101556892154,25.820518799039633,33.33286384976525,23.602347417840377,4.561848280843712,-2.218171381199255
2017-01-17,27.38261478676276,24.21348902254897,35.351173708920186,22.154460093896713,7.968558922157428,-2.059028928652257
2017-01-18,29.121247246355324,25.218570332417528,33.003286384976526,24.262910798122064,3.8820391386212023,-0.9556595342954637
2017-01-19,28.70374074899138,25.658713150664596,31.9,24.891549295774645,3.1962592510086196,-0.7671638548899509
2017-01-20,28.341981634117985,25.101771738323293,26.0,24.611267605633802,-2.3419816341179853,-0.490504132689491
2017-01-21,28.547099329224523,25.404112026930022,33.55680751173709,25.96056338028169,5.009708182512568,0.5564513533516688
2017-01-22,28.696135244177185,25.55898690626475,33.48544600938967,26.11079812206573,4.789310765212484,0.5518112158009814
2017-01-23,29.447352045741468,25.974461028192422,15.704225352112676,27.895305164319247,-13.743126693628792,1.9208441361268243
2017-01-24,29.157221603425683,25.24560233657587,35.598591549295776,27.319718309859155,6.441369945870093,2.074115973283284
2017-01-25,29.060162619737184,25.63919358431724,24.421596244131457,25.932394366197183,-4.638566375605727,0.2932007818799427
2017-01-26,28.84431424964737,25.57877923813777,30.96056338028169,24.52018779342723,2.1162491306343227,-1.0585914447105402
2017-01-27,28.902801168287965,26.045399123784136,32.17981220657277,24.088732394366197,3.2770110382848046,-1.9566667294179396
2017-01-28,28.912700923244472,24.821678176282774,35.10093896713615,23.53943661971831,6.18823804389168,-1.2822415565644647
2017-01-29,28.25033736788697,25.513284572164082,32.95492957746479,23.514084507042252,4.704592209577818,-1.9992000651218298
2017-01-30,28.320797505012308,25.310655676839758,33.78967136150235,24.77981220657277,5.468873856490042,-0.5308434702669871
2017-01-31,28.568347813172977,25.14622014306582,32.69953051643193,26.292488262910798,4.1311827032589505,1.1462681198449793
2017-02-01,28.828819831192334,24.796895868914135,35.73286384976526,25.0962441314554,6.904044018572925,0.29934826254126534
2017-02-02,29.55433553624914,26.122638796069452,32.89765258215962,23.284507042253523,3.3433170459104815,-2.8381317538159294
2017-02-03,29.84450533402645,26.447104527115698,33.57230046948357,23.82018779342723,3.7277951354571215,-2.626916733688468
2017-02-04,29.292431127942393,26.189175762976163,32.26901408450704,24.090140845070422,2.9765829565646484,-2.0990349179057404
2017-02-05,29.415861241058394,26.15705774609546,41.5225352112676,24.545539906103286,12.106673970209208,-1.6115178399921746
2017-02-06,29.33343011311598,26.278033464518217,32.9,23.929577464788732,3.566569886884018,-2.3484559997294845
2017-02-07,29.650848493849196,26.447268136927335,36.69765258215963,25.11361502347418,7.046804088310431,-1.3336531134531562
2017-02-08,29.497132744239025,26.826227073587347,35.818779342723005,24.3075117370892,6.32164659848398,-2.518715336498147
2017-02-09,29.122080394049647,26.12790896264943,33.069953051643196,24.179342723004694,3.9478726575935497,-1.9485662396447339
2017-02-10,28.300507413182913,25.495554317962444,30.633333333333336,25.385915492957746,2.332825920150423,-0.10963882500469779
2017-02-12,28.18922229647785,25.527692136333314,33.01971830985915,24.19107981220657,4.8304960133813,-1.3366123241267438
2017-02-13,28.741116804039564,24.29770773000672,25.0,23.246478873239436,-3.7411168040395637,-1.0512288567672847
2017-02-14,28.792964283062304,26.438472315041736,31.5,24.37981220657277,2.707035716937696,-2.058660108468967
2017-02-15,28.550766565184006,26.996105046904802,17.757276995305165,23.992018779342725,-10.79348956987884,-3.0040862675620765
2017-02-16,28.36166084997899,26.154375139229217,29.9,24.387793427230047,1.5383391500210095,-1.7665817119991694
2017-02-17,28.028545333036334,24.973578871810105,30.38356807511737,24.34037558685446,2.3550227420810366,-0.6332032849556448
2017-02-18,28.907770352219018,25.151664315239714,36.57934272300469,23.870422535211265,7.671572370785675,-1.2812417800284486
2017-02-19,28.951325462241073,26.005016955025894,36.3,24.293427230046948,7.348674537758924,-1.7115897249789462
2017-02-20,27.15503032103169,24.268163659315405,37.4,25.100469483568073,10.24496967896831,0.8323058242526677
2017-02-21,27.578551521001998,24.629544070691338,31.899061032863848,24.44976525821596,4.32050951186185,-0.17977881247537653
2017-02-22,28.027152050691825,25.335652830375466,31.34413145539906,24.88450704225352,3.3169794047072365,-0.45114578812194495
2017-02-23,28.351618524293997,25.897904259795553,25.4,23.988262910798124,-2.9516185242939983,-1.9096413489974289
2017-02-24,28.86864533056115,25.79178708447813,32.50985915492958,22.751643192488263,3.641213824368428,-3.0401438919898673
2017-02-25,28.915366946362724,25.650186876562543,28.699999999999996,23.972769953051642,-0.21536694636272813,-1.6774169235109007
2017-02-26,29.4280696022376,26.174184549887457,35.177464788732394,24.12863849765258,5.7493951864947945,-2.045546052234876
2017-02-27,27.56198485186013,25.2944615232297,28.6,24.461032863849763,1.0380151481398698,-0.8334286593799369
2017-02-28,28.451202197965415,25.24872329892827,30.0,24.476525821596244,1.548797802034585,-0.7721974773320248
2017-03-01,29.317663176654094,26.19060270785377,31.5,23.30845070422535,2.1823368233459064,-2.88215200362842
2017-03-02,28.889341847974094,26.1902891017549,29.001408450704226,23.01032863849765,0.11206660273013114,-3.179960463257249
2017-03-03,28.472162322714837,25.976871859607456,27.315962441314554,22.875117370892017,-1.1561998814002834,-3.1017544887154394
2017-03-04,28.887837924803875,26.099023786539988,5.452112676056338,23.229107981220658,-23.435725248747538,-2.86991580531933
2017-03-05,29.33992698200541,26.12115516942646,35.66291079812207,23.64788732394366,6.322983816116661,-2.4732678454827983
2017-03-06,29.81425509269576,25.99302467760708,28.409389671361502,23.119718309859156,-1.4048654213342573,-2.873306367747926
2017-03-07,29.574666221133214,26.763312046731528,33.1,25.211267605633804,3.525333778866788,-1.552044441097724
2017-03-08,28.786840424742024,26.841515309027045,23.717840375586853,25.408920187793427,-5.069000049155171,-1.4325951212336179
2017-03-09,29.25476473354621,26.48274052622463,21.931455399061033,23.57887323943662,-7.323309334485177,-2.90386728678801
2017-03-10,28.33005717680254,26.192620974728356,32.76244131455399,23.090140845070422,4.432384137751448,-3.102480129657934
2017-03-11,28.073116507017176,25.401600455434334,32.6,23.105164319248825,4.526883492982826,-2.296436136185509
2017-03-12,28.410653696690645,25.243968466127058,32.7,23.728169014084507,4.289346303309358,-1.5157994520425504
2017-03-13,28.676727556248636,26.195397391153733,37.9,23.980281690140846,9.223272443751362,-2.2151157010128877
2017-03-14,28.495501844013802,26.47143684562269,25.32206572769953,24.849295774647885,-3.173436116314271,-1.6221410709748056
2017-03-15,27.4362807851291,25.01746590430929,33.4,23.08544600938967,5.963719214870899,-1.9320198949196197
2017-03-16,28.529925001856384,24.77571718521824,2.1525821596244135,23.271830985915493,-26.377342842231972,-1.5038861993027481
2017-03-17,27.486359496052046,25.09537016410485,28.69906103286385,24.391079812206574,1.212701536811803,-0.7042903518982762
2017-03-18,29.739606940422334,25.51492512561572,14.67605633802817,25.36244131455399,-15.063550602394164,-0.15248381106172815
2017-03-19,29.429584911264556,26.261384866711296,24.498591549295774,24.39389671361502,-4.930993361968781,-1.867488153096275
2017-03-20,29.721393282344593,26.303649662137104,13.806103286384978,22.76525821596244,-15.915289995959615,-3.538391446174664
2017-03-21,29.493593970446284,26.624032820969774,26.92488262910798,24.48450704225352,-2.568711341338304,-2.139525778716255
2017-03-22,27.86337640157427,25.5513091260118,16.006103286384977,25.34413145539906,-11.857273115189294,-0.20717767061274017
2017-03-23,27.77570431424965,26.26532833345709,26.731455399061034,23.43615023474178,-1.0442489151886178,-2.8291780987153103
2017-03-24,28.77537387688426,26.45815672879388,21.85023474178404,23.790610328638497,-6.9251391351002205,-2.667546400155384
2017-03-25,29.13938615380812,26.593058092621447,21.240845070422537,21.853521126760565,-7.898541083385581,-4.739536965860882
2017-03-26,30.655412242271268,26.29467661691541,29.699999999999996,22.930516431924882,-0.9554122422712723,-3.364160184990528
2017-03-27,30.494716962451434,26.525087250315664,4.189671361502347,24.6,-26.305045600949086,-1.9250872503156629
2017-03-28,31.0054468948789,26.63435880299994,18.445539906103285,24.561971830985915,-12.559906988775616,-2.0723869720140264
2017-03-29,29.07658696566915,26.577610207668158,11.402816901408451,23.06244131455399,-17.6737700642607,-3.5151688931141685
2017-03-30,27.13185787480512,25.335003093982834,15.481220657276996,23.589201877934272,-11.650637217528125,-1.7458012160485623
2017-03-31,27.58580505433042,26.12784089502742,29.051643192488264,24.405164319248826,1.4658381381578423,-1.7226765757785927
2017-04-01,28.844108561669316,26.02211677928767,31.57793427230047,23.97605633802817,2.733825710631155,-2.0460604412595025
2017-04-02,27.230670527957272,25.04305858765872,28.402816901408446,23.523474178403756,1.1721463734511737,-1.5195844092549642
2017-04-03,26.939341847974106,24.441179426251892,8.749765258215962,23.72676056338028,-18.189576589758143,-0.7144188628716108
2017-04-04,26.956760476225895,25.8962978639143,31.937089201877935,23.923943661971833,4.98032872565204,-1.9723542019424656
2017-04-05,28.277110715081335,25.976145144922214,14.143661971830985,23.944600938967135,-14.13344874325035,-2.031544205955079
2017-04-06,28.30118140640087,25.62872354644685,25.699999999999996,23.817370892018783,-2.601181406400876,-1.8113526544280667
2017-04-07,28.507913417984696,26.051624959778223,0.3154929577464789,24.163849765258213,-28.192420460238218,-1.8877751945200103
2017-04-08,27.881075715947702,25.629854706566675,13.277464788732393,24.644600938967137,-14.603610927215309,-0.9852537675995379
2017-04-09,27.931925199871273,25.444659785648867,26.553521126760565,24.44694835680751,-1.3784040731107083,-0.997711428841356
2017-04-10,27.160258904482646,25.02290067077547,31.347417840375588,24.998591549295774,4.187158935892942,-0.024309121479696216
2017-04-11,28.324973144229148,25.717546347862708,33.6,24.090610328638498,5.275026855770854,-1.6269360192242104
2017-04-12,29.007777777777846,26.283493972921463,28.300000000000004,24.602347417840377,-0.7077777777778422,-1.6811465550810851
2017-04-13,29.38318432712066,26.641737333234346,35.3,24.604694835680753,5.916815672879338,-2.0370424975535926
2017-04-14,27.618511422984568,26.0443429618079,17.919718309859153,23.395774647887325,-9.698793113125415,-2.648568313920574
2017-04-15,27.31720650478951,25.508923789015114,40.3,24.779342723004696,12.982793495210487,-0.7295810660104181
2017-04-16,27.325157793123935,25.42991782381631,37.1,23.682629107981217,9.774842206876066,-1.7472887158350936
2017-04-17,28.585790698250037,26.168099799509946,33.56478873239437,23.417840375586856,4.9789980341443325,-2.75025942392309
2017-04-18,28.667982475681356,26.324819682681152,31.399061032863848,23.751173708920188,2.7310785571824923,-2.5736459737609643
2017-04-19,26.986713695205594,24.68408653251157,33.337558685446005,24.06244131455399,6.350844990240411,-0.6216452179575818
2017-04-20,26.85454815474867,24.159056706517163,31.70845070422535,22.6075117370892,4.853902549476679,-1.5515449694279617
2017-04-21,26.66313160565329,25.05858394594196,28.802347417840377,22.827230046948355,2.1392158121870857,-2.231353898993607
2017-04-22,28.547414172916547,25.393735551100292,41.175117370892025,23.3830985915493,12.627703197975478,-2.010636959550993
2017-04-23,29.680854929333464,25.832428900274863,32.24272300469484,23.87887323943662,2.5618680753613745,-1.9535556608382443
2017-04-24,28.315430806168195,25.913209326501885,34.29906103286385,26.06056338028169,5.983630226695652,0.1473540537798037
2017-04-25,27.431359619811417,25.526554293210552,33.24553990610329,23.27511737089202,5.814180286291872,-2.2514369223185327
2017-04-26,27.205229821044043,25.061635108041912,33.092957746478874,23.688262910798123,5.887727925434831,-1.3733721972437891
2017-04-27,28.07027870597267,26.329819806440412,27.434741784037556,24.17089201877934,-0.6355369219351132,-2.158927787661071
2017-04-28,28.532503403381156,25.58430929927482,24.1,22.804225352112677,-4.432503403381155,-2.7800839471621437
2017-04-29,28.094940966807826,26.252073216009535,23.960093896713616,25.277464788732395,-4.13484707009421,-0.9746084272771398
2017-04-30,27.673984802356415,26.160558897057058,26.0,24.026760563380282,-1.673984802356415,-2.1337983336767756
2017-05-01,27.101935348134987,25.484879334669984,26.31267605633803,22.3830985915493,-0.7892592917969559,-3.1017807431206847
2017-05-02,27.33472810078962,24.488884186035023,31.699999999999996,21.869014084507043,4.365271899210377,-2.6198701015279795
2017-05-03,26.32311799212897,24.782701913318988,24.442723004694837,21.969483568075116,-1.8803949874341335,-2.8132183452438717
2017-05-04,26.660675230811137,24.935924358308,39.3,22.057276995305163,12.63932476918886,-2.8786473630028375
2017-05-05,26.207355263483578,24.53417390658649,33.29906103286385,21.87183098591549,7.091705769380269,-2.662342920670998
2017-05-06,27.39859854954085,24.733293482834654,33.8,23.388262910798122,6.401401450459147,-1.3450305720365314
2017-05-07,28.076058760921796,25.46242716764442,19.142723004694837,23.970422535211267,-8.93333575622696,-1.4920046324331544
2017-05-08,28.023137298581673,26.055822133115555,15.22488262910798,23.35492957746479,-12.798254669473693,-2.700892555650764
2017-05-09,28.266317417885716,26.057994604094006,22.879342723004697,23.26244131455399,-5.386974694881019,-2.795553289540017
2017-05-10,28.038288903740067,26.05593401153442,31.304225352112677,22.55774647887324,3.26593644837261,-3.498187532661177
2017-05-11,27.889342838048606,25.826651072993286,35.2,21.945070422535213,7.310657161951397,-3.8815806504580728
2017-05-13,26.064794435781323,23.650598252518478,-1.491079812206573,20.5112676056338,-27.555874247987894,-3.1393306468846767
2017-05-14,26.782482116779306,24.40336006534494,35.58028169014084,22.046478873239433,8.797799573361537,-2.356881192105508
2017-05-15,30.325425855795686,24.687478775277896,30.55962441314554,22.88169014084507,0.23419855734985262,-1.805788634432826
2017-05-16,29.252435335759003,25.58817380757904,25.583098591549295,23.62769953051643,-3.6693367442097085,-1.960474277062609
2017-05-17,26.782933838271333,25.145530061137094,21.476525821596244,22.902347417840375,-5.306408016675089,-2.24318264329672
2017-05-18,26.015698126284065,24.774375881785147,30.63943661971831,22.315962441314554,4.623738493434246,-2.4584134404705935
2017-05-19,26.24132100690582,24.97997896091681,30.9,23.152582159624412,4.658678993094178,-1.827396801292398
2017-05-20,27.185059280710902,25.525315214969964,28.792488262910798,22.201408450704225,1.6074289821998953,-3.3239067642657396
2017-05-21,27.63084725625606,25.904634538749065,22.888732394366198,21.661971830985916,-4.742114861889863,-4.242662707763149
2017-05-22,26.797742382614388,24.773118982203414,32.10093896713615,22.837089201877934,5.303196584521764,-1.9360297803254802
2017-05-23,27.37085072151683,25.64227840895029,30.199999999999996,22.28826291079812,2.8291492784831647,-3.354015498152169
2017-05-24,26.796657013440324,25.529821539070838,36.53568075117371,22.977464788732394,9.739023737733383,-2.5523567503384434
2017-05-25,26.41279869310165,24.61333382837057,31.572769953051644,23.332863849765257,5.1599712599499945,-1.2804699786053142
2017-05-26,26.552137075814983,24.61941486596868,29.699999999999996,23.764319248826293,3.147862924185013,-0.8550956171423856
2017-05-27,25.246789188386458,23.664576866909215,43.59107981220657,20.748356807511737,18.344290623820115,-2.916220059397478
2017-05-28,27.093461795500104,24.912463305363815,44.306103286384975,21.26244131455399,17.21264149088487,-3.650021990809826
2017-05-29,26.58129452241286,24.35100096532267,37.89859154929577,21.076525821596245,11.317297026882912,-3.2744751437264235
2017-05-30,25.97649043340516,24.166072126927588,44.62582159624414,21.175586854460093,18.649331162838976,-2.9904852724674953
2017-05-31,25.857462934085845,24.38364248409698,63.62253521126761,20.988262910798124,37.765072277181766,-3.3953795732988574
2017-06-01,26.79278062424197,25.44269498279749,29.5,22.429107981220657,2.7072193757580294,-3.013587001576834
2017-06-02,27.799399767332545,25.636873839756504,34.498591549295774,22.9962441314554,6.699191781963229,-2.6406297083011054
2017-06-03,26.75067894359057,25.145708274547758,35.2,22.53568075117371,8.449321056409431,-2.610027523374047
2017-06-04,26.265060765822682,24.589658176777846,40.11079812206573,23.353521126760565,13.845737356243049,-1.2361370500172804
2017-06-05,26.059768075047657,23.900830920026806,39.56384976525822,22.13051643192488,13.504081690210562,-1.7703144881019242
2017-06-06,27.269247543377674,24.185823370708647,46.22723004694836,21.268075117370895,18.957982503570683,-2.917748253337752
2017-06-07,26.978471324967188,24.42701121259381,50.140845070422536,21.323474178403753,23.162373745455348,-3.103537034190058
2017-06-08,27.158666122125737,24.685744659785655,44.295305164319245,22.529577464788733,17.136639042193508,-2.1561671949969217
2017-06-09,27.26864409296803,24.979144823148033,58.51690140845071,22.136150234741784,31.248257315482675,-2.842994588406249
2017-06-10,27.872458354991295,24.610336872849757,54.84882629107981,23.5849765258216,26.976367936088515,-1.0253603470281583
2017-06-11,27.046312467513246,25.013958070344813,34.76150234741784,22.06244131455399,7.715189879904592,-2.9515167557908235
2017-06-12,27.06003217742142,25.4324380584639,21.611267605633802,20.44600938967136,-5.448764571787617,-4.986428668792541
2017-06-13,26.559120566322633,25.567264424147993,22.92582159624413,22.43755868544601,-3.6332989700785028,-3.1297057387019827
2017-06-14,27.507310215093696,24.49257444122668,21.36244131455399,21.203286384976526,-6.144868900539706,-3.289288056250154
2017-06-15,26.259723521695093,24.445840697012443,25.1,21.054460093896715,-1.159723521695092,-3.391380603115728
2017-06-16,26.66709809163143,25.14668077522839,31.5,22.04507042253521,4.832901908368569,-3.1016103526931786
2017-06-17,25.708795574367002,24.123840498997595,32.4,21.349765258215964,6.691204425632996,-2.774075240781631
2017-06-18,25.74950842800922,24.539379223286574,26.503286384976526,21.707042253521127,0.7537779569673049,-2.8323369697654464
2017-06-19,26.10853790747757,24.378402019752002,42.83896713615023,20.885915492957746,16.730429228672662,-3.4924865267942558
2017-06-20,26.112077176307537,24.37637880250486,36.21032863849765,21.34319248826291,10.098251462190113,-3.0331863142419486
2017-06-21,25.14097151060622,23.210294794683364,35.50422535211268,20.709389671361503,10.363253841506456,-2.5009051233218607
2017-06-22,25.635298136184815,23.409019083686076,29.789671361502347,21.34694835680751,4.154373225317531,-2.0620707268785665
2017-06-23,25.501541050964136,22.84803445459272,23.0,19.633802816901408,-2.5015410509641356,-3.214231637691313
2017-06-24,24.151112843741544,22.252994975371905,24.5981220657277,19.63802816901408,0.447009221986157,-2.614966806357824
2017-06-25,24.381604663250982,22.159894309546814,24.6,21.108450704225355,0.218395336749019,-1.0514436053214595
2017-06-26,24.95345016212474,23.052980124254418,27.64413145539906,20.261971830985917,2.69068129327432,-2.7910082932685008
2017-06-27,24.944644687012783,22.52342763792973,29.56384976525822,20.242723004694835,4.619205078245436,-2.280704633234894
2017-06-28,25.555532041286085,22.45437142644988,29.0112676056338,22.305164319248828,3.455735564347716,-0.1492071072010539
2017-06-29,25.194615232296258,23.891406648350312,39.86713615023474,20.07136150234742,14.672520917938485,-3.8200451460028937
2017-06-30,25.63656419395562,23.524527115665478,23.300000000000004,15.88356807511737,-2.336564193955617,-7.640959040548108
2017-07-01,26.045242692012607,24.222360585134027,44.577934272300475,18.556807511737087,18.532691580287867,-5.665553073396939
2017-07-02,25.995060270785416,23.8825625603327,21.597183098591547,17.451643192488262,-4.397877172193869,-6.430919367844439
2017-07-03,24.224672409098844,22.101144278607023,31.661502347417837,18.652582159624412,7.4368299383189935,-3.4485621189826112
2017-07-04,24.110865820153037,23.08350560629691,9.096713615023473,18.922535211267604,-15.014152205129564,-4.160970395029306
2017-07-05,24.95070245785996,23.17409494814484,23.8018779342723,19.449295774647887,-1.1488245235876597,-3.7247991734969546
2017-07-06,24.880118808940438,23.059182198460462,13.828638497652582,20.861032863849765,-11.051480311287856,-2.1981493346106973
2017-07-07,24.54692606618653,23.518315635751662,19.12676056338028,21.973239436619718,-5.420165502806249,-1.5450761991319446
2017-07-08,24.824149897279824,23.319616098611448,-4.156807511737089,20.842723004694836,-28.980957409016913,-2.476893093916612
2017-07-09,26.05793148684444,23.089758421821216,8.959154929577464,19.366197183098592,-17.098776557266973,-3.723561238722624
2017-07-10,24.161510853691823,22.16966634489245,21.353051643192487,21.598591549295776,-2.8084592104993362,-0.5710747955966724
2017-07-11,25.76859854954091,23.447838419841105,27.9,20.918779342723003,2.1314014504590872,-2.5290590771181023
2017-07-12,24.092499443083113,22.474354100146115,22.59906103286385,21.676525821596247,-1.4934384102192624,-0.7978282785498685
2017-07-13,25.28009356204052,22.45369273037801,19.207042253521127,19.887323943661972,-6.073051308519393,-2.566368786716037
2017-07-14,24.727776540184664,21.417355758520785,23.6,17.738028169014083,-1.1277765401846622,-3.679327589506702
2017-07-15,25.487699561892157,22.78970372020501,17.906103286384976,17.946478873239435,-7.581596275507181,-4.843224846965576
2017-07-16,24.872298952996232,23.598716863443997,28.43615023474178,17.92769953051643,3.563851281745549,-5.6710173329275655
2017-07-17,25.664500136135302,22.86861835103099,13.099999999999998,19.669014084507044,-12.564500136135305,-3.199604266523945
2017-07-18,25.078650033415045,22.737426301329265,19.41173708920188,18.231455399061034,-5.666912944213166,-4.505970902268231
2017-07-19,24.170517066409275,22.525316452563118,25.2981220657277,20.003286384976526,1.1276049993184252,-2.5220300675865914
2017-07-20,24.416053067993403,22.948648053266027,30.086384976525824,19.194835680751172,5.670331908532422,-3.7538123725148544
2017-07-21,25.55226628053765,24.120353209078985,27.009389671361504,20.69906103286385,1.4571233908238526,-3.421292176215136
2017-07-22,24.878677507982445,23.215891190812158,25.199999999999996,19.07136150234742,0.3213224920175506,-4.14452968846474
2017-07-23,24.765154080344587,23.239345808272105,1.4572769953051643,22.258215962441316,-23.307877085039422,-0.9811298458307895
2017-07-24,24.848518105987466,22.286321625702385,15.96807511737089,19.45399061032864,-8.880442988616576,-2.8323310153737467
2017-07-25,24.578075295165945,23.42642385089482,-0.6032863849765259,18.269953051643192,-25.18136168014247,-5.156470799251629
2017-07-26,23.8813524417713,22.44591841786098,5.29530516431925,20.981220657276996,-18.58604727745205,-1.4646977605839844
2017-07-27,24.888119848518613,22.998611420509462,16.742723004694835,21.51032863849765,-8.145396843823779,-1.4882827820118116
2017-07-28,25.07095814460041,22.890000000000043,20.838967136150234,20.56338028169014,-4.231991008450176,-2.326619718309903
2017-07-29,24.108664389495402,23.053586544887537,26.452112676056338,21.268544600938966,2.3434482865609354,-1.7850419439485705
2017-07-30,23.772522709833936,21.314164995915974,26.6,19.473239436619718,2.8274772901660654,-1.840925559296256
2017-07-31,23.473481844508797,22.250288606717618,12.512206572769953,18.75586854460094,-10.961275271738844,-3.494420062116678
2017-08-01,24.118450780921307,22.436906512215103,35.0924882629108,20.107981220657276,10.974037481989491,-2.3289252915578267
2017-08-02,24.770021534120417,23.017615900596525,24.284507042253523,20.3037558685446,-0.4855144918668941,-2.713860032051926
2017-08-03,25.88703076656526,23.372250191826936,28.25539906103286,20.399061032863848,2.3683682944676008,-2.9731891589630877
2017-08-04,27.876179797529744,22.728832949679486,29.866197183098592,20.242723004694835,1.9900173855688479,-2.4861099449846513
2017-08-05,25.68728521571245,23.193423182594472,23.70281690140845,21.97230046948357,-1.9844683143039994,-1.2211227131109013
2017-08-06,24.801254176876796,22.722141778668856,17.016901408450703,17.56431924882629,-7.784352768426093,-5.157822529842566
2017-08-07,23.66299596544644,22.34253879854458,28.699999999999996,20.62769953051643,5.037004034553554,-1.7148392680281503
2017-08-08,24.82302418256978,22.444821415311537,29.300000000000004,17.436150234741785,4.4769758174302225,-5.008671180569753
2017-08-09,25.504645429568598,22.334291725452374,26.656338028169014,19.72206572769953,1.151692598600416,-2.6122259977528444
2017-08-11,24.70152718992108,23.177306254795724,40.93849765258216,21.2056338028169,16.236970462661077,-1.9716724519788222
2017-08-12,24.230061632137847,23.114059305462774,24.809389671361505,18.27417840375587,0.5793280392236575,-4.8398809017069055
2017-08-13,24.471052449196804,22.930011880894085,41.74741784037559,20.126291079812205,17.276365391178786,-2.80372080108188
2017-08-14,24.086154798148584,23.064960025741982,34.61596244131455,19.550704225352113,10.529807643165967,-3.5142558003898685
2017-08-15,24.63158659439125,22.29687086953294,28.5924882629108,18.907981220657277,3.960901668519547,-3.3888896488756615
2017-08-16,24.775769411648298,23.46649043340517,35.80140845070422,20.289201877934275,11.025639039055925,-3.177288555470895
2017-08-17,24.961202445484105,22.628079998019814,26.63661971830986,16.653521126760563,1.6754172728257544,-5.9745588712592514
2017-08-18,24.721889062152,23.2789787381501,17.990610328638496,22.94694835680751,-6.731278733513506,-0.3320303813425909
2017-08-19,25.410385634019008,23.09555877329774,28.7868544600939,20.44647887323944,3.376468826074891,-2.6490799000583003
2017-08-20,25.70977129278981,23.82902972698696,23.29906103286385,21.37276995305164,-2.4107102599259598,-2.4562597739353187
2017-08-21,26.00348308210198,23.88297245117701,15.684976525821595,20.63943661971831,-10.318506556280385,-3.2435358314587006
2017-08-22,25.174855077844654,22.767106012227487,22.650704225352115,21.81643192488263,-2.5241508524925393,-0.9506740873448578
2017-08-23,24.364734783792585,22.655757035716988,5.44225352112676,22.138967136150235,-18.922481262665826,-0.5167898995667528
2017-08-24,25.240052968985992,23.034148659686707,-7.955399061032864,21.480281690140846,-33.195452030018856,-1.5538669695458616
2017-08-25,24.193352639786212,22.20320536620386,-4.0079812206572765,21.25539906103286,-28.20133386044349,-0.9478063051709995
2017-08-26,23.404015989703282,22.101503428132958,22.110328638497652,18.943661971830984,-1.2936873512056302,-3.1578414563019734
2017-08-27,24.74257790648744,22.22934283804858,34.48544600938967,18.602816901408453,9.742868102902229,-3.626525936640128
2017-08-28,24.803350659637147,23.245108289398843,25.600938967136152,19.923474178403755,0.7975883074990051,-3.321634110995088
2017-08-29,25.238210935372877,23.60072621964804,30.920657276995303,20.756807511737087,5.682446341622427,-2.8439187079109516
2017-08-30,25.544025642929682,23.42303358827752,35.65539906103287,20.438497652582157,10.111373418103184,-2.9845359356953622
2017-08-31,26.175087002797,23.486480532660153,38.828638497652584,20.73474178403756,12.653551494855584,-2.751738748622593
2017-09-01,26.068039900002532,22.81299175762979,25.1,21.315962441314554,-0.9680399000025304,-1.4970293163152348
2017-09-02,24.17978985668674,22.38698992599194,11.898591549295775,21.1924882629108,-12.281198307390964,-1.194501663081141
2017-09-03,23.060658399544593,21.414799881191072,27.699999999999996,18.111267605633802,4.639341600455403,-3.30353227555727
2017-09-04,25.022379644068224,21.74669290364102,18.99906103286385,18.1943661971831,-6.023318611204374,-3.5523267064579187
2017-09-05,24.403384322170268,22.967097349075516,37.14553990610329,17.805164319248828,12.74215558393302,-5.161933029826688
2017-09-06,23.911173485804852,23.28533254127376,8.661502347417839,20.26525821596244,-15.249671138387013,-3.0200743253113203
2017-09-07,25.15461894507564,22.993573178881718,15.394366197183098,21.473708920187793,-9.760252747892542,-1.519864258693925
2017-09-08,24.049456449097818,22.581048736417472,31.474178403755868,19.05586854460094,7.42472195465805,-3.5251801918165313
2017-09-09,25.11383851884858,22.767823321204958,12.268075117370891,19.69201877934272,-12.84576340147769,-3.0758045418622366
2017-09-10,25.76466721120761,23.145898368852386,32.86807511737089,21.374178403755867,7.103407906163284,-1.7717199650965192
2017-09-11,24.770913838766432,22.968126284002892,21.072769953051644,21.3943661971831,-3.6981438857147886,-1.5737600868197923
2017-09-12,25.610686121630636,23.19746144897408,55.087793427230054,18.9981220657277,29.477107305599418,-4.199339383246382
2017-09-13,25.224434296180846,23.367004034553645,61.21502347417841,23.120657276995303,35.99058917799756,-0.24634675755834223
2017-09-14,24.92281478181235,22.195160763347474,44.46431924882629,21.132863849765258,19.541504467013944,-1.062296913582216
2017-09-15,25.103902131135442,22.672295487735482,88.24178403755869,20.814553990610328,63.137881906423246,-1.8577414971251542
2017-09-16,24.192632855622435,23.031869260661892,31.27605633802817,19.97511737089202,7.083423482405735,-3.056751889769874
2017-09-17,24.943536546125188,23.31879681196017,72.30093896713615,20.487793427230045,47.35740242101096,-2.831003384730124
2017-09-18,25.22818024306332,22.485705056805557,45.59014084507042,20.926291079812206,20.361960602007102,-1.5594139769933513
2017-09-19,24.690723249424593,23.09219573772924,35.6150234741784,18.293427230046948,10.924300224753807,-4.7987685076822935
2017-09-20,25.213031360609932,23.04838642607865,31.5,19.58169014084507,6.286968639390068,-3.4666962852335814
2017-09-21,25.2818952501176,22.409192594242768,32.2,20.35211267605634,6.918104749882403,-2.057079918186428
2017-09-22,24.67041360362373,23.2484084552363,42.403286384976525,21.64882629107981,17.732872781352796,-1.599582164156491
2017-09-23,24.63265785500363,21.834847404767288,40.95352112676056,20.86244131455399,16.320863271756934,-0.9724060902132976
2017-09-24,25.2907286948344,22.331165565208835,60.71408450704226,20.395305164319247,35.42335581220786,-1.935860400889588
2017-09-25,24.88594044701864,23.254962253409587,33.7,20.158215962441314,8.814059552981362,-3.096746290968273
2017-09-26,25.313462043018774,23.29807356253565,35.8,20.935211267605634,10.486537956981223,-2.3628622949300144
2017-09-27,26.08248558204002,23.073498428256755,27.227230046948357,22.796713615023474,1.1447444649083351,-0.27678481323328086
2017-09-28,26.346123858320368,23.963543971683862,28.969953051643195,22.104694835680753,2.623829193322827,-1.8588491360031085
2017-09-29,25.869405460260907,23.8839971782877,34.4,22.495305164319248,8.530594539739091,-1.388692013968452
2017-09-30,26.489869557684244,23.642934085790046,38.40281690140845,23.079812206572768,11.912947343724205,-0.5631218792172774
2017-10-01,26.8196608994827,23.790484641469277,26.75492957746479,23.333333333333332,-0.06473132201790932,-0.45715130813594484
2017-10-02,27.25975767926542,23.867694116482255,45.98075117370892,22.03239436619718,18.720993494443498,-1.835299750285074
2017-10-03,27.94384223162797,24.27031682384103,21.5,25.056338028169016,-6.443842231627968,0.7860212043279873
2017-10-04,27.123912279399065,24.17574193708083,25.699999999999996,22.803286384976527,-1.4239122793990688,-1.3724555521043023
2017-10-05,25.919311155664445,22.748622806366257,40.30563380281691,22.50093896713615,14.386322647152461,-0.24768383923010617
2017-10-06,25.44476176332273,23.665837974307635,30.6,21.69201877934272,5.15523823667727,-1.9738191949649142
2017-10-07,26.229195564466295,23.294027375560006,29.4,19.828169014084505,3.1708044355337037,-3.465858361475501
2017-10-08,25.70239573277894,23.363464270686336,-9.407511737089203,21.706103286384973,-35.10990746986814,-1.6573609843013628
2017-10-09,25.67920274250639,23.202177668869638,-3.988732394366197,21.533802816901407,-29.667935136872586,-1.668374851968231
2017-10-10,25.973438033712057,24.06274027870603,-6.461971830985916,22.646948356807513,-32.435409864697974,-1.415791921898517
2017-10-11,26.463318234697226,24.106200341575743,39.48215962441315,21.420657276995307,13.018841389715924,-2.685543064580436
2017-10-12,26.75824781564819,23.732724437513923,45.89530516431925,22.495774647887327,19.137057348671057,-1.2369497896265962
2017-10-13,26.35253038291131,23.346702556867456,46.22112676056338,21.572769953051644,19.868596377652068,-1.7739326038158119
2017-10-14,26.347838667359724,23.17938367862189,38.68356807511737,22.864788732394366,12.335729407757647,-0.3145949462275226
2017-10-15,27.35104081582142,24.266391425954794,38.8,22.598591549295776,11.448959184178577,-1.6677998766590179
2017-10-16,26.300469047795843,24.509373530358232,27.24460093896714,24.798591549295775,0.9441318911712955,0.28921801893754306
2017-10-17,25.113986534986793,23.66838271329914,18.72018779342723,22.146478873239435,-6.393798741559564,-1.5219038400597036
2017-10-18,24.922402415781846,22.372211826440036,12.345539906103285,21.24600938967136,-12.576862509678561,-1.1262024367686756
2017-10-19,26.361935100616392,24.639233434815992,26.164788732394367,23.843661971830986,-0.19714636822202536,-0.7955714629850057
2017-10-20,27.51784683547436,24.664990470532928,27.56431924882629,24.209389671361503,0.04647241335193186,-0.4556007991714246
2017-10-21,27.37612880869284,24.585802579144115,21.15680751173709,24.037558685446008,-6.219321296955751,-0.5482438936981069
2017-10-22,28.167849063142057,24.517822331130446,24.145539906103288,24.44976525821596,-4.0223091570387695,-0.0680570729144847
2017-10-23,27.46008044355341,24.4954407069132,26.199999999999996,22.73427230046948,-1.260080443553413,-1.7611684064437192
2017-10-24,26.8053659562882,24.696410979926327,20.52394366197183,22.845070422535212,-6.281422294316368,-1.851340557391115
2017-10-25,26.978035444667285,24.448707952773418,28.5,23.859624413145543,1.5219645553327155,-0.5890835396278753
2017-10-26,26.695227593376444,24.570623746936974,20.58169014084507,22.012206572769955,-6.113537452531375,-2.558417174167019
2017-10-27,27.38807925546405,24.615991683374148,26.196713615023473,23.81924882629108,-1.1913656404405764,-0.7967428570830677
2017-10-28,28.634315239721843,24.2814962500928,22.1981220657277,23.221596244131455,-6.436193173994145,-1.059900005961346
2017-10-29,29.18277245612734,24.66487933466999,24.85211267605634,23.83661971830986,-4.330659780070999,-0.8282596163601319
2017-10-30,28.216398603994946,24.723395708027,22.300000000000004,23.417370892018777,-5.916398603994942,-1.3060248160082217
2017-10-31,29.21095566941409,24.731146506274627,22.18075117370892,24.537089201877933,-7.030204495705171,-0.19405730439669355
2017-11-01,29.683328382960838,25.10735773866992,23.23333333333333,21.882159624413145,-6.449995049627507,-3.2251981142567736
2017-11-02,27.480653449172053,24.73509665602336,15.745539906103287,22.640845070422536,-11.735113543068765,-2.094251585600823
2017-11-03,25.196746615182803,24.020295042202008,27.537089201877937,23.504694835680752,2.340342586695133,-0.5156002065212562
2017-11-04,26.575246157273398,24.02548303259823,29.01830985915493,23.13802816901408,2.443063701881531,-0.8874548635841499
2017-11-05,27.70327021608381,24.115091210613627,28.699999999999996,23.281220657276993,0.9967297839161873,-0.8338705533366344
2017-11-06,28.156929283928662,24.780664092473046,27.23286384976526,21.530516431924884,-0.9240654341634027,-3.250147660548162
2017-11-07,27.912635330808712,24.82736021385614,27.065727699530516,22.242253521126763,-0.8469076312781958,-2.5851066927293758
2017-11-09,26.986965669166636,24.208164154352687,27.199999999999996,22.22957746478873,0.21303433083335932,-1.978586689563958
2017-11-10,27.493567733471934,24.427571594762526,35.2,24.01455399061033,7.7064322665280685,-0.4130176041521949
2017-11-11,29.417311452686818,24.572644984035094,28.300000000000004,22.587793427230046,-1.1173114526868133,-1.9848515568050473
2017-11-12,30.71467463676646,25.03775673869461,25.9,22.900469483568077,-4.814674636766462,-2.137287255126534
2017-11-13,28.80566545382544,25.74093562040548,46.70516431924883,22.4056338028169,17.89949886542339,-3.3353018175885794
2017-11-14,27.52994480334644,25.509229722036594,24.63802816901409,22.375586854460092,-2.8919166343323504,-3.1336428675765013
2017-11-15,26.91690774980816,25.179606445385048,40.16150234741784,22.07464788732394,13.244594597609677,-3.1049585580611065
2017-11-16,27.349956189203283,24.156275834756627,23.996713615023474,21.77652582159624,-3.3532425741798093,-2.379750013160386
2017-11-17,27.31651271008144,23.759935645157327,35.4,22.26525821596244,8.083487289918558,-1.494677429194887
2017-11-18,27.964759535655105,24.249005965198933,38.1,21.827699530516433,10.135240464344896,-2.4213064346824993
2017-11-19,28.51115690205694,24.802770228459735,41.57323943661972,23.593896713615024,13.062082534562784,-1.2088735148447114
2017-11-20,28.824885027598384,25.117270117076316,45.641784037558686,23.10281690140845,16.816899009960302,-2.014453215667867
2017-11-21,28.585015222395555,25.003617732234318,34.6,24.110328638497652,6.014984777604447,-0.8932890937366658
2017-11-22,29.124308804237558,24.60876438702013,29.41361502347418,23.57793427230047,0.2893062192366216,-1.0308301147196595
2017-11-23,29.536314200143636,25.09603994950629,29.300000000000004,23.52488262910798,-0.23631420014363158,-1.57115732039831
2017-11-24,27.582729387886445,25.063356352565506,31.538028169014087,22.612676056338028,3.9552987811276417,-2.4506802962274783
2017-11-25,26.44826984480585,23.886623845944484,15.476525821596244,23.99342723004695,-10.971744023209606,0.10680338410246648
2017-11-26,27.68492636320883,24.56440211875946,4.240845070422535,23.75868544600939,-23.444081292786297,-0.8057166727500693
2017-11-27,27.95273904111292,25.097543872676454,31.0,23.878403755868547,3.0472609588870796,-1.2191401168079068
2017-11-28,28.56040791069529,24.979511398232773,30.9,25.342253521126757,2.339592089304709,0.3627421228939838
2017-11-29,28.97551719016866,24.924700378703562,14.030516431924882,23.370892018779344,-14.945000758243777,-1.5538083599242185
2017-11-30,29.12987698324298,25.160243558327863,19.896244131455397,25.501408450704226,-9.233632851787583,0.34116489237636216
2017-12-01,29.829653968961168,25.616241677186224,24.388732394366198,24.12300469483568,-5.44092157459497,-1.4932369823505454
2017-12-02,29.588961164327657,25.58791960595039,23.124413145539908,24.598591549295776,-6.464548018787749,-0.9893280566546139
2017-12-03,29.581177446102856,25.71513502141039,25.068075117370892,23.047887323943662,-4.513102328731964,-2.6672476974667276
2017-12-04,30.366773347194396,25.400469542833093,32.665727699530514,24.27042253521127,2.298954352336118,-1.1300470076218225
2017-12-05,30.655544912254697,25.5549622534096,33.661502347417844,24.05352112676056,3.005957435163147,-1.5014411266490377
2017-12-06,29.3888693349175,25.484651122496984,36.576995305164324,22.701408450704225,7.188125970246823,-2.7832426717927596
2017-12-07,29.106136976807534,25.553512784337045,17.9,23.62816901408451,-11.206136976807535,-1.9253437702525353
2017-12-08,30.277557981238147,25.579735155070466,26.530516431924884,22.536150234741783,-3.7470415493132627,-3.0435849203286836
2017-12-09,31.96517487190914,25.951510853691786,20.0,24.186384976525822,-11.965174871909142,-1.7651258771659641
2017-12-10,27.27429915101112,25.031814559045586,20.389671361502348,24.291079812206572,-6.884627789508773,-0.7407347468390135
2017-12-11,30.13193881339572,25.85841538575778,26.4,24.134272300469487,-3.731938813395722,-1.7241430852882935
2017-12-12,29.184885522635625,25.6931147743868,22.068544600938967,23.439906103286383,-7.116340921696658,-2.253208671100417
2017-12-13,28.438075295166016,25.836766664191487,12.75492957746479,22.65962441314554,-15.683145717701226,-3.1771422510459466
2017-12-14,28.455718670329986,25.456413455112568,16.35258215962441,22.899530516431927,-12.103136510705575,-2.5568829386806406
2017-12-15,27.816303556842627,24.469735402589038,17.941314553990612,20.422535211267604,-9.874989002852015,-4.0472001913214335
2017-12-16,27.383427637929742,25.232426425088534,21.45492957746479,23.845539906103287,-5.928498060464953,-1.3868865189852464
2017-12-17,26.548902007376057,24.29971807628533,25.720657276995304,23.279342723004696,-0.828244730380753,-1.0203753532806346
2017-12-18,26.705896141184667,24.17023167743372,24.333333333333332,23.452112676056338,-2.3725628078513346,-0.7181190013773815
2017-12-19,27.252296230291336,24.76494121432637,18.674178403755867,22.45399061032864,-8.578117826535468,-2.310950603997732
2017-12-20,27.126754783297486,24.54262171728425,27.870892018779344,22.950234741784037,0.7441372354818583,-1.5923869755002116
2017-12-21,27.762111333877897,24.597569367094934,25.9,22.873708920187795,-1.8621113338778983,-1.723860446907139
2017-12-22,28.294047672087345,25.403904606321646,27.261971830985917,22.980281690140846,-1.0320758411014275,-2.4236229161808005
2017-12-23,28.059297294621445,25.368037919853464,26.09577464788733,23.526760563380282,-1.9635226467341163,-1.8412773564731815
2017-12-24,28.742666270636846,25.56588401277196,23.78075117370892,22.40093896713615,-4.961915096927925,-3.164945045635811
2017-12-25,29.767936437216918,25.605707779510396,15.919718309859155,21.601877934272302,-13.848218127357763,-4.003829845238094
2017-12-26,29.33610554194206,25.76511992277426,13.339906103286385,20.645070422535213,-15.996199438655676,-5.120049500239048
2017-12-27,29.18978416375836,25.96967896834235,3.062910798122066,22.23098591549296,-26.126873365636296,-3.738693052849392
2017-12-28,29.534825128090915,25.837364669191345,7.675117370892019,26.311267605633805,-21.859707757198898,0.4739029364424603
2017-12-29,29.047240167322627,26.06675082299944,23.699999999999996,23.251173708920188,-5.3472401673226315,-2.8155771140792503
2017-12-30,29.477373332343348,25.910662359842604,27.31267605633803,22.216901408450703,-2.1646972760053167,-3.6937609513919014
